id,wid,nama,nm_project,deskripsi_project,iddesa,latitude,longitude,accuracy,status,kode_kategori,kategori_landmark,kode_landmark_tipe,tipe_landmark,user_created_at,user_upload_at,user_creator_nama,photo_url,nama_krt,jumlah_art_tani,subsektor
63826885,3NU4L3,25,700,banjar.Tiyingan,5103060006,-8.2931557069196,115.2126199007,1.5,1,170,Bangunan,170100,Bangunan Berpenghuni,2023-06-07 17:22:55,2023-06-07 16:23:41,i komang adi darmawan,https://wilkerstat.bps.go.id/api/landmark/63826885/photo,I NYOMAN DOA YADNYA ,1,[3]
63899414,3NW57W,24,700,banjar.Tiyingan,5103060006,-8.2928076798749,115.21241303533,3.5,1,170,Bangunan,170100,Bangunan Berpenghuni,2023-06-07 17:25:22,2023-06-07 18:31:42,i komang adi darmawan,https://wilkerstat.bps.go.id/api/landmark/63899414/photo,I MADE NGAJA,1,[3]
63904980,3NWBBL,2,700,banjar.Tiyingan,5103060006,-8.2930598594248,115.21247891709,5.5,1,170,Bangunan,170100,Bangunan Berpenghuni,2023-06-07 19:32:42,2023-06-07 18:42:00,i komang adi darmawan,https://wilkerstat.bps.go.id/api/landmark/63904980/photo,I GEDE PUJAWAN,1,"[3, 4]"
63906366,3NWCKL,3,700,banjar.Tiyingan,5103060006,-8.293200256303,115.21250045858,5.5,1,170,Bangunan,170100,Bangunan Berpenghuni,2023-06-07 19:42:45,2023-06-07 18:44:26,i komang adi darmawan,https://wilkerstat.bps.go.id/api/landmark/63906366/photo,I NYOMAN PASEK ARTAWAN,1,"[3, 4]"
64442436,3OE9T5,10,700,banjar.Tiyingan,5103060006,-8.2930833810196,115.21283447742,4.5,1,170,Bangunan,170100,Bangunan Berpenghuni,2023-06-08 19:30:04,2023-06-08 18:31:10,i komang adi darmawan,https://wilkerstat.bps.go.id/api/landmark/64442436/photo,I MADE TAWI,1,"[2, 3, 4]"
64443023,3OEADW,11,700,banjar.Tiyingan,5103060006,-8.2930372649571,115.21290823817,3.0,1,170,Bangunan,170100,Bangunan Berpenghuni,2023-06-08 19:32:20,2023-06-08 18:32:28,i komang adi darmawan,https://wilkerstat.bps.go.id/api/landmark/64443023/photo,I WAYAN BUDIASA,1,[3]
64446531,3OEDL9,6,700,banjar.Tiyingan,5103060006,-8.2931797625497,115.21291133948,5.0,1,170,Bangunan,170100,Bangunan Berpenghuni,2023-06-08 19:37:34,2023-06-08 18:39:23,i komang adi darmawan,https://wilkerstat.bps.go.id/api/landmark/64446531/photo,I MADE MURKA,1,[3]
64446534,3OEDLC,5,700,banjar.Tiyingan,5103060006,-8.2930959882875,115.2129246667,4.0,1,170,Bangunan,170100,Bangunan Berpenghuni,2023-06-08 19:38:56,2023-06-08 18:39:23,i komang adi darmawan,https://wilkerstat.bps.go.id/api/landmark/64446534/photo,I KOMANG BIRAWAN,1,"[2, 3]"
64456869,3OEN3I,8,700,banjar.Tiyingan,5103060006,-8.2931443490088,115.21293472499,5.0,1,170,Bangunan,170100,Bangunan Berpenghuni,2023-06-08 19:56:57,2023-06-08 18:59:24,i komang adi darmawan,https://wilkerstat.bps.go.id/api/landmark/64456869/photo,I NYOMAN GABUNG,1,"[2, 3]"
64456878,3OEN3R,7,700,banjar.Tiyingan,5103060006,-8.2931719636568,115.21298501641,4.5,1,170,Bangunan,170100,Bangunan Berpenghuni,2023-06-08 19:59:12,2023-06-08 18:59:25,i komang adi darmawan,https://wilkerstat.bps.go.id/api/landmark/64456878/photo,I WAYAN BUDIANA,1,"[3, 4]"
64458324,3OEOFL,15,700,banjar.Tiyingan,5103060006,-8.293006078552,115.21300077438,4.0,1,170,Bangunan,170100,Bangunan Berpenghuni,2023-06-08 20:01:36,2023-06-08 19:01:51,i komang adi darmawan,https://wilkerstat.bps.go.id/api/landmark/64458324/photo,I NYOMAN RIBU,1,[4]
64468763,3OEXYW,9,700,banjar.Tiyingan,5103060006,-8.2931314876977,115.21283011883,4.0,1,170,Bangunan,170100,Bangunan Berpenghuni,2023-06-08 20:21:11,2023-06-08 19:21:40,i komang adi darmawan,https://wilkerstat.bps.go.id/api/landmark/64468763/photo,I NYOMAN SUETA,1,"[3, 4]"
64478547,3OF9YF,41,700,banjar.Tiyingan,5103060006,-8.291935720481,115.21263917908,5.0,1,170,Bangunan,170100,Bangunan Berpenghuni,2023-06-08 20:39:14,2023-06-08 19:39:59,i komang adi darmawan,https://wilkerstat.bps.go.id/api/landmark/64478547/photo,I WAYAN SERAYA,1,"[2, 3, 4]"
65018023,3OUAE7,13,700,banjar.Tiyingan,5103060006,-8.2928979214261,115.21276440471,5.0,1,170,Bangunan,170100,Bangunan Berpenghuni,2023-06-09 19:55:41,2023-06-09 19:39:42,i komang adi darmawan,https://wilkerstat.bps.go.id/api/landmark/65018023/photo,I MADE GEMUH,1,"[2, 3, 4]"
65018026,3OUAEA,14,700,banjar.Tiyingan,5103060006,-8.2925185980275,115.21275920793,8.0,1,170,Bangunan,170100,Bangunan Berpenghuni,2023-06-09 20:38:45,2023-06-09 19:39:42,i komang adi darmawan,https://wilkerstat.bps.go.id/api/landmark/65018026/photo,I KETUT TIRTA,1,"[2, 3, 4]"
65018028,3OUAEC,40,700,banjar.Tiyingan,5103060006,-8.2926792846909,115.21280262619,7.0,1,170,Bangunan,170100,Bangunan Berpenghuni,2023-06-09 20:39:34,2023-06-09 19:39:43,i komang adi darmawan,https://wilkerstat.bps.go.id/api/landmark/65018028/photo,I KETUT GEDE PUJA,1,"[2, 3, 4]"
65322824,3P4QAK,66,700,banjar.Tiyingan,5103060006,-8.2892524116907,115.2122477442,5.5,1,170,Bangunan,170100,Bangunan Berpenghuni,2023-06-10 12:28:15,2023-06-10 12:23:55,i komang adi darmawan,https://wilkerstat.bps.go.id/api/landmark/65322824/photo,I NYOMAN SUARMA,1,"[2, 3, 4]"
65322828,3P4QAO,42,700,banjar.Tiyingan,5103060006,-8.2920376399134,115.21245293319,6.0,1,170,Bangunan,170100,Bangunan Berpenghuni,2023-06-10 13:23:34,2023-06-10 12:23:55,i komang adi darmawan,https://wilkerstat.bps.go.id/api/landmark/65322828/photo,I MADE PUGEG,1,"[2, 4]"
65336689,3P54YP,36,700,banjar.Tiyingan,5103060006,-8.2921790890396,115.212334916,4.5,1,170,Bangunan,170100,Bangunan Berpenghuni,2023-06-10 13:31:58,2023-06-10 12:51:04,i komang adi darmawan,https://wilkerstat.bps.go.id/api/landmark/65336689/photo,I WAYAN WARGA ANTARA,1,"[2, 3, 4]"
70079953,3T54LY,26,700,banjar.Tiyingan,5103060006,-8.2928447378799,115.21233365871,4.0,1,170,Bangunan,170100,Bangunan Berpenghuni,2023-06-17 19:52:59,2023-06-17 18:55:28,i komang adi darmawan,https://wilkerstat.bps.go.id/api/landmark/70079953/photo,I MADE PUTRA SUBAKTI,1,"[2, 3, 4]"
70079955,3T54M2,23,700,banjar.Tiyingan,5103060006,-8.2929689576849,115.2123604808,3.0,1,170,Bangunan,170100,Bangunan Berpenghuni,2023-06-17 19:55:20,2023-06-17 18:55:28,i komang adi darmawan,https://wilkerstat.bps.go.id/api/landmark/70079955/photo,I GEDE SUEKA PUTRA,1,"[3, 4]"
70106271,3T5TRI,21,700,banjar.Tiyingan,5103060006,-8.2927447836846,115.21304536611,4.5,1,170,Bangunan,170100,Bangunan Berpenghuni,2023-06-17 20:23:55,2023-06-17 19:31:42,i komang adi darmawan,https://wilkerstat.bps.go.id/api/landmark/70106271/photo,I WAYAN TUMBUH,1,"[3, 4]"
70115295,3T742X,19,700,banjar.Tiyingan,5103060006,-8.2927510282025,115.21300295368,3.5,1,170,Bangunan,170100,Bangunan Berpenghuni,2023-06-17 20:42:31,2023-06-17 19:44:36,i komang adi darmawan,https://wilkerstat.bps.go.id/api/landmark/70115295/photo,I MADE LAIN,1,"[3, 4]"
70115296,3T742Y,18,700,banjar.Tiyingan,5103060006,-8.2927978830412,115.21296104416,4.0,1,170,Bangunan,170100,Bangunan Berpenghuni,2023-06-17 20:43:58,2023-06-17 19:44:36,i komang adi darmawan,https://wilkerstat.bps.go.id/api/landmark/70115296/photo,I WAYAN UMBARA YASA,1,"[3, 4]"
70139738,3T7RIN,47,700,banjar.Tiyingan,5103060006,-8.2916525378823,115.21230733953,4.0,1,170,Bangunan,170100,Bangunan Berpenghuni,2023-06-17 21:10:29,2023-06-17 20:20:22,i komang adi darmawan,https://wilkerstat.bps.go.id/api/landmark/70139738/photo,I KETUT JIWA,1,"[2, 3, 4]"
70139744,3T7RIT,50,700,banjar.Tiyingan,5103060006,-8.2917002309114,115.21252820268,8.5,1,170,Bangunan,170100,Bangunan Berpenghuni,2023-06-17 21:20:14,2023-06-17 20:20:22,i komang adi darmawan,https://wilkerstat.bps.go.id/api/landmark/70139744/photo,I KADEK SURATA,1,"[2, 3, 4]"
72746280,3VEBZR,59,700,banjar.Tiyingan,5103060006,-8.2911773565182,115.21218404174,6.0,1,170,Bangunan,170100,Bangunan Berpenghuni,2023-06-21 19:51:34,2023-06-21 18:52:18,i komang adi darmawan,https://wilkerstat.bps.go.id/api/landmark/72746280/photo,I KETUT KARJA,1,"[2, 3, 4]"
72766497,3VEULF,16,700,banjar.Tiyingan,5103060006,-8.2927339710295,115.21287177689,7.0,1,170,Bangunan,170100,Bangunan Berpenghuni,2023-06-21 20:10:00,2023-06-21 19:19:40,i komang adi darmawan,https://wilkerstat.bps.go.id/api/landmark/72766497/photo,I KETUT NARASUTA,1,"[3, 4]"
72766508,3VEULQ,17,700,banjar.Tiyingan,5103060006,-8.2927846396342,115.21289499477,7.0,1,170,Bangunan,170100,Bangunan Berpenghuni,2023-06-21 20:19:23,2023-06-21 19:19:40,i komang adi darmawan,https://wilkerstat.bps.go.id/api/landmark/72766508/photo,I MADE TARKA,1,"[3, 4]"
73247700,3VSAHC,1,700,banjar.Tiyingan,5103060006,-8.2931066049339,115.21230105311,8.5,1,170,Bangunan,170100,Bangunan Berpenghuni,2023-06-22 15:20:21,2023-06-22 14:20:44,i komang adi darmawan,https://wilkerstat.bps.go.id/api/landmark/73247700/photo,I WAYAN SUTAMA,1,"[3, 4]"
73446216,3VXRQX,64,700,banjar.Tiyingan,5103060006,-8.290551030077,115.21164131351,6.5,1,170,Bangunan,170100,Bangunan Berpenghuni,2023-06-22 19:32:20,2023-06-22 18:32:46,i komang adi darmawan,https://wilkerstat.bps.go.id/api/landmark/73446216/photo,I MADE WEDA,1,"[2, 3, 4]"
73447998,3VXTEX,99,700,banjar.Tiyingan,5103060006,-8.2910688671171,115.21215688437,3.5,1,170,Bangunan,170100,Bangunan Berpenghuni,2023-06-22 19:34:42,2023-06-22 18:34:58,i komang adi darmawan,https://wilkerstat.bps.go.id/api/landmark/73447998/photo,I WAYAN BUDASTRA,1,"[2, 3, 4]"
73454879,3VXZPH,56,700,banjar.Tiyingan,5103060006,-8.2912958879024,115.21225981414,4.0,1,170,Bangunan,170100,Bangunan Berpenghuni,2023-06-22 19:44:07,2023-06-22 18:44:14,i komang adi darmawan,https://wilkerstat.bps.go.id/api/landmark/73454879/photo,I NYOMAN AGUS  SETIAWAN,1,"[2, 3, 4]"
73466731,3VYDLM,55,700,banjar.Tiyingan,5103060006,-8.291379737278,115.21276574582,8.0,1,170,Bangunan,170100,Bangunan Berpenghuni,2023-06-22 19:59:18,2023-06-22 18:59:59,i komang adi darmawan,https://wilkerstat.bps.go.id/api/landmark/73466731/photo,I PUTU JUANA,1,"[2, 3, 4]"
73478076,3VYNZF,54,700,banjar.Tiyingan,5103060006,-8.2913239253685,115.21262409166,3.0,1,170,Bangunan,170100,Bangunan Berpenghuni,2023-06-22 20:15:07,2023-06-22 19:15:22,i komang adi darmawan,https://wilkerstat.bps.go.id/api/landmark/73478076/photo,I MADE MASTRA,1,"[2, 3, 4]"
73500103,3VZB9V,53,700,banjar.Tiyingan,5103060006,-8.2914265170781,115.21244119853,4.0,1,170,Bangunan,170100,Bangunan Berpenghuni,2023-06-22 20:45:09,2023-06-22 19:45:19,i komang adi darmawan,https://wilkerstat.bps.go.id/api/landmark/73500103/photo,I WAYAN WIRTA,1,"[2, 3]"
74126239,3WJP8P,51,700,banjar.Tiyingan,5103060006,-8.2917294244436,115.21265409887,4.0,1,170,Bangunan,170100,Bangunan Berpenghuni,2023-06-23 19:16:12,2023-06-23 18:21:27,i komang adi darmawan,https://wilkerstat.bps.go.id/api/landmark/74126239/photo,I NYOMAN MURJA,1,"[2, 3, 4]"
74135007,3WJXAF,49,700,banjar.Tiyingan,5103060006,-8.2917002285632,115.21258100867,5.5,1,170,Bangunan,170100,Bangunan Berpenghuni,2023-06-23 19:33:31,2023-06-23 18:33:47,i komang adi darmawan,https://wilkerstat.bps.go.id/api/landmark/74135007/photo,I WAYAN KANTUN ,1,[2]
74142084,3WK5QU,52,700,banjar.Tiyingan,5103060006,-8.291629893024,115.21269500256,4.5,1,170,Bangunan,170100,Bangunan Berpenghuni,2023-06-23 19:43:08,2023-06-23 18:43:25,i komang adi darmawan,https://wilkerstat.bps.go.id/api/landmark/74142084/photo,I MADE WINDRA,2,"[2, 3, 4]"
74154862,3WKII3,33,700,banjar.Tiyingan,5103060006,-8.2921869368786,115.21263666451,5.0,1,170,Bangunan,170100,Bangunan Berpenghuni,2023-06-23 19:59:49,2023-06-23 19:01:13,i komang adi darmawan,https://wilkerstat.bps.go.id/api/landmark/74154862/photo,I NYOMAN SUKA,1,"[2, 3, 4]"
74154867,3WKII9,32,700,banjar.Tiyingan,5103060006,-8.2921345170617,115.21260514855,5.0,1,170,Bangunan,170100,Bangunan Berpenghuni,2023-06-23 20:00:45,2023-06-23 19:01:13,i komang adi darmawan,https://wilkerstat.bps.go.id/api/landmark/74154867/photo,I KETUT NGARDI,1,"[2, 3, 4]"
74791780,3X49DM,58,700,banjar.Tiyingan,5103060006,-8.2912125298753,115.21171247587,5.5,1,170,Bangunan,170100,Bangunan Berpenghuni,2023-06-24 19:27:48,2023-06-24 18:30:54,i komang adi darmawan,https://wilkerstat.bps.go.id/api/landmark/74791780/photo,I DEWA NYOMAN DANA,1,"[2, 3, 4]"
74791785,3X49DR,74,700,banjar.Tiyingan,5103060006,-8.2912834826857,115.21176385693,7.0,1,170,Bangunan,170100,Bangunan Berpenghuni,2023-06-24 19:30:29,2023-06-24 18:30:54,i komang adi darmawan,https://wilkerstat.bps.go.id/api/landmark/74791785/photo,I DEWA KETUT DARMA,1,"[3, 4]"
74835222,3X5GA2,57,700,banjar.Tiyingan,5103060006,-8.2913577044383,115.21161809564,10.5,1,170,Bangunan,170100,Bangunan Berpenghuni,2023-06-24 19:41:02,2023-06-24 19:35:17,i komang adi darmawan,https://wilkerstat.bps.go.id/api/landmark/74835222/photo,I GUSTI NGURAH PUTRA ARIAWAN,1,"[2, 3, 4]"
74835228,3X5GA9,63,700,banjar.Tiyingan,5103060006,-8.2915505720302,115.21158934571,3.5,1,170,Bangunan,170100,Bangunan Berpenghuni,2023-06-24 19:48:55,2023-06-24 19:35:17,i komang adi darmawan,https://wilkerstat.bps.go.id/api/landmark/74835228/photo,I PUTU ALIT SUDI SANTIKA,1,"[2, 4]"
74835233,3X5GAE,62,700,banjar.Tiyingan,5103060006,-8.2913566986099,115.21140377037,5.0,1,170,Bangunan,170100,Bangunan Berpenghuni,2023-06-24 19:54:35,2023-06-24 19:35:17,i komang adi darmawan,https://wilkerstat.bps.go.id/api/landmark/74835233/photo,I MADE YASA,1,"[2, 3, 4]"
74835242,3X5GAN,61,700,banjar.Tiyingan,5103060006,-8.2912080874667,115.21182923578,5.5,1,170,Bangunan,170100,Bangunan Berpenghuni,2023-06-24 20:17:18,2023-06-24 19:35:18,i komang adi darmawan,https://wilkerstat.bps.go.id/api/landmark/74835242/photo,I KETUT CANDRA ,1,"[2, 3, 4]"
74835248,3X5GAT,35,700,banjar.Tiyingan,5103060006,-8.2920376863331,115.21265309304,8.0,1,170,Bangunan,170100,Bangunan Berpenghuni,2023-06-24 20:26:16,2023-06-24 19:35:18,i komang adi darmawan,https://wilkerstat.bps.go.id/api/landmark/74835248/photo,I NYOMAN JANJI YASA,1,"[2, 3, 4]"
74835254,3X5GAZ,34,700,banjar.Tiyingan,5103060006,-8.2922419114038,115.21256432869,5.0,1,170,Bangunan,170100,Bangunan Berpenghuni,2023-06-24 20:35:07,2023-06-24 19:35:18,i komang adi darmawan,https://wilkerstat.bps.go.id/api/landmark/74835254/photo,I WAYAN JANTENG ,1,"[2, 3, 4]"
74874772,3X7JKJ,48,700,banjar.Tiyingan,5103060006,-8.2917119655758,115.21238361485,8.5,1,170,Bangunan,170100,Bangunan Berpenghuni,2023-06-24 21:27:55,2023-06-24 20:31:25,i komang adi darmawan,https://wilkerstat.bps.go.id/api/landmark/74874772/photo,I KOMANG WETA,1,"[2, 3, 4]"
74874779,3X7JKQ,46,700,banjar.Tiyingan,5103060006,-8.2918148115277,115.21242753603,7.5,1,170,Bangunan,170100,Bangunan Berpenghuni,2023-06-24 21:31:07,2023-06-24 20:31:25,i komang adi darmawan,https://wilkerstat.bps.go.id/api/landmark/74874779/photo,I WAYAN SUTAWAN ,1,"[2, 3, 4]"
74882371,3X7QJS,81,700,banjar.Tiyingan,5103060006,-8.2917584851384,115.21235394292,6.0,1,170,Bangunan,170100,Bangunan Berpenghuni,2023-06-24 21:42:23,2023-06-24 20:42:34,i komang adi darmawan,https://wilkerstat.bps.go.id/api/landmark/74882371/photo,I MADE DANTA,1,"[2, 3, 4]"
75400765,3XM7KP,78,700,banjar.Tiyingan,5103060006,-8.2915429864079,115.21212050691,4.5,1,170,Bangunan,170100,Bangunan Berpenghuni,2023-06-25 19:21:39,2023-06-25 18:23:38,i komang adi darmawan,https://wilkerstat.bps.go.id/api/landmark/75400765/photo,I GUSTI NYOMAN RAI,1,"[2, 3, 4]"
75400770,3XM7KU,68,700,banjar.Tiyingan,5103060006,-8.2915834450195,115.21231111139,5.5,1,170,Bangunan,170100,Bangunan Berpenghuni,2023-06-25 19:23:06,2023-06-25 18:23:38,i komang adi darmawan,https://wilkerstat.bps.go.id/api/landmark/75400770/photo,I MADE ARYAWAN,1,"[2, 3, 4]"
75430775,3XMZ54,27,700,banjar.Tiyingan,5103060006,-8.2925069052726,115.2126648277,5.5,1,170,Bangunan,170100,Bangunan Berpenghuni,2023-06-25 19:39:50,2023-06-25 19:08:04,i komang adi darmawan,https://wilkerstat.bps.go.id/api/landmark/75430775/photo,I NYOMAN PUTRAWAN,1,"[2, 3, 4]"
75430778,3XMZ58,37,700,banjar.Tiyingan,5103060006,-8.2921148417518,115.2121750731,4.0,1,170,Bangunan,170100,Bangunan Berpenghuni,2023-06-25 20:06:21,2023-06-25 19:08:04,i komang adi darmawan,https://wilkerstat.bps.go.id/api/landmark/75430778/photo,I KADEK BAJRA ASTAWA,1,"[2, 3, 4]"
75430782,3XMZ5C,39,700,banjar.Tiyingan,5103060006,-8.2922386931466,115.21221186966,4.0,1,170,Bangunan,170100,Bangunan Berpenghuni,2023-06-25 20:07:51,2023-06-25 19:08:04,i komang adi darmawan,https://wilkerstat.bps.go.id/api/landmark/75430782/photo,I MADE JUWITA,1,"[2, 3, 4]"
75443031,3XNDEI,38,700,banjar.Tiyingan,5103060006,-8.2920900597432,115.21226786077,6.5,1,170,Bangunan,170100,Bangunan Berpenghuni,2023-06-25 20:26:06,2023-06-25 19:26:56,i komang adi darmawan,https://wilkerstat.bps.go.id/api/landmark/75443031/photo,I WAYAN MARTANA,1,"[3, 4]"
76007688,3Y52VC,45,700,banjar.Tiyingan,5103060006,-8.2917112112045,115.21203157492,4.0,1,170,Bangunan,170100,Bangunan Berpenghuni,2023-06-26 19:12:04,2023-06-26 18:12:11,i komang adi darmawan,https://wilkerstat.bps.go.id/api/landmark/76007688/photo,SANG NYOMAN PUTRA,1,"[4, 5]"
76022441,3Y5HGE,44,700,banjar.Tiyingan,5103060006,-8.2919849222526,115.21224045195,7.0,1,170,Bangunan,170100,Bangunan Berpenghuni,2023-06-26 19:37:08,2023-06-26 18:37:20,i komang adi darmawan,https://wilkerstat.bps.go.id/api/landmark/76022441/photo,I MADE SUPARTAYASA,1,"[2, 3, 4]"
76030141,3Y5OIP,77,700,banjar.Tiyingan,5103060006,-8.2919938461262,115.21213877946,8.0,1,170,Bangunan,170100,Bangunan Berpenghuni,2023-06-26 19:49:09,2023-06-26 18:49:19,i komang adi darmawan,https://wilkerstat.bps.go.id/api/landmark/76030141/photo,I MADE RUJA,1,"[2, 3, 4]"
76033630,3Y5RPG,43,700,banjar.Tiyingan,5103060006,-8.2920088525862,115.21206242032,7.0,1,170,Bangunan,170100,Bangunan Berpenghuni,2023-06-26 19:55:12,2023-06-26 18:55:37,i komang adi darmawan,https://wilkerstat.bps.go.id/api/landmark/76033630/photo,I KETUT SUBUR ARIAWAN,1,"[2, 3, 4]"
76306856,3YEELZ,67,700,banjar.Tiyingan,5103060006,-8.2919200044125,115.20740878768,4.5,1,170,Bangunan,170100,Bangunan Berpenghuni,2023-06-26 20:19:44,2023-06-27 10:24:34,i komang adi darmawan,https://wilkerstat.bps.go.id/api/landmark/76306856/photo,SANG PUTU GENAP,1,"[2, 3, 4]"
76306861,3YEEM7,80,700,banjar.Tiyingan,5103060006,-8.2917990964224,115.20730242133,4.0,1,170,Bangunan,170100,Bangunan Berpenghuni,2023-06-26 20:20:27,2023-06-27 10:24:34,i komang adi darmawan,https://wilkerstat.bps.go.id/api/landmark/76306861/photo,SANG KETUT DANA,1,"[2, 3, 4]"
76306865,3YEEMB,79,700,banjar.Tiyingan,5103060006,-8.2925310870633,115.20865098573,3.0,1,170,Bangunan,170100,Bangunan Berpenghuni,2023-06-26 20:25:19,2023-06-27 10:24:34,i komang adi darmawan,https://wilkerstat.bps.go.id/api/landmark/76306865/photo,SANG MADE SUKUR,1,"[2, 3, 4]"
76306874,3YEEMK,69,700,banjar.Tiyingan,5103060006,-8.2945351582021,115.20997465588,6.5,1,170,Bangunan,170100,Bangunan Berpenghuni,2023-06-26 20:26:53,2023-06-27 10:24:35,i komang adi darmawan,https://wilkerstat.bps.go.id/api/landmark/76306874/photo,I MADE DIRA,1,"[2, 3, 4]"
76481326,3YJ9SY,22,700,banjar.Tiyingan,5103060006,-8.2929263776168,115.21259165369,7.0,1,170,Bangunan,170100,Bangunan Berpenghuni,2023-06-27 16:58:20,2023-06-27 15:58:50,i komang adi darmawan,https://wilkerstat.bps.go.id/api/landmark/76481326/photo,I MADE PASTA,1,"[3, 4]"
76482465,3YJAUI,70,700,banjar.Tiyingan,5103060006,-8.2922088867053,115.21212369204,3.0,1,170,Bangunan,170100,Bangunan Berpenghuni,2023-06-27 17:00:35,2023-06-27 16:00:47,i komang adi darmawan,https://wilkerstat.bps.go.id/api/landmark/76482465/photo,I MADE PURNAMA,1,"[2, 3, 4]"
76494120,3YJLKO,29,700,banjar.Tiyingan,5103060006,-8.2923543127254,115.21258327179,3.5,1,170,Bangunan,170100,Bangunan Berpenghuni,2023-06-27 17:03:52,2023-06-27 16:23:45,i komang adi darmawan,https://wilkerstat.bps.go.id/api/landmark/76494120/photo,I WAYAN LUGRA,1,"[2, 3, 4]"
76494123,3YJLKR,30,700,banjar.Tiyingan,5103060006,-8.2922484492883,115.21278410219,3.5,1,170,Bangunan,170100,Bangunan Berpenghuni,2023-06-27 17:05:18,2023-06-27 16:23:46,i komang adi darmawan,https://wilkerstat.bps.go.id/api/landmark/76494123/photo,I WAYAN AGET,1,"[2, 3, 4]"
76494126,3YJLKU,65,700,banjar.Tiyingan,5103060006,-8.2901596371084,115.21190098487,10.5,1,170,Bangunan,170100,Bangunan Berpenghuni,2023-06-27 17:23:39,2023-06-27 16:23:46,i komang adi darmawan,https://wilkerstat.bps.go.id/api/landmark/76494126/photo,I NYOMAN KANTUN,1,"[2, 3, 4]"
76583087,3YM3AN,28,700,banjar.Tiyingan,5103060006,-8.2923430809751,115.21251454018,5.5,1,170,Bangunan,170100,Bangunan Berpenghuni,2023-06-27 20:28:57,2023-06-27 19:29:04,i komang adi darmawan,https://wilkerstat.bps.go.id/api/landmark/76583087/photo,I KETUT NIRTA,1,"[2, 3]"
76590190,3YMARV,75,700,banjar.Tiyingan,5103060006,-8.2924613496289,115.21220658906,5.0,1,170,Bangunan,170100,Bangunan Berpenghuni,2023-06-27 20:44:26,2023-06-27 19:44:31,i komang adi darmawan,https://wilkerstat.bps.go.id/api/landmark/76590190/photo,I MADE SARET,1,"[2, 3]"
77161561,3Z47H7,71,700,banjar.Tiyingan,5103060006,-8.2912263181061,115.21158875898,7.5,1,170,Bangunan,170100,Bangunan Berpenghuni,2023-06-29 15:36:19,2023-06-29 14:38:40,i komang adi darmawan,https://wilkerstat.bps.go.id/api/landmark/77161561/photo,I WAYAN SUBAWA,1,"[2, 3]"
77161563,3Z47H9,60,700,banjar.Tiyingan,5103060006,-8.2915900088847,115.2121772524,6.0,1,170,Bangunan,170100,Bangunan Berpenghuni,2023-06-29 15:37:44,2023-06-29 14:38:41,i komang adi darmawan,https://wilkerstat.bps.go.id/api/landmark/77161563/photo,I GEDE YOGA,1,"[2, 3, 4]"
77161565,3Z47HB,31,700,banjar.Tiyingan,5103060006,-8.292230553925,115.2123851236,3.0,1,170,Bangunan,170100,Bangunan Berpenghuni,2023-06-29 15:38:32,2023-06-29 14:38:41,i komang adi darmawan,https://wilkerstat.bps.go.id/api/landmark/77161565/photo,I MADE MULIANA,2,"[2, 3, 4]"
77495599,3ZEH8J,20,700,banjar.Tiyingan,5103060006,-8.2928206189221,115.21255217493,8.0,1,170,Bangunan,170100,Bangunan Berpenghuni,2023-06-30 17:20:22,2023-06-30 16:20:45,i komang adi darmawan,https://wilkerstat.bps.go.id/api/landmark/77495599/photo,I NYOMAN KANDI,1,"[3, 4]"
81029639,44DSFN,73,700,banjar.Tiyingan,5103060006,-8.2883843500167,115.21181507036,7.5,1,170,Bangunan,170100,Bangunan Berpenghuni,2023-07-11 20:13:03,2023-07-11 19:13:45,i komang adi darmawan,https://wilkerstat.bps.go.id/api/landmark/81029639/photo,I NYOMAN KARSANA,1,"[2, 3, 4]"
81030866,44DTJT,72,700,banjar.Tiyingan,5103060006,-8.2884425518729,115.21184775978,6.0,1,170,Bangunan,170100,Bangunan Berpenghuni,2023-07-11 20:15:42,2023-07-11 19:15:57,i komang adi darmawan,https://wilkerstat.bps.go.id/api/landmark/81030866/photo,I WAYAN KUSUMANADA,1,"[2, 4]"
81039431,44E3FE,76,700,banjar.Tiyingan,5103060006,-8.2884845137596,115.21178028546,7.5,1,170,Bangunan,170100,Bangunan Berpenghuni,2023-07-11 20:32:51,2023-07-11 19:32:58,i komang adi darmawan,https://wilkerstat.bps.go.id/api/landmark/81039431/photo,I NYOMAN SUKADANA,1,[2]
81724337,44X5D4,82,700,banjar.Tiyingan,5103060006,-8.2884055562317,115.21276750602,8.5,1,170,Bangunan,170100,Bangunan Berpenghuni,2023-07-13 12:57:09,2023-07-13 11:57:15,i komang adi darmawan,https://wilkerstat.bps.go.id/api/landmark/81724337/photo,I NYOMAN KUMPUL,1,"[2, 3, 4]"
84600055,48E723,92,700,banjar.Tiyingan,5103060006,-8.2875737780705,115.2130378224,5.0,1,170,Bangunan,170100,Bangunan Berpenghuni,2023-07-19 19:42:26,2023-07-19 18:42:50,i komang adi darmawan,https://wilkerstat.bps.go.id/api/landmark/84600055/photo,I WAYAN ARDIKA,1,"[2, 3, 4]"
84606823,48EDA7,91,700,banjar.Tiyingan,5103060006,-8.287577801384,115.21328894421,5.5,1,170,Bangunan,170100,Bangunan Berpenghuni,2023-07-19 19:54:43,2023-07-19 18:54:51,i komang adi darmawan,https://wilkerstat.bps.go.id/api/landmark/84606823/photo,I NYOMAN SUKRA,1,"[2, 3, 4]"
84622837,48ERXG,96,700,banjar.Tiyingan,5103060006,-8.2880802964792,115.21125750616,7.5,1,170,Bangunan,170100,Bangunan Berpenghuni,2023-07-19 20:22:38,2023-07-19 19:22:47,i komang adi darmawan,https://wilkerstat.bps.go.id/api/landmark/84622837/photo,I NYOMAN TRIMA,1,"[2, 4]"
84882168,48LZ3X,97,700,banjar.Tiyingan,5103060006,-8.2883194321766,115.21145255305,4.5,1,170,Bangunan,170100,Bangunan Berpenghuni,2023-07-20 12:28:42,2023-07-20 11:28:49,i komang adi darmawan,https://wilkerstat.bps.go.id/api/landmark/84882168/photo,I GUSTI NGURAH CAKRA ARIAWAN,1,"[2, 3, 4]"
84889152,48M8IL,109,700,banjar.Tiyingan,5103060006,-8.2887891959399,115.21094838157,8.0,1,170,Bangunan,170100,Bangunan Berpenghuni,2023-07-20 12:41:58,2023-07-20 11:42:04,i komang adi darmawan,https://wilkerstat.bps.go.id/api/landmark/84889152/photo,I WAYAN KABAR,1,"[2, 3, 4]"
84897683,48MGD4,87,700,banjar.Tiyingan,5103060006,-8.2888163533062,115.21117293276,5.0,1,170,Bangunan,170100,Bangunan Berpenghuni,2023-07-20 12:57:56,2023-07-20 11:58:08,i komang adi darmawan,https://wilkerstat.bps.go.id/api/landmark/84897683/photo,I NYOMAN LANGSUNG,1,"[2, 3, 4]"
84902734,48MKY7,98,700,banjar.Tiyingan,5103060006,-8.2887633796781,115.21115633659,6.0,1,170,Bangunan,170100,Bangunan Berpenghuni,2023-07-20 13:09:07,2023-07-20 12:09:14,i komang adi darmawan,https://wilkerstat.bps.go.id/api/landmark/84902734/photo,I WAYAN WIDANA ,1,"[2, 3, 4]"
84905547,48MNKF,85,700,banjar.Tiyingan,5103060006,-8.2887567579746,115.21115440875,8.0,1,170,Bangunan,170100,Bangunan Berpenghuni,2023-07-20 13:14:16,2023-07-20 12:15:22,i komang adi darmawan,https://wilkerstat.bps.go.id/api/landmark/84905547/photo,NI GUSTI BUDAWATI,1,[4]
84905550,48MNKI,86,700,banjar.Tiyingan,5103060006,-8.2887968234718,115.21116262302,4.0,1,170,Bangunan,170100,Bangunan Berpenghuni,2023-07-20 13:15:15,2023-07-20 12:15:23,i komang adi darmawan,https://wilkerstat.bps.go.id/api/landmark/84905550/photo,I GUSTI NGURAH SUMARBAWA,1,[4]
84923280,48N5TR,95,700,banjar.Tiyingan,5103060006,-8.2930396590382,115.20793223754,4.5,1,170,Bangunan,170100,Bangunan Berpenghuni,2023-07-20 13:54:59,2023-07-20 12:55:05,i komang adi darmawan,https://wilkerstat.bps.go.id/api/landmark/84923280/photo,I GEDE ASTA SENA,1,[4]
85110847,48SE3M,102,700,banjar.Tiyingan,5103060006,-8.2935262285173,115.20971397869,5.0,1,170,Bangunan,170100,Bangunan Berpenghuni,2023-07-20 20:00:26,2023-07-20 19:00:33,i komang adi darmawan,https://wilkerstat.bps.go.id/api/landmark/85110847/photo,I WAYAN ARTA,1,[4]
85116418,48SJ8G,103,700,banjar.Tiyingan,5103060006,-8.293299539946,115.21226551384,5.5,1,170,Bangunan,170100,Bangunan Berpenghuni,2023-07-20 20:11:38,2023-07-20 19:11:45,i komang adi darmawan,https://wilkerstat.bps.go.id/api/landmark/85116418/photo,I NYOMAN MURJA,1,"[2, 3, 4]"
85572092,4988MQ,111,700,banjar.Tiyingan,5103060006,-8.2918161526322,115.21195152774,9.0,1,170,Bangunan,170100,Bangunan Berpenghuni,2023-07-21 20:04:14,2023-07-21 19:04:21,i komang adi darmawan,https://wilkerstat.bps.go.id/api/landmark/85572092/photo,I MADE WINAWAN,1,"[2, 4]"
87977662,4B95LS,88,700,banjar.Tiyingan,5103060006,-8.2876803958789,115.2117773518,9.5,1,170,Bangunan,170100,Bangunan Berpenghuni,2023-07-25 13:02:22,2023-07-27 12:27:09,i komang adi darmawan,https://wilkerstat.bps.go.id/api/landmark/87977662/photo,I WAYAN SUWEDI,1,"[2, 4]"
87978981,4B97SR,89,700,banjar.Tiyingan,5103060006,-8.2884680852294,115.21189394407,9.0,1,170,Bangunan,170100,Bangunan Berpenghuni,2023-07-25 13:05:03,2023-07-27 12:31:56,i komang adi darmawan,https://wilkerstat.bps.go.id/api/landmark/87978981/photo,I MADE WIDIA,1,"[2, 4]"
87979165,4B97YD,90,700,banjar.Tiyingan,5103060006,-8.2881403528154,115.21193317138,10.5,1,170,Bangunan,170100,Bangunan Berpenghuni,2023-07-26 11:05:12,2023-07-27 12:32:52,i komang adi darmawan,https://wilkerstat.bps.go.id/api/landmark/87979165/photo,I WAYAN TEKEN,1,[4]
87979792,4B98KD,93,700,banjar.Tiyingan,5103060006,-8.2928001461551,115.20886044949,7.0,1,170,Bangunan,170100,Bangunan Berpenghuni,2023-07-25 13:16:07,2023-07-27 12:34:48,i komang adi darmawan,https://wilkerstat.bps.go.id/api/landmark/87979792/photo,I KADEK SABTU ARIASA,1,[4]
87981616,4B9A9M,94,700,banjar.Tiyingan,5103060006,-8.2878432562575,115.21281913854,9.0,1,170,Bangunan,170100,Bangunan Berpenghuni,2023-07-27 11:13:33,2023-07-27 12:39:35,i komang adi darmawan,https://wilkerstat.bps.go.id/api/landmark/87981616/photo,I WAYAN WANDRA,1,"[2, 4]"
87983704,4B9C5V,100,700,banjar.Tiyingan,5103060006,-8.2924104714766,115.20857521333,6.5,1,170,Bangunan,170100,Bangunan Berpenghuni,2023-07-25 13:19:22,2023-07-27 12:48:13,i komang adi darmawan,https://wilkerstat.bps.go.id/api/landmark/87983704/photo,SANG PUTU KANTUN,2,[4]
87986043,4B9EBR,101,700,banjar.Tiyingan,5103060006,-8.2933422876522,115.21245821379,5.5,1,170,Bangunan,170100,Bangunan Berpenghuni,2023-07-25 13:12:21,2023-07-27 12:55:58,i komang adi darmawan,https://wilkerstat.bps.go.id/api/landmark/87986043/photo,I WAYAN GAWE,1,"[2, 3]"
87986643,4B9ETX,104,700,banjar.Tiyingan,5103060006,-8.2942259078845,115.2097395435,5.5,1,170,Bangunan,170100,Bangunan Berpenghuni,2023-07-25 13:21:33,2023-07-27 12:58:15,i komang adi darmawan,https://wilkerstat.bps.go.id/api/landmark/87986643/photo,I MADE BUDI ASTAWAN,1,"[2, 4]"
87987010,4B9F83,105,700,banjar.Tiyingan,5103060006,-8.2912544393912,115.2120191697,6.5,1,170,Bangunan,170100,Bangunan Berpenghuni,2023-07-25 13:11:01,2023-07-27 12:59:58,i komang adi darmawan,https://wilkerstat.bps.go.id/api/landmark/87987010/photo,I KETUT JANTEN,1,"[4, 5]"
87987323,4B9FHK,106,700,banjar.Tiyingan,5103060006,-8.2917252928019,115.212281188,7.0,1,170,Bangunan,170100,Bangunan Berpenghuni,2023-07-25 13:50:24,2023-07-27 13:00:57,i komang adi darmawan,https://wilkerstat.bps.go.id/api/landmark/87987323/photo,I KETUT ARIMBAWA,1,[2]
87987567,4B9FOX,107,700,banjar.Tiyingan,5103060006,-8.2911869650707,115.21151541732,5.5,1,170,Bangunan,170100,Bangunan Berpenghuni,2023-07-25 13:09:43,2023-07-27 13:02:11,i komang adi darmawan,https://wilkerstat.bps.go.id/api/landmark/87987567/photo,I NYOMAN SUKASADI,1,[4]
87987773,4B9FV8,108,700,banjar.Tiyingan,5103060006,-8.2881629001349,115.2119848039,7.0,1,170,Bangunan,170100,Bangunan Berpenghuni,2023-07-26 11:06:20,2023-07-27 13:03:01,i komang adi darmawan,https://wilkerstat.bps.go.id/api/landmark/87987773/photo,I NYOMAN NADIWIASA,1,[4]
87988982,4B9GYT,110,700,banjar.Tiyingan,5103060006,-8.2903589587659,115.21178062074,6.5,1,170,Bangunan,170100,Bangunan Berpenghuni,2023-07-25 13:55:27,2023-07-27 13:07:41,i komang adi darmawan,https://wilkerstat.bps.go.id/api/landmark/87988982/photo,I NYOMAN SUARTA,1,"[2, 4]"
88001090,4B9S4Q,112,700,banjar.Tiyingan,5103060006,-8.2877588924021,115.21236584522,5.0,1,170,Bangunan,170100,Bangunan Berpenghuni,2023-07-27 11:02:43,2023-07-27 13:48:49,i komang adi darmawan,https://wilkerstat.bps.go.id/api/landmark/88001090/photo,I WAYAN NARKA,1,"[2, 3, 4]"
88001917,4B9SUS,114,700,banjar.Tiyingan,5103060006,-8.2877778774127,115.21230214275,8.5,1,170,Bangunan,170100,Bangunan Berpenghuni,2023-07-27 11:03:17,2023-07-27 13:51:24,i komang adi darmawan,https://wilkerstat.bps.go.id/api/landmark/88001917/photo,I MADE DESA,1,"[3, 4, 5]"
88002227,4B9T78,115,700,banjar.Tiyingan,5103060006,-8.2885989686474,115.21218144335,4.0,1,170,Bangunan,170100,Bangunan Berpenghuni,2023-07-27 11:11:12,2023-07-27 13:52:33,i komang adi darmawan,https://wilkerstat.bps.go.id/api/landmark/88002227/photo,I WAYAN JINGGA,1,"[2, 4, 5]"
88002800,4B9TOK,116,700,banjar.Tiyingan,5103060006,-8.2885646866634,115.2115051914,3.0,1,170,Bangunan,170100,Bangunan Berpenghuni,2023-07-27 11:07:52,2023-07-27 13:54:39,i komang adi darmawan,https://wilkerstat.bps.go.id/api/landmark/88002800/photo,I GST NGR SUARSANA,1,"[2, 3, 4]"
88003095,4B9TXI,4,700,banjar.Tiyingan,5103060006,-8.2879963517189,115.21162522025,5.0,1,170,Bangunan,170100,Bangunan Berpenghuni,2023-07-27 11:09:08,2023-07-27 13:55:52,i komang adi darmawan,https://wilkerstat.bps.go.id/api/landmark/88003095/photo,I GST NGR ARDIKA,1,[4]
88003636,4B9UGV,12,700,banjar.Tiyingan,5103060006,-8.2883105892688,115.21167978644,6.0,1,170,Bangunan,170100,Bangunan Berpenghuni,2023-07-27 11:06:40,2023-07-27 13:57:20,i komang adi darmawan,https://wilkerstat.bps.go.id/api/landmark/88003636/photo,I NYOMAN SINGIN,1,[4]
88004055,4B9UTL,83,700,banjar.Tiyingan,5103060006,-8.2878204993904,115.21272668615,7.5,1,170,Bangunan,170100,Bangunan Berpenghuni,2023-07-27 11:13:05,2023-07-27 13:58:22,i komang adi darmawan,https://wilkerstat.bps.go.id/api/landmark/88004055/photo,I GEDE BUDI UMBARA,1,"[2, 3]"
88004528,4B9VAW,84,700,banjar.Tiyingan,5103060006,-8.2878465671092,115.21162572317,5.0,1,170,Bangunan,170100,Bangunan Berpenghuni,2023-07-27 11:05:31,2023-07-27 13:59:47,i komang adi darmawan,https://wilkerstat.bps.go.id/api/landmark/88004528/photo,I KETUT MAHAYUNA,1,[2]
88005033,4B9VQ9,113,700,banjar.Tiyingan,5103060006,-8.2877451041713,115.21236467175,5.0,1,170,Bangunan,170100,Bangunan Berpenghuni,2023-07-27 11:03:55,2023-07-27 14:01:21,i komang adi darmawan,https://wilkerstat.bps.go.id/api/landmark/88005033/photo,I WAYAN DARMIKA,1,"[2, 3, 4]"
67270497,3QQWQX,179,700,TIYINGAN,5103060006,-8.28845,115.21202333333,3.5999999046326,1,170,Bangunan,170100,Bangunan Berpenghuni,2023-06-12 16:37:11,2023-06-13 16:37:37,Ni Kadek Ela Dwiyanti,https://wilkerstat.bps.go.id/api/landmark/67270497/photo,NYOMAN SUBRATA,1,"[2, 3, 4]"
67270597,3QQWTY,180,700,TIYINGAN,5103060006,-8.2884416666667,115.21201,3.4000000953674,1,170,Bangunan,170100,Bangunan Berpenghuni,2023-06-12 16:37:54,2023-06-13 16:37:44,Ni Kadek Ela Dwiyanti,https://wilkerstat.bps.go.id/api/landmark/67270597/photo,I MARDE WASA\/ WIRTAYASA,2,"[2, 4]"
67270728,3QQWXX,205,700,TIYINGAN,5103060006,-8.2886183333333,115.21210333333,3.4000000953674,1,170,Bangunan,170100,Bangunan Berpenghuni,2023-06-12 16:39:05,2023-06-13 16:37:50,Ni Kadek Ela Dwiyanti,https://wilkerstat.bps.go.id/api/landmark/67270728/photo,I GEDE SAMBAYANA,1,"[2, 4]"
67270804,3QQX2A,206,700,TIYINGAN,5103060006,-8.28868,115.21215,5.5,1,170,Bangunan,170100,Bangunan Berpenghuni,2023-06-12 16:39:59,2023-06-13 16:37:56,Ni Kadek Ela Dwiyanti,https://wilkerstat.bps.go.id/api/landmark/67270804/photo,I KETUT SUKAYA,1,"[2, 4]"
67271351,3QQXJT,208,700,TIYINGAN,5103060006,-8.288260076059,115.2120693773,3.5,1,170,Bangunan,170100,Bangunan Berpenghuni,2023-06-12 16:49:06,2023-06-13 16:38:23,Ni Kadek Ela Dwiyanti,https://wilkerstat.bps.go.id/api/landmark/67271351/photo,I WAYAN WIASTRA\/ I WAYAN TUNAS ,2,"[2, 4]"
67271800,3QQXXG,217,700,TIYINGAN,5103060006,-8.2880783333333,115.21206,3.9000000953674,1,170,Bangunan,170100,Bangunan Berpenghuni,2023-06-12 18:17:12,2023-06-13 16:39:05,Ni Kadek Ela Dwiyanti,https://wilkerstat.bps.go.id/api/landmark/67271800/photo,I GUSTI NGURAH BUDI MUSTIKA,1,"[2, 4]"
67271867,3QQXZH,202,700,TIYINGAN,5103060006,-8.2879733333333,115.21202833333,3.4000000953674,1,170,Bangunan,170100,Bangunan Berpenghuni,2023-06-12 18:12:45,2023-06-13 16:39:11,Ni Kadek Ela Dwiyanti,https://wilkerstat.bps.go.id/api/landmark/67271867/photo,I NYOMAN WARTAWAN\/I MADE WANA ,2,"[2, 4]"
67271929,3QQY3D,149,700,TIYINGAN,5103060006,-8.2878433333333,115.21168166667,1.2000000476837,1,170,Bangunan,170100,Bangunan Berpenghuni,2023-06-12 17:59:46,2023-06-13 16:39:15,Ni Kadek Ela Dwiyanti,https://wilkerstat.bps.go.id/api/landmark/67271929/photo,I WAYAN BUDA ARYANTI,1,"[2, 3, 4]"
67272475,3QQYKV,210,700,TIYINGAN,5103060006,-8.2882883333333,115.212,3.2999999523163,1,170,Bangunan,170100,Bangunan Berpenghuni,2023-06-12 16:50:16,2023-06-13 16:39:59,Ni Kadek Ela Dwiyanti,https://wilkerstat.bps.go.id/api/landmark/67272475/photo,I MADR DHARMA ,1,"[2, 4]"
67272517,3QQYM7,209,700,TIYINGAN,5103060006,-8.2882216666667,115.21205,3.5,1,170,Bangunan,170100,Bangunan Berpenghuni,2023-06-12 16:49:33,2023-06-13 16:40:04,Ni Kadek Ela Dwiyanti,https://wilkerstat.bps.go.id/api/landmark/67272517/photo,PASTI,1,"[2, 5]"
68362097,3ROC5Q,169,700,TIYINGAN,5103060006,-8.288535,115.21210833333,5.5999999046326,1,170,Bangunan,170100,Bangunan Berpenghuni,2023-06-12 16:36:26,2023-06-15 09:08:44,Ni Kadek Ela Dwiyanti,https://wilkerstat.bps.go.id/api/landmark/68362097/photo,WAYAN SUARTONO,1,"[2, 4]"
68362106,3ROC5Z,211,700,TIYINGAN,5103060006,-8.2882533333333,115.21204166667,2.9000000953674,1,170,Bangunan,170100,Bangunan Berpenghuni,2023-06-12 16:51:10,2023-06-15 09:08:45,Ni Kadek Ela Dwiyanti,https://wilkerstat.bps.go.id/api/landmark/68362106/photo,I NYOMAN MIASA,1,"[2, 4]"
68362109,3ROC74,212,700,TIYINGAN,5103060006,-8.28826,115.21188166667,2.2999999523163,1,170,Bangunan,170100,Bangunan Berpenghuni,2023-06-12 16:54:52,2023-06-15 09:08:45,Ni Kadek Ela Dwiyanti,https://wilkerstat.bps.go.id/api/landmark/68362109/photo,I MADE SUMARJAYA,1,"[2, 3, 4]"
68362154,3ROC8H,153,700,TIYINGAN,5103060006,-8.2832583333333,115.20110666667,4.5,1,170,Bangunan,170100,Bangunan Berpenghuni,2023-06-12 17:34:02,2023-06-15 09:08:48,Ni Kadek Ela Dwiyanti,https://wilkerstat.bps.go.id/api/landmark/68362154/photo,I WAYAN MURAH,1,"[3, 4, 5]"
68362158,3ROC8L,171,700,TIYINGAN,5103060006,-8.2880318152854,115.21194331348,3.9000000953674,1,170,Bangunan,170100,Bangunan Berpenghuni,2023-06-12 17:58:25,2023-06-15 09:08:48,Ni Kadek Ela Dwiyanti,https://wilkerstat.bps.go.id/api/landmark/68362158/photo,I MADR WIDARMA PUTRA,1,"[2, 4]"
68362165,3ROC8S,189,700,TIYINGAN,5103060006,-8.2879760771693,115.21183501929,2.7000000476837,1,170,Bangunan,170100,Bangunan Berpenghuni,2023-06-12 18:03:27,2023-06-15 09:08:48,Ni Kadek Ela Dwiyanti,https://wilkerstat.bps.go.id/api/landmark/68362165/photo,KETUT KEPER\/PUJANA,2,"[2, 3, 4]"
68362170,3ROC8X,138,700,TIYINGAN,5103060006,-8.2878536523511,115.21206770092,2.7000000476837,1,170,Bangunan,170100,Bangunan Berpenghuni,2023-06-12 18:19:25,2023-06-15 09:08:48,Ni Kadek Ela Dwiyanti,https://wilkerstat.bps.go.id/api/landmark/68362170/photo,I NYOMAN SUDIANA,1,"[2, 3, 5]"
68362172,3ROC8Z,219,700,TIYINGAN,5103060006,-8.2877833333333,115.21189166667,3.0,1,170,Bangunan,170100,Bangunan Berpenghuni,2023-06-12 18:20:08,2023-06-15 09:08:49,Ni Kadek Ela Dwiyanti,https://wilkerstat.bps.go.id/api/landmark/68362172/photo,I WAYAN PINEH,1,"[2, 4]"
68362175,3ROC94,220,700,TIYINGAN,5103060006,-8.28784,115.21196833333,2.7999999523163,1,170,Bangunan,170100,Bangunan Berpenghuni,2023-06-12 18:20:38,2023-06-15 09:08:49,Ni Kadek Ela Dwiyanti,https://wilkerstat.bps.go.id/api/landmark/68362175/photo,I WAYAN KARDI,1,"[2, 4]"
71645235,3UGNXR,150,700,TIYINGAN,5103060006,-8.2868516666667,115.21181333333,5.5999999046326,1,170,Bangunan,170100,Bangunan Berpenghuni,2023-06-15 16:48:26,2023-06-20 09:44:38,Ni Kadek Ela Dwiyanti,https://wilkerstat.bps.go.id/api/landmark/71645235/photo,I WAYAN WINDRA,1,"[2, 4]"
71645239,3UGNXV,151,700,TIYINGAN,5103060006,-8.2868766666667,115.21188166667,4.5999999046326,1,170,Bangunan,170100,Bangunan Berpenghuni,2023-06-15 16:48:46,2023-06-20 09:44:39,Ni Kadek Ela Dwiyanti,https://wilkerstat.bps.go.id/api/landmark/71645239/photo,MADE KAYUN,2,"[2, 4]"
71645244,3UGNY2,148,700,TIYINGAN,5103060006,-8.2877516666667,115.21197833333,3.7000000476837,1,170,Bangunan,170100,Bangunan Berpenghuni,2023-06-15 17:43:11,2023-06-20 09:44:39,Ni Kadek Ela Dwiyanti,https://wilkerstat.bps.go.id/api/landmark/71645244/photo,I  MADE KARDIKAYASA,1,"[2, 4]"
71645248,3UGNY7,222,700,TIYINGAN,5103060006,-8.28744,115.21198333333,3.7000000476837,1,170,Bangunan,170100,Bangunan Berpenghuni,2023-06-15 17:44:58,2023-06-20 09:44:39,Ni Kadek Ela Dwiyanti,https://wilkerstat.bps.go.id/api/landmark/71645248/photo,WAYAN WIRAYASA\/ JAGRA,1,"[2, 4]"
71645251,3UGNYA,128,700,TIYINGAN,5103060006,-8.2874817328185,115.21185111254,3.5999999046326,1,170,Bangunan,170100,Bangunan Berpenghuni,2023-06-15 17:46:05,2023-06-20 09:44:39,Ni Kadek Ela Dwiyanti,https://wilkerstat.bps.go.id/api/landmark/71645251/photo,I I WAYAN DUBLIT,1,"[2, 4]"
71645255,3UGNYE,175,700,TIYINGAN,5103060006,-8.2875333333333,115.21179666667,3.5999999046326,1,170,Bangunan,170100,Bangunan Berpenghuni,2023-06-15 17:46:31,2023-06-20 09:44:39,Ni Kadek Ela Dwiyanti,https://wilkerstat.bps.go.id/api/landmark/71645255/photo,WAYAN KARMA,1,"[2, 3, 4]"
71645258,3UGNYH,226,700,TIYINGAN,5103060006,-8.2874419198237,115.21177936345,4.0999999046326,1,170,Bangunan,170100,Bangunan Berpenghuni,2023-06-15 17:47:09,2023-06-20 09:44:40,Ni Kadek Ela Dwiyanti,https://wilkerstat.bps.go.id/api/landmark/71645258/photo,GUSTI KOMANG WIDIANA,1,"[2, 4]"
71645261,3UGNYK,456,700,TIYINGAN,5103060006,-8.28745,115.211405,4.1999998092651,1,170,Bangunan,170100,Bangunan Berpenghuni,2023-06-15 17:48:31,2023-06-20 09:44:40,Ni Kadek Ela Dwiyanti,https://wilkerstat.bps.go.id/api/landmark/71645261/photo,MANGKU DAGANG PULSA,1,"[2, 4]"
71645265,3UGNYO,183,700,TIYINGAN,5103060006,-8.2875133333333,115.211265,3.0,1,170,Bangunan,170100,Bangunan Berpenghuni,2023-06-15 17:50:02,2023-06-20 09:44:40,Ni Kadek Ela Dwiyanti,https://wilkerstat.bps.go.id/api/landmark/71645265/photo,WAYAN WINDIA,1,"[2, 4]"
71645272,3UGNYV,225,700,TIYINGAN,5103060006,-8.2877166666667,115.21153333333,3.2000000476837,1,170,Bangunan,170100,Bangunan Berpenghuni,2023-06-15 17:50:57,2023-06-20 09:44:40,Ni Kadek Ela Dwiyanti,https://wilkerstat.bps.go.id/api/landmark/71645272/photo,GUSTI NGURAH SUARTHA,1,"[4, 5]"
71645273,3UGNYW,127,700,TIYINGAN,5103060006,-8.2879183333333,115.21153166667,3.0999999046326,1,170,Bangunan,170100,Bangunan Berpenghuni,2023-06-15 17:51:34,2023-06-20 09:44:40,Ni Kadek Ela Dwiyanti,https://wilkerstat.bps.go.id/api/landmark/71645273/photo,MAHA EDI,1,"[2, 4]"
71645277,3UGNZ2,450,700,TIYINGAN,5103060006,-8.2881233333333,115.21151166667,2.4000000953674,1,170,Bangunan,170100,Bangunan Berpenghuni,2023-06-15 17:53:31,2023-06-20 09:44:40,Ni Kadek Ela Dwiyanti,https://wilkerstat.bps.go.id/api/landmark/71645277/photo,GUSTI NGURAH ADNYANA,1,"[2, 3]"
71645278,3UGNZ3,161,700,TIYINGAN,5103060006,-8.2881633333333,115.21138166667,3.0999999046326,1,170,Bangunan,170100,Bangunan Berpenghuni,2023-06-15 17:54:20,2023-06-20 09:44:41,Ni Kadek Ela Dwiyanti,https://wilkerstat.bps.go.id/api/landmark/71645278/photo,GUSTI PT SUDANA,1,"[4, 5]"
71645282,3UGNZ8,193,700,TIYINGAN,5103060006,-8.2882033333333,115.21136833333,3.2999999523163,1,170,Bangunan,170100,Bangunan Berpenghuni,2023-06-15 17:54:44,2023-06-20 09:44:41,Ni Kadek Ela Dwiyanti,https://wilkerstat.bps.go.id/api/landmark/71645282/photo,I WAYAN PURI,1,[4]
71645285,3UGNZB,194,700,TIYINGAN,5103060006,-8.2881516666667,115.21125166667,3.2999999523163,1,170,Bangunan,170100,Bangunan Berpenghuni,2023-06-15 17:55:43,2023-06-20 09:44:41,Ni Kadek Ela Dwiyanti,https://wilkerstat.bps.go.id/api/landmark/71645285/photo,I MADE BUDIARTA,1,"[2, 4]"
71645288,3UGNZE,126,700,TIYINGAN,5103060006,-8.2881466666667,115.21109166667,3.0,1,170,Bangunan,170100,Bangunan Berpenghuni,2023-06-15 17:56:30,2023-06-20 09:44:42,Ni Kadek Ela Dwiyanti,https://wilkerstat.bps.go.id/api/landmark/71645288/photo,I MADE SANDI,1,"[3, 4]"
71645290,3UGNZG,425,700,TIYINGAN,5103060006,-8.2882216666667,115.21105333333,3.0,1,170,Bangunan,170100,Bangunan Berpenghuni,2023-06-15 17:56:46,2023-06-20 09:44:42,Ni Kadek Ela Dwiyanti,https://wilkerstat.bps.go.id/api/landmark/71645290/photo,DEWA KALIS,1,"[2, 3, 4]"
71645293,3UGNZJ,236,700,TIYINGAN,5103060006,-8.2883483333333,115.21156166667,2.0,1,170,Bangunan,170100,Bangunan Berpenghuni,2023-06-15 17:58:41,2023-06-20 09:44:42,Ni Kadek Ela Dwiyanti,https://wilkerstat.bps.go.id/api/landmark/71645293/photo,WAYAN MARIASA,1,"[2, 3]"
71645295,3UGNZL,147,700,TIYINGAN,5103060006,-8.28839,115.21161,2.5999999046326,1,170,Bangunan,170100,Bangunan Berpenghuni,2023-06-15 17:59:38,2023-06-20 09:44:42,Ni Kadek Ela Dwiyanti,https://wilkerstat.bps.go.id/api/landmark/71645295/photo,SUKA,1,"[2, 4]"
71645296,3UGNZM,144,700,TIYINGAN,5103060006,-8.2870333333333,115.21212833333,3.5999999046326,1,170,Bangunan,170100,Bangunan Berpenghuni,2023-06-15 18:02:46,2023-06-20 09:44:43,Ni Kadek Ela Dwiyanti,https://wilkerstat.bps.go.id/api/landmark/71645296/photo,BAYU PARWARTA\/SUGIRI,2,"[2, 4]"
71645302,3UGNZS,133,700,TIYINGAN,5103060006,-8.2872883333333,115.21218166667,4.0999999046326,1,170,Bangunan,170100,Bangunan Berpenghuni,2023-06-17 16:48:03,2023-06-20 09:44:43,Ni Kadek Ela Dwiyanti,https://wilkerstat.bps.go.id/api/landmark/71645302/photo,KOMANG GEDE ARTA,1,[4]
71645304,3UGNZU,139,700,TIYINGAN,5103060006,-8.2875316666667,115.21229666667,3.4000000953674,1,170,Bangunan,170100,Bangunan Berpenghuni,2023-06-17 16:48:55,2023-06-20 09:44:43,Ni Kadek Ela Dwiyanti,https://wilkerstat.bps.go.id/api/landmark/71645304/photo,I NYOMAN NIDIA,1,"[2, 4]"
71645307,3UGNZX,125,700,TIYINGAN,5103060006,-8.2874916666667,115.21240166667,3.9000000953674,1,170,Bangunan,170100,Bangunan Berpenghuni,2023-06-17 16:49:37,2023-06-20 09:44:43,Ni Kadek Ela Dwiyanti,https://wilkerstat.bps.go.id/api/landmark/71645307/photo,I MADE SERITA,1,"[2, 3, 4]"
71645311,3UGO23,135,700,TIYINGAN,5103060006,-8.2874733333333,115.212515,3.9000000953674,1,170,Bangunan,170100,Bangunan Berpenghuni,2023-06-17 16:51:32,2023-06-20 09:44:44,Ni Kadek Ela Dwiyanti,https://wilkerstat.bps.go.id/api/landmark/71645311/photo,K NYOMAN WITA,1,"[2, 4, 5]"
71645315,3UGO28,142,700,TIYINGAN,5103060006,-8.287395,115.21243166667,4.0,1,170,Bangunan,170100,Bangunan Berpenghuni,2023-06-17 16:53:11,2023-06-20 09:44:44,Ni Kadek Ela Dwiyanti,https://wilkerstat.bps.go.id/api/landmark/71645315/photo,I WAYAN WIJAYASA,1,"[3, 4, 5]"
71645318,3UGO2B,181,700,TIYINGAN,5103060006,-8.2873583333333,115.21251666667,4.6999998092651,1,170,Bangunan,170100,Bangunan Berpenghuni,2023-06-17 17:00:48,2023-06-20 09:44:44,Ni Kadek Ela Dwiyanti,https://wilkerstat.bps.go.id/api/landmark/71645318/photo,I WAYAN DEGENG,1,[4]
71645320,3UGO2D,177,700,TIYINGAN,5103060006,-8.287315,115.21234833333,5.1999998092651,1,170,Bangunan,170100,Bangunan Berpenghuni,2023-06-17 17:02:25,2023-06-20 09:44:44,Ni Kadek Ela Dwiyanti,https://wilkerstat.bps.go.id/api/landmark/71645320/photo,I NYOMAN ARJANA,1,"[2, 3, 5]"
71645322,3UGO2F,124,700,TIYINGAN,5103060006,-8.287771372235,115.21230306476,3.5,1,170,Bangunan,170100,Bangunan Berpenghuni,2023-06-17 17:07:24,2023-06-20 09:44:44,Ni Kadek Ela Dwiyanti,https://wilkerstat.bps.go.id/api/landmark/71645322/photo,I WAYAN REDANA\/ TRI GUNAWAN,2,"[2, 4]"
71645326,3UGO2J,154,700,TIYINGAN,5103060006,-8.28763,115.21250833333,2.7000000476837,1,170,Bangunan,170100,Bangunan Berpenghuni,2023-06-17 17:15:41,2023-06-20 09:44:45,Ni Kadek Ela Dwiyanti,https://wilkerstat.bps.go.id/api/landmark/71645326/photo,I KETUT RAJIG,1,"[2, 3, 4]"
71645328,3UGO2L,184,700,TIYINGAN,5103060006,-8.2875855783612,115.21260682493,3.2000000476837,1,170,Bangunan,170100,Bangunan Berpenghuni,2023-06-17 17:16:22,2023-06-20 09:44:45,Ni Kadek Ela Dwiyanti,https://wilkerstat.bps.go.id/api/landmark/71645328/photo,I NYOMAN ARSANA,1,"[2, 4]"
71645329,3UGO2M,134,700,TIYINGAN,5103060006,-8.2879707687769,115.21226920187,2.2000000476837,1,170,Bangunan,170100,Bangunan Berpenghuni,2023-06-17 17:24:52,2023-06-20 09:44:45,Ni Kadek Ela Dwiyanti,https://wilkerstat.bps.go.id/api/landmark/71645329/photo,I MADE SUARJANA,1,"[2, 4]"
71645332,3UGO2P,168,700,TIYINGAN,5103060006,-8.2879816666667,115.21252666667,3.2999999523163,1,170,Bangunan,170100,Bangunan Berpenghuni,2023-06-17 17:28:06,2023-06-20 09:44:46,Ni Kadek Ela Dwiyanti,https://wilkerstat.bps.go.id/api/landmark/71645332/photo,NI WAYAN SIKI,2,"[2, 4]"
71645336,3UGO2T,227,700,TIYINGAN,5103060006,-8.2880032826793,115.21238487214,3.4000000953674,1,170,Bangunan,170100,Bangunan Berpenghuni,2023-06-17 17:28:43,2023-06-20 09:44:46,Ni Kadek Ela Dwiyanti,https://wilkerstat.bps.go.id/api/landmark/71645336/photo,I WAYAN SUGIARTA,2,"[2, 4]"
71645339,3UGO2W,162,700,TIYINGAN,5103060006,-8.288178791351,115.21228495985,2.5999999046326,1,170,Bangunan,170100,Bangunan Berpenghuni,2023-06-17 17:29:52,2023-06-20 09:44:46,Ni Kadek Ela Dwiyanti,https://wilkerstat.bps.go.id/api/landmark/71645339/photo,I KETUT SUMAARTA,1,"[2, 4]"
71645341,3UGO2Y,123,700,TIYINGAN,5103060006,-8.2883231131679,115.21256927401,3.7000000476837,1,170,Bangunan,170100,Bangunan Berpenghuni,2023-06-17 17:33:08,2023-06-20 09:44:46,Ni Kadek Ela Dwiyanti,https://wilkerstat.bps.go.id/api/landmark/71645341/photo,I MADE KELUNGLUNG,1,"[2, 5]"
71645344,3UGO33,235,700,TIYINGAN,5103060006,-8.2883716666667,115.21279,3.4000000953674,1,170,Bangunan,170100,Bangunan Berpenghuni,2023-06-17 17:34:04,2023-06-20 09:44:46,Ni Kadek Ela Dwiyanti,https://wilkerstat.bps.go.id/api/landmark/71645344/photo,I MADE SUARTA,1,"[2, 4]"
71645346,3UGO35,182,700,TIYINGAN,5103060006,-8.2882016666667,115.21255333333,3.2999999523163,1,170,Bangunan,170100,Bangunan Berpenghuni,2023-06-17 17:34:49,2023-06-20 09:44:47,Ni Kadek Ela Dwiyanti,https://wilkerstat.bps.go.id/api/landmark/71645346/photo,I MADE KANTA YASA,1,"[2, 4]"
71645347,3UGO37,174,700,TIYINGAN,5103060006,-8.2882083333333,115.21247833333,1.3999999761581,1,170,Bangunan,170100,Bangunan Berpenghuni,2023-06-17 17:35:38,2023-06-20 09:44:47,Ni Kadek Ela Dwiyanti,https://wilkerstat.bps.go.id/api/landmark/71645347/photo,I WAYAN NARSA,1,"[2, 4]"
71645349,3UGO39,214,700,TIYINGAN,5103060006,-8.2885183333333,115.21263333333,3.0,1,170,Bangunan,170100,Bangunan Berpenghuni,2023-06-17 17:40:18,2023-06-20 09:44:47,Ni Kadek Ela Dwiyanti,https://wilkerstat.bps.go.id/api/landmark/71645349/photo,I MADE WITHA,1,"[2, 4]"
71645352,3UGO3C,137,700,TIYINGAN,5103060006,-8.2884780517032,115.21230004728,3.0,1,170,Bangunan,170100,Bangunan Berpenghuni,2023-06-17 17:41:16,2023-06-20 09:44:47,Ni Kadek Ela Dwiyanti,https://wilkerstat.bps.go.id/api/landmark/71645352/photo,I NYOMAN DANA,1,"[2, 3, 4]"
71645362,3UGO3M,229,700,TIYINGAN,5103060006,-8.2884034025236,115.21237883717,1.7000000476837,1,170,Bangunan,170100,Bangunan Berpenghuni,2023-06-17 17:44:42,2023-06-20 09:44:48,Ni Kadek Ela Dwiyanti,https://wilkerstat.bps.go.id/api/landmark/71645362/photo,I WAYAN MAWA\/I WAYAN BUDIAWAN,2,"[2, 4]"
71645364,3UGO3O,173,700,TIYINGAN,5103060006,-8.2888698767203,115.2123137936,2.5,1,170,Bangunan,170100,Bangunan Berpenghuni,2023-06-17 17:47:35,2023-06-20 09:44:48,Ni Kadek Ela Dwiyanti,https://wilkerstat.bps.go.id/api/landmark/71645364/photo,I KETUT TAMA,1,"[2, 3, 4]"
71645366,3UGO3Q,164,700,TIYINGAN,5103060006,-8.2888566057693,115.21253876388,2.5999999046326,1,170,Bangunan,170100,Bangunan Berpenghuni,2023-06-17 17:49:00,2023-06-20 09:44:48,Ni Kadek Ela Dwiyanti,https://wilkerstat.bps.go.id/api/landmark/71645366/photo,I KETUT SUDIASA,1,"[2, 3, 4]"
71645368,3UGO3S,136,700,TIYINGAN,5103060006,-8.2888526244839,115.21238319576,2.5,1,170,Bangunan,170100,Bangunan Berpenghuni,2023-06-17 17:51:00,2023-06-20 09:44:48,Ni Kadek Ela Dwiyanti,https://wilkerstat.bps.go.id/api/landmark/71645368/photo,I KADEK KARSA,1,"[2, 4]"
71645373,3UGO3X,132,700,TIYINGAN,5103060006,-8.288735,115.21238,2.5,1,170,Bangunan,170100,Bangunan Berpenghuni,2023-06-17 17:51:51,2023-06-20 09:44:48,Ni Kadek Ela Dwiyanti,https://wilkerstat.bps.go.id/api/landmark/71645373/photo,I MADE BADENG,2,"[2, 4]"
71645377,3UGO43,198,700,TIYINGAN,5103060006,-8.2887822884354,115.21242845804,3.2000000476837,1,170,Bangunan,170100,Bangunan Berpenghuni,2023-06-17 17:52:43,2023-06-20 09:44:49,Ni Kadek Ela Dwiyanti,https://wilkerstat.bps.go.id/api/landmark/71645377/photo,WAYAN URIP,1,"[2, 4]"
71645380,3UGO47,238,700,TIYINGAN,5103060006,-8.2887796342446,115.21256726235,2.5999999046326,1,170,Bangunan,170100,Bangunan Berpenghuni,2023-06-17 17:54:03,2023-06-20 09:44:49,Ni Kadek Ela Dwiyanti,https://wilkerstat.bps.go.id/api/landmark/71645380/photo,I KETUT SADIA,1,"[2, 4]"
71645383,3UGO4A,300,700,TIYINGAN,5103060006,-8.2888,115.21274,3.5999999046326,1,170,Bangunan,170100,Bangunan Berpenghuni,2023-06-17 18:04:29,2023-06-20 09:44:49,Ni Kadek Ela Dwiyanti,https://wilkerstat.bps.go.id/api/landmark/71645383/photo,I NYOMAN SUWITA,1,"[2, 4]"
71645386,3UGO4D,156,700,TIYINGAN,5103060006,-8.2888066666667,115.21288166667,2.0999999046326,1,170,Bangunan,170100,Bangunan Berpenghuni,2023-06-17 18:06:29,2023-06-20 09:44:49,Ni Kadek Ela Dwiyanti,https://wilkerstat.bps.go.id/api/landmark/71645386/photo,NI MADE BUKTI,1,"[2, 5]"
71645390,3UGO4H,185,700,TIYINGAN,5103060006,-8.2888616666667,115.212935,2.9000000953674,1,170,Bangunan,170100,Bangunan Berpenghuni,2023-06-17 18:07:09,2023-06-20 09:44:49,Ni Kadek Ela Dwiyanti,https://wilkerstat.bps.go.id/api/landmark/71645390/photo,I MADE IDEP\/ADE,2,"[2, 4]"
71645391,3UGO4I,244,700,TIYINGAN,5103060006,-8.2887466666667,115.21289,3.2000000476837,1,170,Bangunan,170100,Bangunan Berpenghuni,2023-06-17 18:07:59,2023-06-20 09:44:50,Ni Kadek Ela Dwiyanti,https://wilkerstat.bps.go.id/api/landmark/71645391/photo,I WAYAN WARIS ,1,"[2, 4]"
71645392,3UGO4J,200,700,TIYINGAN,5103060006,-8.28864,115.21287166667,4.5999999046326,1,170,Bangunan,170100,Bangunan Berpenghuni,2023-06-17 18:08:25,2023-06-20 09:44:50,Ni Kadek Ela Dwiyanti,https://wilkerstat.bps.go.id/api/landmark/71645392/photo,I MADE DARMAWAN,1,[4]
71645395,3UGO4M,157,700,TIYINGAN,5103060006,-8.2887633333333,115.21278666667,3.2999999523163,1,170,Bangunan,170100,Bangunan Berpenghuni,2023-06-17 18:08:59,2023-06-20 09:44:50,Ni Kadek Ela Dwiyanti,https://wilkerstat.bps.go.id/api/landmark/71645395/photo,I WAYAN SUJENA,1,"[2, 4]"
71645397,3UGO4O,243,700,TIYINGAN,5103060006,-8.2884820329924,115.21275267005,2.7000000476837,1,170,Bangunan,170100,Bangunan Berpenghuni,2023-06-17 18:17:10,2023-06-20 09:44:50,Ni Kadek Ela Dwiyanti,https://wilkerstat.bps.go.id/api/landmark/71645397/photo,I NYOMAN NGABDI YASA,1,"[2, 4]"
71645402,3UGO4T,191,700,TIYINGAN,5103060006,-8.2883333333333,115.21272666667,2.2999999523163,1,170,Bangunan,170100,Bangunan Berpenghuni,2023-06-17 18:20:35,2023-06-20 09:44:50,Ni Kadek Ela Dwiyanti,https://wilkerstat.bps.go.id/api/landmark/71645402/photo,I MADE SUPARSA,1,"[3, 5]"
71645404,3UGO4V,188,700,TIYINGAN,5103060006,-8.2883320710721,115.21281737834,2.7999999523163,1,170,Bangunan,170100,Bangunan Berpenghuni,2023-06-17 18:23:18,2023-06-20 09:44:51,Ni Kadek Ela Dwiyanti,https://wilkerstat.bps.go.id/api/landmark/71645404/photo,I WAYANH DIANAPUTRA,1,"[2, 4]"
71645406,3UGO4X,186,700,TIYINGAN,5103060006,-8.288375,115.21297333333,4.0999999046326,1,170,Bangunan,170100,Bangunan Berpenghuni,2023-06-17 18:27:33,2023-06-20 09:44:51,Ni Kadek Ela Dwiyanti,https://wilkerstat.bps.go.id/api/landmark/71645406/photo,I WAYAN KANGGO ,2,"[2, 4]"
71645409,3UGO52,131,700,TIYINGAN,5103060006,-8.288275,115.21281333333,3.7999999523163,1,170,Bangunan,170100,Bangunan Berpenghuni,2023-06-17 18:28:30,2023-06-20 09:44:51,Ni Kadek Ela Dwiyanti,https://wilkerstat.bps.go.id/api/landmark/71645409/photo,I MADE WARTA,1,"[2, 4]"
71645412,3UGO55,152,700,TIYINGAN,5103060006,-8.2883,115.212915,2.9000000953674,1,170,Bangunan,170100,Bangunan Berpenghuni,2023-06-17 18:30:36,2023-06-20 09:44:52,Ni Kadek Ela Dwiyanti,https://wilkerstat.bps.go.id/api/landmark/71645412/photo,KETUT TAMBA,1,"[2, 4]"
71645413,3UGO57,240,700,TIYINGAN,5103060006,-8.2883333333333,115.21294166667,2.9000000953674,1,170,Bangunan,170100,Bangunan Berpenghuni,2023-06-17 18:31:21,2023-06-20 09:44:52,Ni Kadek Ela Dwiyanti,https://wilkerstat.bps.go.id/api/landmark/71645413/photo,I KETUT PUJI\/ JATEN,2,"[2, 4]"
71645416,3UGO5A,228,700,TIYINGAN,5103060006,-8.2876233333333,115.21273166667,3.9000000953674,1,170,Bangunan,170100,Bangunan Berpenghuni,2023-06-17 18:37:31,2023-06-20 09:44:52,Ni Kadek Ela Dwiyanti,https://wilkerstat.bps.go.id/api/landmark/71645416/photo,SANG PUTU ALIT,2,"[2, 4]"
71645419,3UGO5D,140,700,TIYINGAN,5103060006,-8.2878788672219,115.21259710193,5.4000000953674,1,170,Bangunan,170100,Bangunan Berpenghuni,2023-06-17 18:38:40,2023-06-20 09:44:52,Ni Kadek Ela Dwiyanti,https://wilkerstat.bps.go.id/api/landmark/71645419/photo,TEKEN,1,"[2, 4]"
74642915,3WY3NK,230,700,TIYINGAN,5103060006,-8.2881233333333,115.21274833333,4.9000000953674,1,170,Bangunan,170100,Bangunan Berpenghuni,2023-06-24 13:29:23,2023-06-24 15:08:46,Ni Kadek Ela Dwiyanti,https://wilkerstat.bps.go.id/api/landmark/74642915/photo,JOKO,1,"[2, 4]"
74642917,3WY3NM,141,700,TIYINGAN,5103060006,-8.28812,115.21282666667,3.5999999046326,1,170,Bangunan,170100,Bangunan Berpenghuni,2023-06-24 13:30:31,2023-06-24 15:08:46,Ni Kadek Ela Dwiyanti,https://wilkerstat.bps.go.id/api/landmark/74642917/photo,AGUS SUCIPA\/ MADE SUGITA,2,"[2, 3, 4]"
74642920,3WY3NP,143,700,TIYINGAN,5103060006,-8.2877983333333,115.212745,2.2999999523163,1,170,Bangunan,170100,Bangunan Berpenghuni,2023-06-24 13:31:53,2023-06-24 15:08:46,Ni Kadek Ela Dwiyanti,https://wilkerstat.bps.go.id/api/landmark/74642920/photo,CATRA,2,"[2, 4]"
74642923,3WY3NS,172,700,TIYINGAN,5103060006,-8.2878866666667,115.21276833333,3.7000000476837,1,170,Bangunan,170100,Bangunan Berpenghuni,2023-06-24 13:32:22,2023-06-24 15:08:46,Ni Kadek Ela Dwiyanti,https://wilkerstat.bps.go.id/api/landmark/74642923/photo,MADE RAINIASIH,1,"[2, 4]"
74642926,3WY3NV,160,700,TIYINGAN,5103060006,-8.2879233333333,115.21276,3.5,1,170,Bangunan,170100,Bangunan Berpenghuni,2023-06-24 13:33:04,2023-06-24 15:08:46,Ni Kadek Ela Dwiyanti,https://wilkerstat.bps.go.id/api/landmark/74642926/photo,MADE ARJANA,1,"[2, 3, 4]"
74642930,3WY3NZ,158,700,TIYINGAN,5103060006,-8.2879466666667,115.21294166667,3.7999999523163,1,170,Bangunan,170100,Bangunan Berpenghuni,2023-06-24 13:33:34,2023-06-24 15:08:46,Ni Kadek Ela Dwiyanti,https://wilkerstat.bps.go.id/api/landmark/74642930/photo,MADE DANA,2,"[2, 3, 4]"
74642931,3WY3O2,121,700,TIYINGAN,5103060006,-8.2879033333333,115.213035,3.4000000953674,1,170,Bangunan,170100,Bangunan Berpenghuni,2023-06-24 13:33:52,2023-06-24 15:08:47,Ni Kadek Ela Dwiyanti,https://wilkerstat.bps.go.id/api/landmark/74642931/photo,NYOMAN SUTEJA,1,"[2, 3, 4]"
74642935,3WY3O7,195,700,TIYINGAN,5103060006,-8.2877043537407,115.21273054183,2.7999999523163,1,170,Bangunan,170100,Bangunan Berpenghuni,2023-06-24 13:35:12,2023-06-24 15:08:47,Ni Kadek Ela Dwiyanti,https://wilkerstat.bps.go.id/api/landmark/74642935/photo,I MADE ADNYANA,1,"[2, 4]"
74642938,3WY3OA,155,700,TIYINGAN,5103060006,-8.28766,115.21287,2.5,1,170,Bangunan,170100,Bangunan Berpenghuni,2023-06-24 13:36:29,2023-06-24 15:08:47,Ni Kadek Ela Dwiyanti,https://wilkerstat.bps.go.id/api/landmark/74642938/photo,I KETUT GEDEH ,1,"[2, 3, 4]"
74642940,3WY3OC,190,700,TIYINGAN,5103060006,-8.2876566666667,115.21284833333,3.2000000476837,1,170,Bangunan,170100,Bangunan Berpenghuni,2023-06-24 13:37:08,2023-06-24 15:08:47,Ni Kadek Ela Dwiyanti,https://wilkerstat.bps.go.id/api/landmark/74642940/photo,MADE ASTAWAN,1,"[2, 3, 4]"
74642941,3WY3OD,145,700,TIYINGAN,5103060006,-8.2874766666667,115.213135,2.4000000953674,1,170,Bangunan,170100,Bangunan Berpenghuni,2023-06-24 13:38:16,2023-06-24 15:08:47,Ni Kadek Ela Dwiyanti,https://wilkerstat.bps.go.id/api/landmark/74642941/photo,MADE ARSANA,1,"[2, 3, 4]"
76406830,3YH7FJ,207,700,TIYINGAN,5103060006,-8.2877554470493,115.21254245192,6.5,1,170,Bangunan,170100,Bangunan Berpenghuni,2023-06-26 15:00:11,2023-06-27 13:32:12,Ni Kadek Ela Dwiyanti,https://wilkerstat.bps.go.id/api/landmark/76406830/photo,I WAYAN WERTA,1,"[2, 4]"
86818671,4A9VCU,199,700,TIYINGAN,5103060006,-8.2874066666667,115.21306333333,4.3000001907349,1,170,Bangunan,170100,Bangunan Berpenghuni,2023-07-21 15:36:34,2023-07-24 16:14:43,Ni Kadek Ela Dwiyanti,https://wilkerstat.bps.go.id/api/landmark/86818671/photo,WAYAN PINTU,1,"[2, 4]"
86818673,4A9VCW,302,700,TIYINGAN,5103060006,-8.2880083333333,115.21269333333,2.9000000953674,1,170,Bangunan,170100,Bangunan Berpenghuni,2023-07-21 16:53:15,2023-07-24 16:14:43,Ni Kadek Ela Dwiyanti,https://wilkerstat.bps.go.id/api/landmark/86818673/photo, SUARSANA\/ GUSTI NGURAH ARDIKA,2,"[2, 4]"
86818674,4A9VCX,23,700,TIYINGAN,5103060006,-8.281045,115.20902666667,2.5999999046326,1,170,Bangunan,170100,Bangunan Berpenghuni,2023-07-21 17:00:17,2023-07-24 16:14:43,Ni Kadek Ela Dwiyanti,https://wilkerstat.bps.go.id/api/landmark/86818674/photo,KT SUMERTA\/ WSYAN MARI,1,"[2, 4]"
86818675,4A9VCY,170,700,TIYINGAN,5103060006,-8.287835,115.212255,3.0999999046326,1,170,Bangunan,170100,Bangunan Berpenghuni,2023-07-21 17:06:46,2023-07-24 16:14:43,Ni Kadek Ela Dwiyanti,https://wilkerstat.bps.go.id/api/landmark/86818675/photo,MADE CEMOL,2,"[2, 4]"
86818682,4A9VD8,197,700,TIYINGAN,5103060006,-8.2933333333333,115.209695,4.0999999046326,1,170,Bangunan,170100,Bangunan Berpenghuni,2023-07-24 11:12:53,2023-07-24 16:14:44,Ni Kadek Ela Dwiyanti,https://wilkerstat.bps.go.id/api/landmark/86818682/photo,LEYO,1,[4]
86818684,4A9VDA,196,700,TIYINGAN,5103060006,-8.287675,115.21169,4.5,1,170,Bangunan,170100,Bangunan Berpenghuni,2023-07-24 11:16:53,2023-07-24 16:14:44,Ni Kadek Ela Dwiyanti,https://wilkerstat.bps.go.id/api/landmark/86818684/photo,RUSMINIATI,1,"[2, 3, 4]"
86818690,4A9VDG,163,700,TIYINGAN,5103060006,-8.288995,115.21248666667,4.4000000953674,1,170,Bangunan,170100,Bangunan Berpenghuni,2023-07-24 12:53:58,2023-07-24 16:14:45,Ni Kadek Ela Dwiyanti,https://wilkerstat.bps.go.id/api/landmark/86818690/photo,KETUT SUANDITA,1,"[2, 4]"
86818694,4A9VDK,166,700,TIYINGAN,5103060006,-8.2874233333333,115.212135,2.7999999523163,1,170,Bangunan,170100,Bangunan Berpenghuni,2023-07-24 12:55:46,2023-07-24 16:14:45,Ni Kadek Ela Dwiyanti,https://wilkerstat.bps.go.id/api/landmark/86818694/photo,I GUSTI NGURAH BUDIARTA,1,"[2, 4]"
62403572,3MNILE,1,400,,5103060006,-8.3234770008964,115.2258747071,3.7900924682617,1,170,Bangunan,170100,Bangunan Berpenghuni,2023-06-04 14:31:44,2023-06-04 13:33:52,i Made Agus Artawan,https://wilkerstat.bps.go.id/api/landmark/62403572/photo,I KETUT REGEG,1,"[1, 2, 3, 4]"
62949779,3N4P74,2,400,,5103060006,-8.32223754,115.22696247,4.3034520149231,1,170,Bangunan,170100,Bangunan Berpenghuni,2023-06-05 13:10:30,2023-06-05 19:25:44,i Made Agus Artawan,https://wilkerstat.bps.go.id/api/landmark/62949779/photo,I GUSTI PUTU GUNAWAN,1,"[2, 4]"
62949786,3N4P7C,3,400,,5103060006,-8.32209379,115.22556512,3.7900924682617,1,170,Bangunan,170100,Bangunan Berpenghuni,2023-06-05 13:24:22,2023-06-05 19:25:45,i Made Agus Artawan,https://wilkerstat.bps.go.id/api/landmark/62949786/photo,IDA AYU RESIK,1,"[1, 4]"
62949795,3N4P7L,4,400,,5103060006,-8.32099404,115.2263907,3.7900924682617,1,170,Bangunan,170100,Bangunan Berpenghuni,2023-06-05 13:48:23,2023-06-05 19:25:46,i Made Agus Artawan,https://wilkerstat.bps.go.id/api/landmark/62949795/photo,I WAYAN MERTA,1,"[1, 2, 4]"
63325842,3NG7HX,5,400,,5103060006,-8.3205475,115.22719888,3.7900924682617,1,170,Bangunan,170100,Bangunan Berpenghuni,2023-06-06 16:09:36,2023-06-06 16:50:47,i Made Agus Artawan,https://wilkerstat.bps.go.id/api/landmark/63325842/photo,I WAYAN PURNAYASA,2,"[1, 2, 4, 5]"
63325848,3NG7I5,6,400,,5103060006,-8.32012322,115.22638526,3.7900924682617,1,170,Bangunan,170100,Bangunan Berpenghuni,2023-06-06 16:38:41,2023-06-06 16:50:47,i Made Agus Artawan,https://wilkerstat.bps.go.id/api/landmark/63325848/photo,I WAYAN RAJIN,2,"[1, 2, 4]"
63325854,3NG7IC,7,400,,5103060006,-8.32014769,115.22631072,3.7900924682617,1,170,Bangunan,170100,Bangunan Berpenghuni,2023-06-06 16:52:08,2023-06-06 16:50:48,i Made Agus Artawan,https://wilkerstat.bps.go.id/api/landmark/63325854/photo,I KETUT SANTEP,2,"[2, 4]"
63325866,3NG7IO,8,400,,5103060006,-8.31937906,115.22694286,3.7900924682617,1,170,Bangunan,170100,Bangunan Berpenghuni,2023-06-06 17:22:53,2023-06-06 16:50:49,i Made Agus Artawan,https://wilkerstat.bps.go.id/api/landmark/63325866/photo,I GEDE ARTANA,2,"[2, 4]"
63325872,3NG7IU,9,400,,5103060006,-8.31938762,115.22693835,3.7900924682617,1,170,Bangunan,170100,Bangunan Berpenghuni,2023-06-06 17:25:16,2023-06-06 16:50:49,i Made Agus Artawan,https://wilkerstat.bps.go.id/api/landmark/63325872/photo,I WAYAN KENENG,1,[4]
64306600,3OAH3V,10,400,,5103060006,-8.31901421,115.2269608,4.1769752502441,1,170,Bangunan,170100,Bangunan Berpenghuni,2023-06-07 16:41:37,2023-06-08 14:31:03,i Made Agus Artawan,https://wilkerstat.bps.go.id/api/landmark/64306600/photo,I NYOMAN PUGIR,1,"[1, 4]"
64306605,3OAH42,11,400,,5103060006,-8.31911917,115.22697045,4.4421014785767,1,170,Bangunan,170100,Bangunan Berpenghuni,2023-06-07 17:03:09,2023-06-08 14:31:03,i Made Agus Artawan,https://wilkerstat.bps.go.id/api/landmark/64306605/photo,I KETUT LAGA,1,"[1, 2, 4]"
64306610,3OAH48,12,400,,5103060006,-8.31677348,115.22680504,5.7276649475098,1,170,Bangunan,170100,Bangunan Berpenghuni,2023-06-07 17:21:58,2023-06-08 14:31:04,i Made Agus Artawan,https://wilkerstat.bps.go.id/api/landmark/64306610/photo,I MADE WARSA,1,"[1, 2, 4]"
64306615,3OAH4D,13,400,,5103060006,-8.31649664,115.22704154,3.7900924682617,1,170,Bangunan,170100,Bangunan Berpenghuni,2023-06-07 17:32:00,2023-06-08 14:31:04,i Made Agus Artawan,https://wilkerstat.bps.go.id/api/landmark/64306615/photo,I WAYAN SUWIYANTARA,2,"[1, 2, 4]"
64306619,3OAH4H,14,400,,5103060006,-8.31538645,115.22768797,3.7900924682617,1,170,Bangunan,170100,Bangunan Berpenghuni,2023-06-07 17:57:58,2023-06-08 14:31:04,i Made Agus Artawan,https://wilkerstat.bps.go.id/api/landmark/64306619/photo,I  NYOMAN TAMBUN,2,"[1, 3, 4]"
64306623,3OAH4L,15,400,,5103060006,-8.31310774,115.22825314,3.7900924682617,1,170,Bangunan,170100,Bangunan Berpenghuni,2023-06-07 17:59:23,2023-06-08 14:31:04,i Made Agus Artawan,https://wilkerstat.bps.go.id/api/landmark/64306623/photo,I WAYAN CODA,2,"[1, 4]"
69614514,3SQ78R,16,400,,5103060006,-8.31467186,115.22688014,3.8379476070404,1,170,Bangunan,170100,Bangunan Berpenghuni,2023-06-16 14:38:53,2023-06-17 00:16:34,i Made Agus Artawan,https://wilkerstat.bps.go.id/api/landmark/69614514/photo,I MADE ARNAWA,1,"[1, 2, 4]"
69614516,3SQ78T,17,400,,5103060006,-8.31476419,115.22686366,9.9350461959839,1,170,Bangunan,170100,Bangunan Berpenghuni,2023-06-16 14:40:13,2023-06-17 00:16:34,i Made Agus Artawan,https://wilkerstat.bps.go.id/api/landmark/69614516/photo,I KETUT SUWELA,1,[4]
69614517,3SQ78U,19,400,,5103060006,-8.31472442,115.2267638,3.7900924682617,1,170,Bangunan,170100,Bangunan Berpenghuni,2023-06-16 14:43:14,2023-06-17 00:16:34,i Made Agus Artawan,https://wilkerstat.bps.go.id/api/landmark/69614517/photo,I NYOMAN SUKARSA,1,[4]
69614518,3SQ78V,18,400,,5103060006,-8.31474118,115.22671259,3.7900924682617,1,170,Bangunan,170100,Bangunan Berpenghuni,2023-06-16 14:44:09,2023-06-17 00:16:34,i Made Agus Artawan,https://wilkerstat.bps.go.id/api/landmark/69614518/photo,I NYOMAN KANDRA,1,"[2, 4]"
69614519,3SQ78W,20,400,,5103060006,-8.31465137,115.22799418,4.0098667144775,1,170,Bangunan,170100,Bangunan Berpenghuni,2023-06-16 14:58:56,2023-06-17 00:16:35,i Made Agus Artawan,https://wilkerstat.bps.go.id/api/landmark/69614519/photo,I WAYAN RUDITA,1,"[1, 4]"
69614521,3SQ78Y,21,400,,5103060006,-8.31237322,115.22868869,4.3227801322937,1,170,Bangunan,170100,Bangunan Berpenghuni,2023-06-16 15:54:53,2023-06-17 00:16:35,i Made Agus Artawan,https://wilkerstat.bps.go.id/api/landmark/69614521/photo,I MADE KERTAS,1,"[1, 4]"
69614522,3SQ78Z,23,400,,5103060006,-8.31025055,115.22880395,3.7900924682617,1,170,Bangunan,170100,Bangunan Berpenghuni,2023-06-16 16:28:47,2023-06-17 00:16:35,i Made Agus Artawan,https://wilkerstat.bps.go.id/api/landmark/69614522/photo,I WAYAN ARNAWA,1,[4]
69614523,3SQ792,22,400,,5103060006,-8.31053378,115.22870086,3.7900924682617,1,170,Bangunan,170100,Bangunan Berpenghuni,2023-06-16 16:32:37,2023-06-17 00:16:35,i Made Agus Artawan,https://wilkerstat.bps.go.id/api/landmark/69614523/photo,I KETUT MERTA,1,[4]
69614526,3SQ795,24,400,,5103060006,-8.31017578,115.22832627,3.7900924682617,1,170,Bangunan,170100,Bangunan Berpenghuni,2023-06-16 16:42:03,2023-06-17 00:16:36,i Made Agus Artawan,https://wilkerstat.bps.go.id/api/landmark/69614526/photo,I NYOMAN SINAH,1,"[2, 4, 5]"
69614527,3SQ797,25,400,,5103060006,-8.31053449,115.22802646,3.7900924682617,1,170,Bangunan,170100,Bangunan Berpenghuni,2023-06-16 16:49:25,2023-06-17 00:16:36,i Made Agus Artawan,https://wilkerstat.bps.go.id/api/landmark/69614527/photo,I KETUT PASEK,2,"[3, 4]"
69614528,3SQ798,26,400,,5103060006,-8.31049528,115.22860698,4.8015623092651,1,170,Bangunan,170100,Bangunan Berpenghuni,2023-06-16 17:22:58,2023-06-17 00:16:36,i Made Agus Artawan,https://wilkerstat.bps.go.id/api/landmark/69614528/photo,I WAYAN SEPIARTA,1,[4]
69614529,3SQ799,27,400,,5103060006,-8.31068639,115.22851477,5.9901299476624,1,170,Bangunan,170100,Bangunan Berpenghuni,2023-06-16 17:31:46,2023-06-17 00:16:37,i Made Agus Artawan,https://wilkerstat.bps.go.id/api/landmark/69614529/photo,I GEDE ANTARA,1,"[1, 2, 4]"
69614530,3SQ79A,28,400,,5103060006,-8.3086462,115.22795156,3.9340152740479,1,170,Bangunan,170100,Bangunan Berpenghuni,2023-06-16 17:43:40,2023-06-17 00:16:37,i Made Agus Artawan,https://wilkerstat.bps.go.id/api/landmark/69614530/photo,I WAYAN ASTAWA,1,"[2, 3, 4]"
69614531,3SQ79B,29,400,,5103060006,-8.30865519,115.22801784,3.7900924682617,1,170,Bangunan,170100,Bangunan Berpenghuni,2023-06-16 17:45:07,2023-06-17 00:16:37,i Made Agus Artawan,https://wilkerstat.bps.go.id/api/landmark/69614531/photo,I MADE SIGER,1,"[3, 4]"
69614532,3SQ79C,30,400,,5103060006,-8.30753738,115.22921516,3.7900924682617,1,170,Bangunan,170100,Bangunan Berpenghuni,2023-06-16 17:54:58,2023-06-17 00:16:37,i Made Agus Artawan,https://wilkerstat.bps.go.id/api/landmark/69614532/photo,I MADE WIJAYA,1,"[2, 4]"
73302347,3VTRNB,32,400,,5103060006,-8.30727324,115.22937553,14.500631332397,1,170,Bangunan,170100,Bangunan Berpenghuni,2023-06-19 17:30:35,2023-06-22 15:36:32,i Made Agus Artawan,https://wilkerstat.bps.go.id/api/landmark/73302347/photo,I KETUT GELGEL,1,"[1, 3, 4]"
73302352,3VTRNG,33,400,,5103060006,-8.30734954,115.22941757,3.9595141410828,1,170,Bangunan,170100,Bangunan Berpenghuni,2023-06-19 17:57:19,2023-06-22 15:36:33,i Made Agus Artawan,https://wilkerstat.bps.go.id/api/landmark/73302352/photo,I WAYAN SUMA ,2,"[1, 2, 3, 4]"
73302356,3VTRNK,34,400,,5103060006,-8.30725211,115.22953568,4.2371859550476,1,170,Bangunan,170100,Bangunan Berpenghuni,2023-06-19 18:04:49,2023-06-22 15:36:33,i Made Agus Artawan,https://wilkerstat.bps.go.id/api/landmark/73302356/photo,I NYOMAN KARA,1,"[1, 2, 3, 4]"
73302359,3VTRNN,35,400,,5103060006,-8.30740351,115.22965056,3.9241909980774,1,170,Bangunan,170100,Bangunan Berpenghuni,2023-06-19 18:35:37,2023-06-22 15:36:33,i Made Agus Artawan,https://wilkerstat.bps.go.id/api/landmark/73302359/photo,I MADE TAWAN,2,"[1, 2, 3, 4]"
73302364,3VTRNS,36,400,,5103060006,-8.30741314,115.22964239,3.7900924682617,1,170,Bangunan,170100,Bangunan Berpenghuni,2023-06-19 18:36:06,2023-06-22 15:36:34,i Made Agus Artawan,https://wilkerstat.bps.go.id/api/landmark/73302364/photo,I MADE PANTES,2,"[1, 2, 3, 4]"
73302369,3VTRNX,37,400,,5103060006,-8.3073409,115.22974752,4.4414978027344,1,170,Bangunan,170100,Bangunan Berpenghuni,2023-06-19 18:49:42,2023-06-22 15:36:34,i Made Agus Artawan,https://wilkerstat.bps.go.id/api/landmark/73302369/photo,DEWA PUTU MANGIS,1,"[1, 2]"
73302374,3VTRO4,40,400,,5103060006,-8.30736833,115.22965044,4.4737596511841,1,170,Bangunan,170100,Bangunan Berpenghuni,2023-06-19 18:58:32,2023-06-22 15:36:35,i Made Agus Artawan,https://wilkerstat.bps.go.id/api/landmark/73302374/photo,NGAKAN PUTU NGURAH,1,"[1, 2, 4]"
73302379,3VTROA,38,400,,5103060006,-8.30736601,115.2296836,3.7900924682617,1,170,Bangunan,170100,Bangunan Berpenghuni,2023-06-19 19:05:44,2023-06-22 15:36:35,i Made Agus Artawan,https://wilkerstat.bps.go.id/api/landmark/73302379/photo,DESAK NYOMAN SURNIATI,1,"[1, 2, 4]"
73302382,3VTROD,39,400,,5103060006,-8.30736736,115.22967899,10.31950378418,1,170,Bangunan,170100,Bangunan Berpenghuni,2023-06-19 19:06:30,2023-06-22 15:36:35,i Made Agus Artawan,https://wilkerstat.bps.go.id/api/landmark/73302382/photo,NGAKAN PUTU NGURAH ,1,"[1, 2, 3, 4]"
73302388,3VTROJ,41,400,,5103060006,-8.30738134,115.22970664,3.9257056713104,1,170,Bangunan,170100,Bangunan Berpenghuni,2023-06-19 19:11:48,2023-06-22 15:36:36,i Made Agus Artawan,https://wilkerstat.bps.go.id/api/landmark/73302388/photo,DEWA KETUT RAI,2,"[1, 2, 4]"
73302393,3VTROO,46,400,,5103060006,-8.30736833,115.23020604,3.7900924682617,1,170,Bangunan,170100,Bangunan Berpenghuni,2023-06-20 17:57:58,2023-06-22 15:36:36,i Made Agus Artawan,https://wilkerstat.bps.go.id/api/landmark/73302393/photo,I MADE KASNA,1,"[1, 4]"
73302399,3VTROU,47,400,,5103060006,-8.30746059,115.23038985,4.847499370575,1,170,Bangunan,170100,Bangunan Berpenghuni,2023-06-20 18:10:47,2023-06-22 15:36:36,i Made Agus Artawan,https://wilkerstat.bps.go.id/api/landmark/73302399/photo,I NYOMAN SADRA,2,"[1, 4]"
73302407,3VTRP4,49,400,,5103060006,-8.3074368,115.23018315,3.7900924682617,1,170,Bangunan,170100,Bangunan Berpenghuni,2023-06-20 18:17:01,2023-06-22 15:36:37,i Made Agus Artawan,https://wilkerstat.bps.go.id/api/landmark/73302407/photo,NI KETUT SENTI,2,"[3, 4]"
74287867,3WO8MJ,50,400,,5103060006,-8.30697471,115.22874741,4.0337500572205,1,170,Bangunan,170100,Bangunan Berpenghuni,2023-06-23 18:11:30,2023-06-23 22:04:27,i Made Agus Artawan,https://wilkerstat.bps.go.id/api/landmark/74287867/photo,I MADE NASIB,1,"[1, 3]"
74287870,3WO8MM,52,400,,5103060006,-8.30694286,115.22853181,3.7900924682617,1,170,Bangunan,170100,Bangunan Berpenghuni,2023-06-23 18:24:49,2023-06-23 22:04:27,i Made Agus Artawan,https://wilkerstat.bps.go.id/api/landmark/74287870/photo,I MADE SUDANA,1,"[4, 5]"
74287873,3WO8MP,51,400,,5103060006,-8.30709165,115.22866275,6.8692903518677,1,170,Bangunan,170100,Bangunan Berpenghuni,2023-06-23 18:31:29,2023-06-23 22:04:27,i Made Agus Artawan,https://wilkerstat.bps.go.id/api/landmark/74287873/photo,I WAYAN TANEG,1,"[2, 3, 5]"
74287876,3WO8MS,53,400,,5103060006,-8.30698677,115.22921532,5.0139317512512,1,170,Bangunan,170100,Bangunan Berpenghuni,2023-06-23 18:42:58,2023-06-23 22:04:27,i Made Agus Artawan,https://wilkerstat.bps.go.id/api/landmark/74287876/photo,I MADE SUGIARTA,2,"[1, 2, 4]"
74287877,3WO8MT,48,400,,5103060006,-8.30751337,115.22982087,3.7900924682617,1,170,Bangunan,170100,Bangunan Berpenghuni,2023-06-23 18:55:08,2023-06-23 22:04:28,i Made Agus Artawan,https://wilkerstat.bps.go.id/api/landmark/74287877/photo,I WAYAN SITA,2,"[1, 3, 4]"
74287879,3WO8MV,43,400,,5103060006,-8.30749996,115.22984631,3.7900924682617,1,170,Bangunan,170100,Bangunan Berpenghuni,2023-06-23 18:55:29,2023-06-23 22:04:28,i Made Agus Artawan,https://wilkerstat.bps.go.id/api/landmark/74287879/photo,I KETUT SUDIARTA,1,"[1, 2, 4]"
74287883,3WO8MZ,44,400,,5103060006,-8.30750291,115.22985133,9.9350461959839,1,170,Bangunan,170100,Bangunan Berpenghuni,2023-06-23 18:56:32,2023-06-23 22:04:28,i Made Agus Artawan,https://wilkerstat.bps.go.id/api/landmark/74287883/photo,I WAYAN SUKERTA,1,"[1, 4]"
74287885,3WO8N3,45,400,,5103060006,-8.30743158,115.22985844,10.227633476257,1,170,Bangunan,170100,Bangunan Berpenghuni,2023-06-23 18:57:00,2023-06-23 22:04:29,i Made Agus Artawan,https://wilkerstat.bps.go.id/api/landmark/74287885/photo,I MADE BEDOL,1,"[1, 2, 4]"
74730963,3X2JIO,54,400,,5103060006,-8.3070778,115.22922221,4.2596130371094,1,170,Bangunan,170100,Bangunan Berpenghuni,2023-06-24 16:54:28,2023-06-24 17:10:00,i Made Agus Artawan,https://wilkerstat.bps.go.id/api/landmark/74730963/photo,NI NYOMAN TINGGEN,1,"[2, 4]"
74730971,3X2JIW,55,400,,5103060006,-8.30704726,115.22960458,5.4313344955444,1,170,Bangunan,170100,Bangunan Berpenghuni,2023-06-24 17:12:45,2023-06-24 17:10:00,i Made Agus Artawan,https://wilkerstat.bps.go.id/api/landmark/74730971/photo,I WAYAN SUBAWA,1,"[1, 3, 4]"
74730985,3X2JJD,56,400,,5103060006,-8.30678349,115.22938619,4.1855525970459,1,170,Bangunan,170100,Bangunan Berpenghuni,2023-06-24 17:38:08,2023-06-24 17:10:01,i Made Agus Artawan,https://wilkerstat.bps.go.id/api/landmark/74730985/photo,I WAYAN SUBRATA,2,"[1, 4]"
74730997,3X2JJP,57,400,,5103060006,-8.30690444,115.22949167,6.6912636756897,1,170,Bangunan,170100,Bangunan Berpenghuni,2023-06-24 17:48:27,2023-06-24 17:10:02,i Made Agus Artawan,https://wilkerstat.bps.go.id/api/landmark/74730997/photo,I MADE SINGKUH,2,"[1, 4]"
74731024,3X2JKJ,58,400,,5103060006,-8.30688404,115.22949883,9.9350461959839,1,170,Bangunan,170100,Bangunan Berpenghuni,2023-06-24 17:49:25,2023-06-24 17:10:03,i Made Agus Artawan,https://wilkerstat.bps.go.id/api/landmark/74731024/photo,I MADE SUNARTA,2,"[3, 4]"
74731044,3X2JL5,59,400,,5103060006,-8.30683477,115.22957583,3.7900924682617,1,170,Bangunan,170100,Bangunan Berpenghuni,2023-06-24 17:58:30,2023-06-24 17:10:04,i Made Agus Artawan,https://wilkerstat.bps.go.id/api/landmark/74731044/photo,I MADE ARSA,1,[4]
74731055,3X2JLH,60,400,,5103060006,-8.30682501,115.22969156,4.5813236236572,1,170,Bangunan,170100,Bangunan Berpenghuni,2023-06-24 18:07:57,2023-06-24 17:10:05,i Made Agus Artawan,https://wilkerstat.bps.go.id/api/landmark/74731055/photo,I KADEK SUMEDI,1,"[2, 3]"
74731065,3X2JLR,61,400,,5103060006,-8.30692841,115.22965241,3.7900924682617,1,170,Bangunan,170100,Bangunan Berpenghuni,2023-06-24 18:08:37,2023-06-24 17:10:06,i Made Agus Artawan,https://wilkerstat.bps.go.id/api/landmark/74731065/photo,I WAYAN KACO,1,"[2, 3, 4]"
76138047,3Y9OLL,64,400,,5103060006,-8.30653021,115.22945774,9.3478202819824,1,170,Bangunan,170100,Bangunan Berpenghuni,2023-06-26 17:08:36,2023-06-26 21:55:12,i Made Agus Artawan,https://wilkerstat.bps.go.id/api/landmark/76138047/photo,I NYOMAN ARIAWAN,1,"[1, 4]"
76138050,3Y9OLO,63,400,,5103060006,-8.30634046,115.22945912,7.2285823822021,1,170,Bangunan,170100,Bangunan Berpenghuni,2023-06-26 17:26:59,2023-06-26 21:55:12,i Made Agus Artawan,https://wilkerstat.bps.go.id/api/landmark/76138050/photo,GUSTI KETUT RAI,3,"[1, 4, 5]"
76138052,3Y9OLQ,62,400,,5103060006,-8.30632272,115.22938378,4.7095341682434,1,170,Bangunan,170100,Bangunan Berpenghuni,2023-06-26 17:29:38,2023-06-26 21:55:12,i Made Agus Artawan,https://wilkerstat.bps.go.id/api/landmark/76138052/photo,GUSTI PUTU ARDANA,2,"[3, 4]"
76138053,3Y9OLR,65,400,,5103060006,-8.30653599,115.22954071,7.5477714538574,1,170,Bangunan,170100,Bangunan Berpenghuni,2023-06-26 17:36:59,2023-06-26 21:55:13,i Made Agus Artawan,https://wilkerstat.bps.go.id/api/landmark/76138053/photo,I NYOMAN GLONTONGAN,2,[4]
76138059,3Y9OLX,66,400,,5103060006,-8.3064565,115.22961698,9.9053583145142,1,170,Bangunan,170100,Bangunan Berpenghuni,2023-06-26 17:45:09,2023-06-26 21:55:13,i Made Agus Artawan,https://wilkerstat.bps.go.id/api/landmark/76138059/photo,I NYOMAN RATA,1,"[3, 4]"
76138060,3Y9OLY,67,400,,5103060006,-8.30642621,115.22988277,5.4654660224915,1,170,Bangunan,170100,Bangunan Berpenghuni,2023-06-26 18:02:40,2023-06-26 21:55:13,i Made Agus Artawan,https://wilkerstat.bps.go.id/api/landmark/76138060/photo,DEWA NGAKAN MADE MERTA EKAYASA,1,"[1, 4]"
76138062,3Y9OM2,68,400,,5103060006,-8.30712283,115.2300541,8.4808177947998,1,170,Bangunan,170100,Bangunan Berpenghuni,2023-06-26 18:27:22,2023-06-26 21:55:13,i Made Agus Artawan,https://wilkerstat.bps.go.id/api/landmark/76138062/photo,I MADE KANTOR,2,"[2, 4]"
76138063,3Y9OM3,69,400,,5103060006,-8.30713858,115.23004684,11.301807403564,1,170,Bangunan,170100,Bangunan Berpenghuni,2023-06-26 18:28:31,2023-06-26 21:55:14,i Made Agus Artawan,https://wilkerstat.bps.go.id/api/landmark/76138063/photo,I KETUT SUBAGIA GUNAWAN,1,"[2, 4]"
76138065,3Y9OM5,70,400,,5103060006,-8.30710601,115.23039522,4.7520627975464,1,170,Bangunan,170100,Bangunan Berpenghuni,2023-06-26 18:39:06,2023-06-26 21:55:14,i Made Agus Artawan,https://wilkerstat.bps.go.id/api/landmark/76138065/photo,I WAYAN SUMAJA,1,"[1, 2, 4]"
76138067,3Y9OM8,71,400,,5103060006,-8.30719048,115.23021879,6.1651129722595,1,170,Bangunan,170100,Bangunan Berpenghuni,2023-06-26 18:47:46,2023-06-26 21:55:14,i Made Agus Artawan,https://wilkerstat.bps.go.id/api/landmark/76138067/photo,I KETUT MARNA,2,"[1, 4]"
76925813,3YVLYB,31,400,,5103060006,-8.30826867,115.22803492,4.4185271263123,1,170,Bangunan,170100,Bangunan Berpenghuni,2023-06-27 17:45:16,2023-06-28 16:49:26,i Made Agus Artawan,https://wilkerstat.bps.go.id/api/landmark/76925813/photo,I NYOMAN NGENTEG,1,"[3, 4]"
76925815,3YVLYD,42,400,,5103060006,-8.30743535,115.2298217,3.8413379192352,1,170,Bangunan,170100,Bangunan Berpenghuni,2023-06-27 17:46:58,2023-06-28 16:49:26,i Made Agus Artawan,https://wilkerstat.bps.go.id/api/landmark/76925815/photo,I MADE SUARDIKA,1,"[1, 2, 4]"
76925816,3YVLYE,72,400,,5103060006,-8.30742823,115.23001442,4.5607447624207,1,170,Bangunan,170100,Bangunan Berpenghuni,2023-06-27 18:01:20,2023-06-28 16:49:26,i Made Agus Artawan,https://wilkerstat.bps.go.id/api/landmark/76925816/photo,I NYOMAN PUJANA,1,"[1, 2, 3, 4]"
76925818,3YVLYG,73,400,,5103060006,-8.30779807,115.23140686,3.7900924682617,1,170,Bangunan,170100,Bangunan Berpenghuni,2023-06-27 18:12:18,2023-06-28 16:49:26,i Made Agus Artawan,https://wilkerstat.bps.go.id/api/landmark/76925818/photo,I WAYAN CENGOL,1,"[1, 4]"
76925821,3YVLYJ,74,400,,5103060006,-8.30753087,115.23178779,3.7900924682617,1,170,Bangunan,170100,Bangunan Berpenghuni,2023-06-27 18:17:08,2023-06-28 16:49:27,i Made Agus Artawan,https://wilkerstat.bps.go.id/api/landmark/76925821/photo,I MADE KRENENG,1,"[1, 4]"
76925822,3YVLYK,75,400,,5103060006,-8.30744351,115.2317293,3.7900924682617,1,170,Bangunan,170100,Bangunan Berpenghuni,2023-06-27 18:20:06,2023-06-28 16:49:27,i Made Agus Artawan,https://wilkerstat.bps.go.id/api/landmark/76925822/photo,I MADE ASTIKA,1,"[2, 4]"
76925823,3YVLYL,76,400,,5103060006,-8.30725619,115.23060797,5.6855998039246,1,170,Bangunan,170100,Bangunan Berpenghuni,2023-06-27 18:34:17,2023-06-28 16:49:27,i Made Agus Artawan,https://wilkerstat.bps.go.id/api/landmark/76925823/photo,I MADE SUKAYASA,2,"[1, 2, 4]"
76925826,3YVLYO,77,400,,5103060006,-8.30711777,115.23062254,11.307500839233,1,170,Bangunan,170100,Bangunan Berpenghuni,2023-06-27 18:41:02,2023-06-28 16:49:28,i Made Agus Artawan,https://wilkerstat.bps.go.id/api/landmark/76925826/photo,I DEWA NYOMAN WIJANA,1,"[1, 3, 4]"
76925831,3YVLYT,79,400,,5103060006,-8.30701405,115.23064177,3.7900924682617,1,170,Bangunan,170100,Bangunan Berpenghuni,2023-06-27 18:55:11,2023-06-28 16:49:28,i Made Agus Artawan,https://wilkerstat.bps.go.id/api/landmark/76925831/photo,GUSTI PUTU OKA,1,"[1, 2, 4]"
76925836,3YVLYY,78,400,,5103060006,-8.30710062,115.23069356,5.3055276870728,1,170,Bangunan,170100,Bangunan Berpenghuni,2023-06-27 18:59:43,2023-06-28 16:49:28,i Made Agus Artawan,https://wilkerstat.bps.go.id/api/landmark/76925836/photo,I GUSTI BAGUS PUTRAYASA,1,[4]
76925838,3YVLZ2,80,400,,5103060006,-8.30699302,115.23061639,6.2372546195984,1,170,Bangunan,170100,Bangunan Berpenghuni,2023-06-27 19:02:41,2023-06-28 16:49:28,i Made Agus Artawan,https://wilkerstat.bps.go.id/api/landmark/76925838/photo,I NYOMAN MUDANA,2,"[3, 4]"
76972352,3YWVPK,81,400,,5103060006,-8.29893236,115.22849529,3.7900924682617,1,170,Bangunan,170100,Bangunan Berpenghuni,2023-06-28 18:50:09,2023-06-28 18:36:54,i Made Agus Artawan,https://wilkerstat.bps.go.id/api/landmark/76972352/photo,I NYOMAN LANUS,1,"[3, 4]"
76972358,3YWVPQ,82,400,,5103060006,-8.29889994,115.22847372,3.7900924682617,1,170,Bangunan,170100,Bangunan Berpenghuni,2023-06-28 18:50:52,2023-06-28 18:36:55,i Made Agus Artawan,https://wilkerstat.bps.go.id/api/landmark/76972358/photo,I NYOMAN DARMA WIGUNA,1,[4]
76972363,3YWVPV,83,400,,5103060006,-8.29895506,115.22856778,3.7900924682617,1,170,Bangunan,170100,Bangunan Berpenghuni,2023-06-28 18:52:45,2023-06-28 18:36:55,i Made Agus Artawan,https://wilkerstat.bps.go.id/api/landmark/76972363/photo,I KETUT KADUT,1,"[3, 4]"
76972372,3YWVQ7,84,400,,5103060006,-8.29903476,115.22818425,4.5008249282837,1,170,Bangunan,170100,Bangunan Berpenghuni,2023-06-28 18:56:55,2023-06-28 18:36:55,i Made Agus Artawan,https://wilkerstat.bps.go.id/api/landmark/76972372/photo,I NYOMAN MUSTIKA,1,[4]
76972378,3YWVQD,85,400,,5103060006,-8.30491238,115.22998863,6.5202879905701,1,170,Bangunan,170100,Bangunan Berpenghuni,2023-06-28 19:20:55,2023-06-28 18:36:56,i Made Agus Artawan,https://wilkerstat.bps.go.id/api/landmark/76972378/photo,I MADE SUYASA,1,"[2, 3, 4]"
76972382,3YWVQH,86,400,,5103060006,-8.30499492,115.23012352,3.7900924682617,1,170,Bangunan,170100,Bangunan Berpenghuni,2023-06-28 19:34:53,2023-06-28 18:36:56,i Made Agus Artawan,https://wilkerstat.bps.go.id/api/landmark/76972382/photo,I NYOMAN LETER,2,"[1, 3, 4]"
77905965,3ZPUZU,87,400,,5103060006,-8.31685286,115.2270527,3.7900924682617,1,170,Bangunan,170100,Bangunan Berpenghuni,2023-06-29 18:19:21,2023-07-02 09:44:34,i Made Agus Artawan,https://wilkerstat.bps.go.id/api/landmark/77905965/photo,I KETUT MULIARTA,1,"[2, 3, 4]"
78492832,4298WP,88,400,,5103060006,-8.29958644,115.22879824,4.3257541656494,1,170,Bangunan,170100,Bangunan Berpenghuni,2023-07-04 16:15:08,2023-07-04 15:30:37,i Made Agus Artawan,https://wilkerstat.bps.go.id/api/landmark/78492832/photo,I NYOMAN ARSANA,1,"[2, 3, 4]"
78492836,4298WT,89,400,,5103060006,-8.29955714,115.22880975,4.0640773773193,1,170,Bangunan,170100,Bangunan Berpenghuni,2023-07-04 16:15:46,2023-07-04 15:30:38,i Made Agus Artawan,https://wilkerstat.bps.go.id/api/landmark/78492836/photo,I KETUT NYABLUK,1,[4]
78492841,4298WY,90,400,,5103060006,-8.29969188,115.22921875,3.7900924682617,1,170,Bangunan,170100,Bangunan Berpenghuni,2023-07-04 16:30:20,2023-07-04 15:30:38,i Made Agus Artawan,https://wilkerstat.bps.go.id/api/landmark/78492841/photo,I MADE SUTAMA,1,"[3, 4]"
78853059,42J9PO,91,400,,5103060006,-8.2997223,115.22886407,4.6230854988098,1,170,Bangunan,170100,Bangunan Berpenghuni,2023-07-05 18:09:22,2023-07-05 18:58:42,i Made Agus Artawan,https://wilkerstat.bps.go.id/api/landmark/78853059/photo,DEWA KETUT SUANDA,1,"[3, 4]"
78853060,42J9PP,92,400,,5103060006,-8.29974039,115.22887426,5.2222127914429,1,170,Bangunan,170100,Bangunan Berpenghuni,2023-07-05 18:14:10,2023-07-05 18:58:42,i Made Agus Artawan,https://wilkerstat.bps.go.id/api/landmark/78853060/photo,DEWA NYOMAN TANTRA,1,"[2, 3, 4]"
78853062,42J9PR,93,400,,5103060006,-8.2998973,115.22904856,6.405059337616,1,170,Bangunan,170100,Bangunan Berpenghuni,2023-07-05 18:22:23,2023-07-05 18:58:42,i Made Agus Artawan,https://wilkerstat.bps.go.id/api/landmark/78853062/photo,I WAYAN KRANIT,1,"[1, 4]"
78853064,42J9PT,94,400,,5103060006,-8.29989892,115.22905297,9.9557552337646,1,170,Bangunan,170100,Bangunan Berpenghuni,2023-07-05 18:23:31,2023-07-05 18:58:43,i Made Agus Artawan,https://wilkerstat.bps.go.id/api/landmark/78853064/photo,I MADE PUTRAYASA,1,"[3, 4]"
78853065,42J9PU,95,400,,5103060006,-8.29992836,115.22938312,3.7900924682617,1,170,Bangunan,170100,Bangunan Berpenghuni,2023-07-05 18:31:15,2023-07-05 18:58:43,i Made Agus Artawan,https://wilkerstat.bps.go.id/api/landmark/78853065/photo,I KETUT WENA,2,"[1, 3, 4]"
78853067,42J9PW,96,400,,5103060006,-8.2999872,115.2290791,5.095232963562,1,170,Bangunan,170100,Bangunan Berpenghuni,2023-07-05 18:43:53,2023-07-05 18:58:43,i Made Agus Artawan,https://wilkerstat.bps.go.id/api/landmark/78853067/photo,I MADE EDY ARIAWAN,1,[4]
78853070,42J9PZ,97,400,,5103060006,-8.30001783,115.22906402,13.473752975464,1,170,Bangunan,170100,Bangunan Berpenghuni,2023-07-05 18:46:13,2023-07-05 18:58:43,i Made Agus Artawan,https://wilkerstat.bps.go.id/api/landmark/78853070/photo,I WAYAN SADIA,2,"[2, 4]"
78853071,42J9Q2,98,400,,5103060006,-8.30003976,115.22956899,3.926481962204,1,170,Bangunan,170100,Bangunan Berpenghuni,2023-07-05 18:52:08,2023-07-05 18:58:43,i Made Agus Artawan,https://wilkerstat.bps.go.id/api/landmark/78853071/photo,I KETUT KARMA,1,"[2, 3, 4]"
78853072,42J9Q3,99,400,,5103060006,-8.30013176,115.22968675,4.1111254692078,1,170,Bangunan,170100,Bangunan Berpenghuni,2023-07-05 19:01:20,2023-07-05 18:58:44,i Made Agus Artawan,https://wilkerstat.bps.go.id/api/landmark/78853072/photo,I MADE ODIN,1,"[1, 2, 3, 4]"
78853074,42J9Q5,100,400,,5103060006,-8.30011514,115.22970668,3.7900924682617,1,170,Bangunan,170100,Bangunan Berpenghuni,2023-07-05 19:07:25,2023-07-05 18:58:44,i Made Agus Artawan,https://wilkerstat.bps.go.id/api/landmark/78853074/photo,I NYOMAN MURAH,1,"[2, 4]"
78853076,42J9Q8,101,400,,5103060006,-8.3002153,115.2291776,20.0,1,170,Bangunan,170100,Bangunan Berpenghuni,2023-07-05 19:22:16,2023-07-05 18:58:44,i Made Agus Artawan,https://wilkerstat.bps.go.id/api/landmark/78853076/photo,WAYAN ADI SAPUTRA,1,[2]
78853078,42J9QA,102,400,,5103060006,-8.3002159,115.2291815,20.0,1,170,Bangunan,170100,Bangunan Berpenghuni,2023-07-05 19:22:55,2023-07-05 18:58:45,i Made Agus Artawan,https://wilkerstat.bps.go.id/api/landmark/78853078/photo,I KETUT ADA ARNAYA,1,[4]
78853079,42J9QB,103,400,,5103060006,-8.30038828,115.22911271,17.581768035889,1,170,Bangunan,170100,Bangunan Berpenghuni,2023-07-05 19:31:04,2023-07-05 18:58:45,i Made Agus Artawan,https://wilkerstat.bps.go.id/api/landmark/78853079/photo,I NYOMAN SANTIKA PUTRA,2,"[3, 4]"
78853082,42J9QE,104,400,,5103060006,-8.30031366,115.22913739,13.092775344849,1,170,Bangunan,170100,Bangunan Berpenghuni,2023-07-05 19:35:53,2023-07-05 18:58:45,i Made Agus Artawan,https://wilkerstat.bps.go.id/api/landmark/78853082/photo,I KETUT PULUNG,1,[4]
78853083,42J9QF,105,400,,5103060006,-8.30028533,115.22914974,9.0811204910278,1,170,Bangunan,170100,Bangunan Berpenghuni,2023-07-05 19:42:05,2023-07-05 18:58:45,i Made Agus Artawan,https://wilkerstat.bps.go.id/api/landmark/78853083/photo,I WAYAN SUGIARTA,1,"[2, 4]"
81179350,44HXVD,106,400,,5103060006,-8.30036758,115.22955361,8.5222263336182,1,170,Bangunan,170100,Bangunan Berpenghuni,2023-07-09 18:38:27,2023-07-12 08:04:31,i Made Agus Artawan,https://wilkerstat.bps.go.id/api/landmark/81179350/photo,I WAYAN ADA,1,"[2, 3, 4]"
81179351,44HXVE,107,400,,5103060006,-8.30036624,115.22947283,5.3121380805969,1,170,Bangunan,170100,Bangunan Berpenghuni,2023-07-09 19:17:25,2023-07-12 08:04:32,i Made Agus Artawan,https://wilkerstat.bps.go.id/api/landmark/81179351/photo,I WAYAN KAWIT,2,"[1, 3, 4]"
81179353,44HXVG,108,400,,5103060006,-8.3008428,115.2289565,7.4072289466858,1,170,Bangunan,170100,Bangunan Berpenghuni,2023-07-11 17:18:50,2023-07-12 08:04:32,i Made Agus Artawan,https://wilkerstat.bps.go.id/api/landmark/81179353/photo,I WAYAN SUBANDI,1,"[2, 3, 4]"
81179355,44HXVI,109,400,,5103060006,-8.3029349,115.23139069,4.4034485816956,1,170,Bangunan,170100,Bangunan Berpenghuni,2023-07-11 17:35:52,2023-07-12 08:04:32,i Made Agus Artawan,https://wilkerstat.bps.go.id/api/landmark/81179355/photo,I MADE YASA,1,"[2, 3, 4]"
81179358,44HXVL,110,400,,5103060006,-8.30275577,115.2326114,8.4568958282471,1,170,Bangunan,170100,Bangunan Berpenghuni,2023-07-11 17:51:07,2023-07-12 08:04:33,i Made Agus Artawan,https://wilkerstat.bps.go.id/api/landmark/81179358/photo,I WAYAN JATI,1,[4]
81179363,44HXVQ,111,400,,5103060006,-8.30277958,115.23265775,10.757852554321,1,170,Bangunan,170100,Bangunan Berpenghuni,2023-07-11 17:52:47,2023-07-12 08:04:33,i Made Agus Artawan,https://wilkerstat.bps.go.id/api/landmark/81179363/photo,I WAYAN ARTANA,1,"[2, 3, 4]"
81179366,44HXVT,112,400,,5103060006,-8.30239867,115.2330584,5.2216377258301,1,170,Bangunan,170100,Bangunan Berpenghuni,2023-07-11 18:17:26,2023-07-12 08:04:33,i Made Agus Artawan,https://wilkerstat.bps.go.id/api/landmark/81179366/photo,I NYOMAN SUWENA,2,"[3, 4]"
81179368,44HXVV,113,400,,5103060006,-8.30275622,115.23399424,3.7900924682617,1,170,Bangunan,170100,Bangunan Berpenghuni,2023-07-11 18:20:11,2023-07-12 08:04:34,i Made Agus Artawan,https://wilkerstat.bps.go.id/api/landmark/81179368/photo,I MADE TUNJUNG,2,"[1, 3, 4]"
81179371,44HXVY,114,400,,5103060006,-8.3032044,115.2316003,20.0,1,170,Bangunan,170100,Bangunan Berpenghuni,2023-07-11 18:40:10,2023-07-12 08:04:34,i Made Agus Artawan,https://wilkerstat.bps.go.id/api/landmark/81179371/photo,I MADE JANA,1,"[2, 3, 4, 5]"
81179373,44HXW2,115,400,,5103060006,-8.30310922,115.23157102,4.6959705352783,1,170,Bangunan,170100,Bangunan Berpenghuni,2023-07-11 18:51:12,2023-07-12 08:04:34,i Made Agus Artawan,https://wilkerstat.bps.go.id/api/landmark/81179373/photo,I KETUT NADI,1,"[2, 3, 4]"
81179375,44HXW4,117,400,,5103060006,-8.30069614,115.23070753,3.7900924682617,1,170,Bangunan,170100,Bangunan Berpenghuni,2023-07-11 19:02:19,2023-07-12 08:04:34,i Made Agus Artawan,https://wilkerstat.bps.go.id/api/landmark/81179375/photo,I WAYAN SUKARTA,2,[2]
81853763,452Q84,118,400,,5103060006,-8.30429107,115.2301857,4.7185788154602,1,170,Bangunan,170100,Bangunan Berpenghuni,2023-07-13 17:45:18,2023-07-13 16:56:30,i Made Agus Artawan,https://wilkerstat.bps.go.id/api/landmark/81853763/photo,I WAYAN WAGE,1,[4]
81853769,452Q8B,119,400,,5103060006,-8.30422114,115.23010806,6.8042998313904,1,170,Bangunan,170100,Bangunan Berpenghuni,2023-07-13 17:49:47,2023-07-13 16:56:30,i Made Agus Artawan,https://wilkerstat.bps.go.id/api/landmark/81853769/photo,I KETUT KONOL,1,"[3, 4, 5]"
81853776,452Q8I,120,400,,5103060006,-8.30424297,115.23016727,8.6013851165771,1,170,Bangunan,170100,Bangunan Berpenghuni,2023-07-13 17:54:08,2023-07-13 16:56:31,i Made Agus Artawan,https://wilkerstat.bps.go.id/api/landmark/81853776/photo,I MADE SUMERTA,1,[2]
84955718,48O2MQ,121,400,,5103060006,-8.30424496,115.23010943,3.9380252361298,1,170,Bangunan,170100,Bangunan Berpenghuni,2023-07-13 17:58:50,2023-07-20 14:07:02,i Made Agus Artawan,https://wilkerstat.bps.go.id/api/landmark/84955718/photo,I WAYAN SIMPEN,1,"[1, 4]"
84955731,48O2N5,122,400,,5103060006,-8.30452823,115.23002781,4.9652338027954,1,170,Bangunan,170100,Bangunan Berpenghuni,2023-07-13 18:10:09,2023-07-20 14:07:03,i Made Agus Artawan,https://wilkerstat.bps.go.id/api/landmark/84955731/photo,I WAYAN GIM,1,"[2, 3, 4]"
84955746,48O2NL,123,400,,5103060006,-8.30456999,115.2298753,3.7900924682617,1,170,Bangunan,170100,Bangunan Berpenghuni,2023-07-13 18:17:44,2023-07-20 14:07:05,i Made Agus Artawan,https://wilkerstat.bps.go.id/api/landmark/84955746/photo,PUTU ASNAWA ,1,"[2, 3, 4]"
84955759,48O2NY,124,400,,5103060006,-8.30475496,115.22966279,3.8186678886414,1,170,Bangunan,170100,Bangunan Berpenghuni,2023-07-13 18:22:37,2023-07-20 14:07:07,i Made Agus Artawan,https://wilkerstat.bps.go.id/api/landmark/84955759/photo,I WAYAN ORDA,1,[3]
84955767,48O2O9,125,400,,5103060006,-8.3136317,115.22765148,3.7900924682617,1,170,Bangunan,170100,Bangunan Berpenghuni,2023-07-17 16:42:50,2023-07-20 14:07:08,i Made Agus Artawan,https://wilkerstat.bps.go.id/api/landmark/84955767/photo,NI WAYAN SIPLIN,1,"[1, 2, 3, 4]"
85067757,48R7IU,126,400,,5103060006,-8.30594155,115.23029418,4.5444002151489,1,170,Bangunan,170100,Bangunan Berpenghuni,2023-07-20 17:29:14,2023-07-20 17:39:48,i Made Agus Artawan,https://wilkerstat.bps.go.id/api/landmark/85067757/photo,I MADE GUNAWASA,1,"[1, 2, 3, 4]"
85067759,48R7IW,127,400,,5103060006,-8.30592446,115.23024764,3.7900924682617,1,170,Bangunan,170100,Bangunan Berpenghuni,2023-07-20 17:39:00,2023-07-20 17:39:48,i Made Agus Artawan,https://wilkerstat.bps.go.id/api/landmark/85067759/photo,I KETUT TIRTA,1,"[2, 4]"
85067762,48R7IZ,128,400,,5103060006,-8.30603713,115.23055784,3.7900924682617,1,170,Bangunan,170100,Bangunan Berpenghuni,2023-07-20 17:44:40,2023-07-20 17:39:48,i Made Agus Artawan,https://wilkerstat.bps.go.id/api/landmark/85067762/photo,I MADE WEDA,1,[4]
85067764,48R7J3,129,400,,5103060006,-8.30608719,115.22953154,4.4703855514526,1,170,Bangunan,170100,Bangunan Berpenghuni,2023-07-20 17:52:20,2023-07-20 17:39:48,i Made Agus Artawan,https://wilkerstat.bps.go.id/api/landmark/85067764/photo,NI MADE LAPON,1,[4]
85067767,48R7J7,130,400,,5103060006,-8.3060336,115.22962041,8.3680229187012,1,170,Bangunan,170100,Bangunan Berpenghuni,2023-07-20 17:55:47,2023-07-20 17:39:49,i Made Agus Artawan,https://wilkerstat.bps.go.id/api/landmark/85067767/photo,NI KETUT SORE,1,[4]
85067770,48R7JA,131,400,,5103060006,-8.30608062,115.22956925,11.969344139099,1,170,Bangunan,170100,Bangunan Berpenghuni,2023-07-20 17:57:16,2023-07-20 17:39:49,i Made Agus Artawan,https://wilkerstat.bps.go.id/api/landmark/85067770/photo,I NYOMAN AMBON,1,[4]
85067771,48R7JB,132,400,,5103060006,-8.30617813,115.229684,7.0915670394897,1,170,Bangunan,170100,Bangunan Berpenghuni,2023-07-20 18:06:32,2023-07-20 17:39:49,i Made Agus Artawan,https://wilkerstat.bps.go.id/api/landmark/85067771/photo,I WAYAN LOPYO,1,[1]
85067773,48R7JD,133,400,,5103060006,-8.3062051,115.22971474,4.2587037086487,1,170,Bangunan,170100,Bangunan Berpenghuni,2023-07-20 18:13:02,2023-07-20 17:39:49,i Made Agus Artawan,https://wilkerstat.bps.go.id/api/landmark/85067773/photo,I KETUT MAEL ,1,"[1, 3]"
85067774,48R7JE,134,400,,5103060006,-8.30618409,115.22974321,5.3228168487549,1,170,Bangunan,170100,Bangunan Berpenghuni,2023-07-20 18:17:14,2023-07-20 17:39:50,i Made Agus Artawan,https://wilkerstat.bps.go.id/api/landmark/85067774/photo,I KETUT SERIT,1,[1]
85067775,48R7JF,135,400,,5103060006,-8.30498493,115.23031374,3.7900924682617,1,170,Bangunan,170100,Bangunan Berpenghuni,2023-07-20 18:22:44,2023-07-20 17:39:50,i Made Agus Artawan,https://wilkerstat.bps.go.id/api/landmark/85067775/photo,NI NYOMAN WIRKI ,1,[4]
86006377,49KBFV,136,400,,5103060006,-8.30588233,115.22966436,3.7980072498322,1,170,Bangunan,170100,Bangunan Berpenghuni,2023-07-22 17:53:11,2023-07-22 18:40:43,i Made Agus Artawan,https://wilkerstat.bps.go.id/api/landmark/86006377/photo,I NYOMAN SUDIN,1,"[1, 3, 4]"
86006379,49KBFX,137,400,,5103060006,-8.30604303,115.23048961,3.7900924682617,1,170,Bangunan,170100,Bangunan Berpenghuni,2023-07-22 17:59:23,2023-07-22 18:40:43,i Made Agus Artawan,https://wilkerstat.bps.go.id/api/landmark/86006379/photo,I WAYAN DANA,1,"[2, 3, 4]"
86006382,49KBG2,138,400,,5103060006,-8.30600922,115.23047464,3.7900924682617,1,170,Bangunan,170100,Bangunan Berpenghuni,2023-07-22 18:02:55,2023-07-22 18:40:44,i Made Agus Artawan,https://wilkerstat.bps.go.id/api/landmark/86006382/photo,I MADE SUDIRTA,1,"[1, 2, 4]"
86006385,49KBG5,139,400,,5103060006,-8.30605743,115.23071031,3.7900924682617,1,170,Bangunan,170100,Bangunan Berpenghuni,2023-07-22 18:07:22,2023-07-22 18:40:44,i Made Agus Artawan,https://wilkerstat.bps.go.id/api/landmark/86006385/photo,I KETUT ARTA,1,"[3, 4]"
86006390,49KBGB,140,400,,5103060006,-8.30604801,115.23026195,11.332417488098,1,170,Bangunan,170100,Bangunan Berpenghuni,2023-07-22 18:13:11,2023-07-22 18:40:44,i Made Agus Artawan,https://wilkerstat.bps.go.id/api/landmark/86006390/photo,I WAYAN TANGSI,1,"[1, 4]"
86006394,49KBGF,141,400,,5103060006,-8.30628319,115.23012311,3.7900924682617,1,170,Bangunan,170100,Bangunan Berpenghuni,2023-07-22 18:20:41,2023-07-22 18:40:45,i Made Agus Artawan,https://wilkerstat.bps.go.id/api/landmark/86006394/photo,NI MADE ARIANI,1,"[3, 4]"
86006397,49KBGI,142,400,,5103060006,-8.30632365,115.23033602,3.7900924682617,1,170,Bangunan,170100,Bangunan Berpenghuni,2023-07-22 18:33:49,2023-07-22 18:40:45,i Made Agus Artawan,https://wilkerstat.bps.go.id/api/landmark/86006397/photo,I KETUT SUDARMA,2,"[1, 3, 4]"
86006400,49KBGL,143,400,,5103060006,-8.30633784,115.2305274,4.5054821968079,1,170,Bangunan,170100,Bangunan Berpenghuni,2023-07-22 18:44:12,2023-07-22 18:40:45,i Made Agus Artawan,https://wilkerstat.bps.go.id/api/landmark/86006400/photo,I KETUT SUBAKTI ,2,"[1, 2, 3, 4]"
86006403,49KBGO,144,400,,5103060006,-8.30678724,115.23074483,3.8070814609528,1,170,Bangunan,170100,Bangunan Berpenghuni,2023-07-22 18:54:16,2023-07-22 18:40:45,i Made Agus Artawan,https://wilkerstat.bps.go.id/api/landmark/86006403/photo,I MADE BUDHA,1,"[1, 3, 4]"
86006406,49KBGR,145,400,,5103060006,-8.30663606,115.2307175,4.2425856590271,1,170,Bangunan,170100,Bangunan Berpenghuni,2023-07-22 19:15:57,2023-07-22 18:40:46,i Made Agus Artawan,https://wilkerstat.bps.go.id/api/landmark/86006406/photo,I WAYAN SUBA,2,"[1, 4]"
86006409,49KBGU,146,400,,5103060006,-8.30686474,115.23065744,4.8700881004333,1,170,Bangunan,170100,Bangunan Berpenghuni,2023-07-22 19:21:11,2023-07-22 18:40:46,i Made Agus Artawan,https://wilkerstat.bps.go.id/api/landmark/86006409/photo,I WAYAN WENDI,1,"[1, 3, 4]"
86457709,49WTUM,147,400,,5103060006,-8.3066299,115.2303503,20.0,1,170,Bangunan,170100,Bangunan Berpenghuni,2023-07-23 17:36:16,2023-07-23 19:28:50,i Made Agus Artawan,https://wilkerstat.bps.go.id/api/landmark/86457709/photo,I WAYAN DEBOT,1,"[1, 2, 3, 4]"
86457712,49WTUP,148,400,,5103060006,-8.30660152,115.23034053,5.1692690849304,1,170,Bangunan,170100,Bangunan Berpenghuni,2023-07-23 17:41:25,2023-07-23 19:28:50,i Made Agus Artawan,https://wilkerstat.bps.go.id/api/landmark/86457712/photo,I MADE SUDA,1,"[3, 4]"
86457718,49WTUV,149,400,,5103060006,-8.30664245,115.2303413,5.0798788070679,1,170,Bangunan,170100,Bangunan Berpenghuni,2023-07-23 17:45:32,2023-07-23 19:28:50,i Made Agus Artawan,https://wilkerstat.bps.go.id/api/landmark/86457718/photo,I WAYAN SUMIARTA,1,"[3, 4]"
86457724,49WTV3,150,400,,5103060006,-8.2991013,115.2296436,20.0,1,170,Bangunan,170100,Bangunan Berpenghuni,2023-07-23 17:55:18,2023-07-23 19:28:51,i Made Agus Artawan,https://wilkerstat.bps.go.id/api/landmark/86457724/photo,I MADE TAMAYASA,2,"[1, 4]"
86457727,49WTV7,151,400,,5103060006,-8.30658743,115.23071103,13.738885879517,1,170,Bangunan,170100,Bangunan Berpenghuni,2023-07-23 17:58:17,2023-07-23 19:28:51,i Made Agus Artawan,https://wilkerstat.bps.go.id/api/landmark/86457727/photo,I NYOMAN SANTIKA,2,"[1, 2, 4]"
86457731,49WTVB,152,400,,5103060006,-8.30664011,115.23013063,5.2299365997314,1,170,Bangunan,170100,Bangunan Berpenghuni,2023-07-23 18:00:14,2023-07-23 19:28:52,i Made Agus Artawan,https://wilkerstat.bps.go.id/api/landmark/86457731/photo,I WAYAN SUARJA,2,"[1, 3, 4]"
86457733,49WTVD,153,400,,5103060006,-8.3068951,115.23008285,4.8433880805969,1,170,Bangunan,170100,Bangunan Berpenghuni,2023-07-23 18:05:05,2023-07-23 19:28:52,i Made Agus Artawan,https://wilkerstat.bps.go.id/api/landmark/86457733/photo,I WAYAN DAWAN,1,"[1, 2, 3, 4]"
86457734,49WTVE,154,400,,5103060006,-8.3068682,115.22999613,7.0663232803345,1,170,Bangunan,170100,Bangunan Berpenghuni,2023-07-23 18:07:52,2023-07-23 19:28:52,i Made Agus Artawan,https://wilkerstat.bps.go.id/api/landmark/86457734/photo,I MADE ARNAYA ,1,"[2, 4]"
86457749,49WTVT,155,400,,5103060006,-8.30680911,115.22914317,3.7900924682617,1,170,Bangunan,170100,Bangunan Berpenghuni,2023-07-23 18:19:51,2023-07-23 19:28:54,i Made Agus Artawan,https://wilkerstat.bps.go.id/api/landmark/86457749/photo,I WAYAN SUWITRA,1,"[1, 3, 4]"
86457758,49WTW4,156,400,,5103060006,-8.30657473,115.22929895,3.7900924682617,1,170,Bangunan,170100,Bangunan Berpenghuni,2023-07-23 18:25:41,2023-07-23 19:28:55,i Made Agus Artawan,https://wilkerstat.bps.go.id/api/landmark/86457758/photo,I MADE PUGER,2,"[2, 3, 4]"
86457761,49WTW8,157,400,,5103060006,-8.30627416,115.22932716,3.7900924682617,1,170,Bangunan,170100,Bangunan Berpenghuni,2023-07-23 18:35:23,2023-07-23 19:28:55,i Made Agus Artawan,https://wilkerstat.bps.go.id/api/landmark/86457761/photo,I NYOMAN KARSA,2,"[1, 2, 3, 4]"
86457763,49WTWA,158,400,,5103060006,-8.30656802,115.22956244,4.293839931488,1,170,Bangunan,170100,Bangunan Berpenghuni,2023-07-23 18:44:47,2023-07-23 19:28:55,i Made Agus Artawan,https://wilkerstat.bps.go.id/api/landmark/86457763/photo,I PUTU SUDARMIKA ,1,"[1, 2, 3, 4]"
86457769,49WTWG,159,400,,5103060006,-8.30654492,115.22958556,5.4819569587708,1,170,Bangunan,170100,Bangunan Berpenghuni,2023-07-23 18:48:46,2023-07-23 19:28:56,i Made Agus Artawan,https://wilkerstat.bps.go.id/api/landmark/86457769/photo,I MADE REBO,1,"[1, 2, 3, 4]"
88661055,4BS75O,160,400,,5103060006,-8.30010928,115.2292607,3.7900924682617,1,170,Bangunan,170100,Bangunan Berpenghuni,2023-07-25 16:47:05,2023-07-29 19:13:25,i Made Agus Artawan,https://wilkerstat.bps.go.id/api/landmark/88661055/photo,NI WAYAN MUSIN,1,[4]
88661058,4BS75R,116,400,,5103060006,-8.30068801,115.22958754,3.7900924682617,1,170,Bangunan,170100,Bangunan Berpenghuni,2023-07-25 16:47:46,2023-07-29 19:13:25,i Made Agus Artawan,https://wilkerstat.bps.go.id/api/landmark/88661058/photo,I KETUT KAJENG,1,"[4, 5]"
62706094,3MVWEP,4,100,,5103060006,-8.2948638964444,115.22537975572,3.5,1,170,Bangunan,170100,Bangunan Berpenghuni,2023-06-05 11:23:11,2023-06-05 10:23:36,IDA AYU PUTU ANANDA WISDANTINI,https://wilkerstat.bps.go.id/api/landmark/62706094/photo,I NYOMAN CEGER,2,"[2, 4]"
62711370,3MW39L,5,100,,5103060006,-8.2949003996328,115.22537816316,4.5,1,170,Bangunan,170100,Bangunan Berpenghuni,2023-06-05 11:35:20,2023-06-05 10:35:29,IDA AYU PUTU ANANDA WISDANTINI,https://wilkerstat.bps.go.id/api/landmark/62711370/photo,I KETUT SUKA,1,[4]
62775681,3MXUBF,10,100,,5103060006,-8.2951595261693,115.22542024031,3.0,1,170,Bangunan,170100,Bangunan Berpenghuni,2023-06-05 14:14:21,2023-06-05 13:14:28,IDA AYU PUTU ANANDA WISDANTINI,https://wilkerstat.bps.go.id/api/landmark/62775681/photo,I WAYAN KANTOR,1,"[2, 3, 4]"
63696297,3NQHNU,16,100,,5103060006,-8.2935304613784,115.22506929003,3.0,1,170,Bangunan,170100,Bangunan Berpenghuni,2023-06-07 13:24:31,2023-06-07 12:24:38,IDA AYU PUTU ANANDA WISDANTINI,https://wilkerstat.bps.go.id/api/landmark/63696297/photo,I MADE BUDIASA,1,[4]
63724334,3NRAFH,19,100,,5103060006,-8.2934691477567,115.22555535659,3.5,1,170,Bangunan,170100,Bangunan Berpenghuni,2023-06-07 13:54:18,2023-06-07 13:21:55,IDA AYU PUTU ANANDA WISDANTINI,https://wilkerstat.bps.go.id/api/landmark/63724334/photo,I DEWA GEDE SUGIANTARA,1,[4]
63724335,3NRAFI,20,100,,5103060006,-8.2932731788605,115.22553155199,5.0,1,170,Bangunan,170100,Bangunan Berpenghuni,2023-06-07 14:21:46,2023-06-07 13:21:55,IDA AYU PUTU ANANDA WISDANTINI,https://wilkerstat.bps.go.id/api/landmark/63724335/photo,WAYAN SUMIARTA,1,"[3, 4]"
63749614,3NRXMJ,22,100,,5103060006,-8.2932273298502,115.22525310516,5.0,1,170,Bangunan,170100,Bangunan Berpenghuni,2023-06-07 15:09:58,2023-06-07 14:10:07,IDA AYU PUTU ANANDA WISDANTINI,https://wilkerstat.bps.go.id/api/landmark/63749614/photo,I DEWA PUTU ALIT KANDEL,1,"[1, 2, 3, 4]"
64822159,3OOSIV,27,100,,5103060006,-8.2925574062392,115.22530859336,5.0,1,170,Bangunan,170100,Bangunan Berpenghuni,2023-06-09 15:24:03,2023-06-09 14:24:12,IDA AYU PUTU ANANDA WISDANTINI,https://wilkerstat.bps.go.id/api/landmark/64822159/photo,SANG MADE AGUSTINA,1,"[3, 4]"
64833226,3OP4OA,29,100,,5103060006,-8.2923683105037,115.22513559088,5.0,1,170,Bangunan,170100,Bangunan Berpenghuni,2023-06-09 15:41:48,2023-06-09 14:42:01,IDA AYU PUTU ANANDA WISDANTINI,https://wilkerstat.bps.go.id/api/landmark/64833226/photo,WAYAN SUPARJA,1,"[2, 3, 4]"
64848027,3OPJAR,31,100,,5103060006,-8.2918485067785,115.22490089759,3.5,1,170,Bangunan,170100,Bangunan Berpenghuni,2023-06-09 16:05:03,2023-06-09 15:05:12,IDA AYU PUTU ANANDA WISDANTINI,https://wilkerstat.bps.go.id/api/landmark/64848027/photo,MADE JANA,1,[4]
64849084,3OPK9S,32,100,,5103060006,-8.2918291026726,115.22481221706,3.5,1,170,Bangunan,170100,Bangunan Berpenghuni,2023-06-09 16:06:36,2023-06-09 15:06:58,IDA AYU PUTU ANANDA WISDANTINI,https://wilkerstat.bps.go.id/api/landmark/64849084/photo,NYOMAN MENDRA,1,[4]
64878218,3OQDYN,36,100,,5103060006,-8.2913114363328,115.22454584017,5.5,1,170,Bangunan,170100,Bangunan Berpenghuni,2023-06-09 16:52:30,2023-06-09 15:52:37,IDA AYU PUTU ANANDA WISDANTINI,https://wilkerstat.bps.go.id/api/landmark/64878218/photo,NYOMAN KARDANA,1,"[2, 3, 4]"
65769054,3PI5ZO,37,100,,5103060006,-8.2909120386466,115.22485186346,2.5,1,170,Bangunan,170100,Bangunan Berpenghuni,2023-06-11 10:36:24,2023-06-11 09:36:36,IDA AYU PUTU ANANDA WISDANTINI,https://wilkerstat.bps.go.id/api/landmark/65769054/photo,MADE RUNI,1,[4]
65778226,3PIFGM,39,100,,5103060006,-8.2905873237178,115.22464181297,5.0,1,170,Bangunan,170100,Bangunan Berpenghuni,2023-06-11 10:53:48,2023-06-11 09:53:54,IDA AYU PUTU ANANDA WISDANTINI,https://wilkerstat.bps.go.id/api/landmark/65778226/photo,I MADE SUKA,1,"[2, 4]"
65780423,3PIHH8,41,100,,5103060006,-8.2904944522306,115.22457903251,3.5,1,170,Bangunan,170100,Bangunan Berpenghuni,2023-06-11 10:57:21,2023-06-11 09:57:31,IDA AYU PUTU ANANDA WISDANTINI,https://wilkerstat.bps.go.id/api/landmark/65780423/photo,I NYOMAN JATA,1,"[2, 3, 4]"
65804100,3PJ58O,43,100,,5103060006,-8.2903765607625,115.22482101806,3.0,1,170,Bangunan,170100,Bangunan Berpenghuni,2023-06-11 11:37:01,2023-06-11 10:37:38,IDA AYU PUTU ANANDA WISDANTINI,https://wilkerstat.bps.go.id/api/landmark/65804100/photo,I DEWA GEDE ADNYANA,1,"[3, 4]"
65804103,3PJ58R,44,100,,5103060006,-8.2903743814677,115.22481808439,2.5,1,170,Bangunan,170100,Bangunan Berpenghuni,2023-06-11 11:37:31,2023-06-11 10:37:38,IDA AYU PUTU ANANDA WISDANTINI,https://wilkerstat.bps.go.id/api/landmark/65804103/photo,DEWA GEDE KELACI,1,"[3, 4]"
65827473,3PJRNX,48,100,,5103060006,-8.2902130298316,115.22477240302,8.5,1,170,Bangunan,170100,Bangunan Berpenghuni,2023-06-11 12:13:31,2023-06-11 11:13:37,IDA AYU PUTU ANANDA WISDANTINI,https://wilkerstat.bps.go.id/api/landmark/65827473/photo,DEWA NYOMAN MERTA,1,[4]
65864228,3PKSFQ,50,100,,5103060006,-8.2898746524006,115.22476368584,5.0,1,170,Bangunan,170100,Bangunan Berpenghuni,2023-06-11 13:03:27,2023-06-11 12:12:44,IDA AYU PUTU ANANDA WISDANTINI,https://wilkerstat.bps.go.id/api/landmark/65864228/photo,MADE WINARTA,1,[4]
65864231,3PKSFT,52,100,,5103060006,-8.2897752011195,115.22471574135,4.5,1,170,Bangunan,170100,Bangunan Berpenghuni,2023-06-11 13:12:38,2023-06-11 12:12:44,IDA AYU PUTU ANANDA WISDANTINI,https://wilkerstat.bps.go.id/api/landmark/65864231/photo,I MADE SUKA TRIMA,1,[4]
66410797,3PZZCG,54,100,,5103060006,-8.2892682217062,115.22461323068,13.0,1,170,Bangunan,170100,Bangunan Berpenghuni,2023-06-12 12:05:08,2023-06-12 11:05:14,IDA AYU PUTU ANANDA WISDANTINI,https://wilkerstat.bps.go.id/api/landmark/66410797/photo,DEWA GEDE SUANDIKA,2,"[2, 4]"
66439829,3Q2SY8,56,100,,5103060006,-8.2891442952678,115.22460015491,4.0,1,170,Bangunan,170100,Bangunan Berpenghuni,2023-06-12 12:49:32,2023-06-12 11:49:38,IDA AYU PUTU ANANDA WISDANTINI,https://wilkerstat.bps.go.id/api/landmark/66439829/photo,DEWA NYOMAN MAWANG,1,"[2, 3, 4]"
66501829,3Q4JVY,58,100,,5103060006,-8.2836215011775,115.22363305092,8.5,1,170,Bangunan,170100,Bangunan Berpenghuni,2023-06-12 14:36:48,2023-06-12 13:36:53,IDA AYU PUTU ANANDA WISDANTINI,https://wilkerstat.bps.go.id/api/landmark/66501829/photo,DEWA GEDE ALIT WIRATA,1,"[2, 4, 5]"
67851711,3RA4HI,62,100,,5103060006,-8.2794487383217,115.22330238484,9.5,1,170,Bangunan,170100,Bangunan Berpenghuni,2023-06-14 13:56:14,2023-06-14 13:17:46,IDA AYU PUTU ANANDA WISDANTINI,https://wilkerstat.bps.go.id/api/landmark/67851711/photo,I DEWA GEDE BAWA,1,"[2, 4]"
67872135,3RAO9F,67,100,,5103060006,-8.2895439863205,115.22513994947,2.5,1,170,Bangunan,170100,Bangunan Berpenghuni,2023-06-14 14:51:22,2023-06-14 13:51:30,IDA AYU PUTU ANANDA WISDANTINI,https://wilkerstat.bps.go.id/api/landmark/67872135/photo,NYOMAN PUJANA,1,"[2, 3, 4, 5]"
67885390,3RB2F3,69,100,,5103060006,-8.2897250773385,115.22533432581,3.5,1,170,Bangunan,170100,Bangunan Berpenghuni,2023-06-14 15:10:45,2023-06-14 14:11:01,IDA AYU PUTU ANANDA WISDANTINI,https://wilkerstat.bps.go.id/api/landmark/67885390/photo,WAYAN SUTEJA,1,"[2, 3, 4]"
67915478,3RBUZT,72,100,,5103060006,-8.290643482469,115.22514011711,4.5,1,170,Bangunan,170100,Bangunan Berpenghuni,2023-06-14 15:54:13,2023-06-14 14:54:19,IDA AYU PUTU ANANDA WISDANTINI,https://wilkerstat.bps.go.id/api/landmark/67915478/photo,I KETUT BUDAYASA,2,"[2, 3, 4]"
69193164,3SEGBL,75,100,,5103060006,-8.2909939298406,115.22553490475,4.0,1,170,Bangunan,170100,Bangunan Berpenghuni,2023-06-16 13:39:52,2023-06-16 12:40:02,IDA AYU PUTU ANANDA WISDANTINI,https://wilkerstat.bps.go.id/api/landmark/69193164/photo,GUSTI PUTU TANTRA,2,"[3, 4]"
69201165,3SENN2,76,100,,5103060006,-8.2911412417889,115.22507473826,1.5,1,170,Bangunan,170100,Bangunan Berpenghuni,2023-06-16 13:54:52,2023-06-16 12:55:04,IDA AYU PUTU ANANDA WISDANTINI,https://wilkerstat.bps.go.id/api/landmark/69201165/photo,MADE SADIA,1,"[3, 4]"
69235551,3SFM92,78,100,,5103060006,-8.2917486783117,115.22527598776,5.0,1,170,Bangunan,170100,Bangunan Berpenghuni,2023-06-16 14:50:16,2023-06-16 13:51:40,IDA AYU PUTU ANANDA WISDANTINI,https://wilkerstat.bps.go.id/api/landmark/69235551/photo,DEWA NYOMAN SUNARTA,1,"[2, 3, 4]"
69235556,3SFM98,79,100,,5103060006,-8.2916998537257,115.22540641017,3.5,1,170,Bangunan,170100,Bangunan Berpenghuni,2023-06-16 14:51:21,2023-06-16 13:51:40,IDA AYU PUTU ANANDA WISDANTINI,https://wilkerstat.bps.go.id/api/landmark/69235556/photo,I DEWA GEDE SUKARJA,1,"[2, 3, 4]"
69253797,3SG4XX,82,100,,5103060006,-8.2919678231701,115.22531529889,2.5,1,170,Bangunan,170100,Bangunan Berpenghuni,2023-06-16 15:20:18,2023-06-16 14:20:23,IDA AYU PUTU ANANDA WISDANTINI,https://wilkerstat.bps.go.id/api/landmark/69253797/photo,WAYAN BUDA,1,[4]
69282647,3SGWH8,86,100,,5103060006,-8.2930663553998,115.22575124167,8.5,1,170,Bangunan,170100,Bangunan Berpenghuni,2023-06-16 16:02:19,2023-06-16 15:02:24,IDA AYU PUTU ANANDA WISDANTINI,https://wilkerstat.bps.go.id/api/landmark/69282647/photo,I GUSTI KETUT PINATIH,1,[4]
69745230,3STS9U,87,100,,5103060006,-8.293037856929,115.22584671155,8.0,1,170,Bangunan,170100,Bangunan Berpenghuni,2023-06-16 16:25:02,2023-06-17 10:49:47,IDA AYU PUTU ANANDA WISDANTINI,https://wilkerstat.bps.go.id/api/landmark/69745230/photo,I WAYAN SUNARTA,1,"[2, 3, 4]"
69745234,3STS9Y,92,100,,5103060006,-8.2928764214739,115.22622674704,4.5,1,170,Bangunan,170100,Bangunan Berpenghuni,2023-06-17 11:49:41,2023-06-17 10:49:47,IDA AYU PUTU ANANDA WISDANTINI,https://wilkerstat.bps.go.id/api/landmark/69745234/photo,WAYAN SUMERTA,1,"[3, 4]"
69769715,3SUHPT,94,100,,5103060006,-8.2933573750779,115.22602650337,7.0,1,170,Bangunan,170100,Bangunan Berpenghuni,2023-06-17 12:26:06,2023-06-17 11:26:11,IDA AYU PUTU ANANDA WISDANTINI,https://wilkerstat.bps.go.id/api/landmark/69769715/photo,I KETUT SUKANDA,1,"[2, 3, 4]"
69831308,3SW8BB,99,100,,5103060006,-8.2949922652915,115.22646429017,7.5,1,170,Bangunan,170100,Bangunan Berpenghuni,2023-06-17 14:02:28,2023-06-17 13:02:34,IDA AYU PUTU ANANDA WISDANTINI,https://wilkerstat.bps.go.id/api/landmark/69831308/photo,KETUT WARDIKA,1,"[2, 3]"
71752109,3UJN4E,102,100,,5103060006,-8.2976492028683,115.22903921083,8.5,1,170,Bangunan,170100,Bangunan Berpenghuni,2023-06-20 13:17:09,2023-06-20 12:17:14,IDA AYU PUTU ANANDA WISDANTINI,https://wilkerstat.bps.go.id/api/landmark/71752109/photo,DEWA NYOMAN YASA,1,"[2, 3, 4, 5]"
71767567,3UK3BS,103,100,,5103060006,-8.2983415480703,115.22832632996,4.5,1,170,Bangunan,170100,Bangunan Berpenghuni,2023-06-20 13:40:37,2023-06-20 12:40:46,IDA AYU PUTU ANANDA WISDANTINI,https://wilkerstat.bps.go.id/api/landmark/71767567/photo,MADE SUDARTA,1,"[2, 3, 4]"
71773617,3UK9U5,104,100,,5103060006,-8.2974315667525,115.2276284527,3.5,1,170,Bangunan,170100,Bangunan Berpenghuni,2023-06-20 13:49:20,2023-06-20 12:49:25,IDA AYU PUTU ANANDA WISDANTINI,https://wilkerstat.bps.go.id/api/landmark/71773617/photo,DEWA NYOMAN INDRAWAN,1,"[2, 3, 4]"
71821217,3ULKKK,112,100,,5103060006,-8.2980749197304,115.22712956183,5.5,1,170,Bangunan,170100,Bangunan Berpenghuni,2023-06-20 15:02:56,2023-06-20 14:03:05,IDA AYU PUTU ANANDA WISDANTINI,https://wilkerstat.bps.go.id/api/landmark/71821217/photo,DESAK MADE PURNI,1,"[2, 3, 4]"
71841885,3UM5JU,114,100,,5103060006,-8.2953118672594,115.225488469,3.5,1,170,Bangunan,170100,Bangunan Berpenghuni,2023-06-20 15:33:05,2023-06-20 14:33:23,IDA AYU PUTU ANANDA WISDANTINI,https://wilkerstat.bps.go.id/api/landmark/71841885/photo,WAYAN SANDI,1,"[2, 3, 4, 5]"
73951113,3WETEU,116,100,,5103060006,-8.2949559716508,115.22559894249,13.5,1,170,Bangunan,170100,Bangunan Berpenghuni,2023-06-23 15:43:05,2023-06-23 14:44:20,IDA AYU PUTU ANANDA WISDANTINI,https://wilkerstat.bps.go.id/api/landmark/73951113/photo,DEWA NYOMAN MULIARTA,1,"[2, 3]"
73951116,3WETEX,118,100,,5103060006,-8.2949582766742,115.22556600161,3.0,1,170,Bangunan,170100,Bangunan Berpenghuni,2023-06-23 15:43:53,2023-06-23 14:44:21,IDA AYU PUTU ANANDA WISDANTINI,https://wilkerstat.bps.go.id/api/landmark/73951116/photo,DEWA MADE ALIT,1,"[2, 4]"
73956589,3WEYFS,120,100,,5103060006,-8.2947201887146,115.22553440183,3.5,1,170,Bangunan,170100,Bangunan Berpenghuni,2023-06-23 15:51:42,2023-06-23 14:52:05,IDA AYU PUTU ANANDA WISDANTINI,https://wilkerstat.bps.go.id/api/landmark/73956589/photo,DEWA GEDE EKA WIJAYA,1,"[3, 4]"
73969086,3WFCVI,123,100,,5103060006,-8.29342904035,115.22536575794,7.0,1,170,Bangunan,170100,Bangunan Berpenghuni,2023-06-23 16:09:28,2023-06-23 15:09:56,IDA AYU PUTU ANANDA WISDANTINI,https://wilkerstat.bps.go.id/api/landmark/73969086/photo,I DEWA GEDE OKA MAWANG,1,"[2, 3, 4]"
75330430,3XK8YD,127,100,,5103060006,-8.2947736652568,115.2255214937,3.0,1,170,Bangunan,170100,Bangunan Berpenghuni,2023-06-25 17:44:01,2023-06-25 16:44:07,IDA AYU PUTU ANANDA WISDANTINI,https://wilkerstat.bps.go.id/api/landmark/75330430/photo,DEWA GEDE JULIANTARA,1,[4]
75444612,3XNETF,130,100,,5103060006,-8.2890673074871,115.22510876879,6.5,1,170,Bangunan,170100,Bangunan Berpenghuni,2023-06-25 20:28:24,2023-06-25 19:29:22,IDA AYU PUTU ANANDA WISDANTINI,https://wilkerstat.bps.go.id/api/landmark/75444612/photo,SANG NYOMAN ARIASA,1,[4]
75444617,3XNETK,131,100,,5103060006,-8.2890631165355,115.22510399111,4.0,1,170,Bangunan,170100,Bangunan Berpenghuni,2023-06-25 20:29:01,2023-06-25 19:29:22,IDA AYU PUTU ANANDA WISDANTINI,https://wilkerstat.bps.go.id/api/landmark/75444617/photo,SANG KETUT ARTANA,1,[4]
75838575,3XYDLO,132,100,,5103060006,-8.2902815099806,115.22520298138,7.0,1,170,Bangunan,170100,Bangunan Berpenghuni,2023-06-26 14:38:29,2023-06-26 13:38:34,IDA AYU PUTU ANANDA WISDANTINI,https://wilkerstat.bps.go.id/api/landmark/75838575/photo,I PUTU EKA SETIAWAN,1,"[2, 4]"
75893946,3XZVGL,135,100,,5103060006,-8.2923589227721,115.22545376793,4.5,1,170,Bangunan,170100,Bangunan Berpenghuni,2023-06-26 16:11:31,2023-06-26 15:11:39,IDA AYU PUTU ANANDA WISDANTINI,https://wilkerstat.bps.go.id/api/landmark/75893946/photo,NYOMAN BUDAL,1,"[2, 4]"
75917619,3Y2K7X,140,100,,5103060006,-8.2942738104612,115.22588233463,2.5,1,170,Bangunan,170100,Bangunan Berpenghuni,2023-06-26 16:50:52,2023-06-26 15:50:59,IDA AYU PUTU ANANDA WISDANTINI,https://wilkerstat.bps.go.id/api/landmark/75917619/photo,I DEWA MADE WIDANA,1,"[2, 3, 4]"
75935517,3Y32MC,138,100,,5103060006,-8.2942329486832,115.22601795383,4.0,1,170,Bangunan,170100,Bangunan Berpenghuni,2023-06-26 17:21:36,2023-06-26 16:21:41,IDA AYU PUTU ANANDA WISDANTINI,https://wilkerstat.bps.go.id/api/landmark/75935517/photo,I DEWA GEDE WANA,1,"[2, 3, 4]"
77153022,3Z3WMF,142,100,,5103060006,-8.2957905996591,115.22577387281,7.5,1,170,Bangunan,170100,Bangunan Berpenghuni,2023-06-29 14:53:01,2023-06-29 13:58:01,IDA AYU PUTU ANANDA WISDANTINI,https://wilkerstat.bps.go.id/api/landmark/77153022/photo,I NYOMAN KERTAYASA,1,"[2, 3, 4]"
77153023,3Z3WMG,143,100,,5103060006,-8.2960376981646,115.22572224028,3.0,1,170,Bangunan,170100,Bangunan Berpenghuni,2023-06-29 14:56:52,2023-06-29 13:58:01,IDA AYU PUTU ANANDA WISDANTINI,https://wilkerstat.bps.go.id/api/landmark/77153023/photo,NI WAYAN SUKRI,1,[4]
77168057,3Z4DFZ,146,100,,5103060006,-8.2909803511575,115.22444961593,4.5,1,170,Bangunan,170100,Bangunan Berpenghuni,2023-06-29 16:06:27,2023-06-29 15:06:39,IDA AYU PUTU ANANDA WISDANTINI,https://wilkerstat.bps.go.id/api/landmark/77168057/photo,KOMANG ADI,1,"[2, 3, 4]"
77177022,3Z4LNO,147,100,,5103060006,-8.2893715705723,115.22469889373,8.0,1,170,Bangunan,170100,Bangunan Berpenghuni,2023-06-29 16:39:03,2023-06-29 15:49:05,IDA AYU PUTU ANANDA WISDANTINI,https://wilkerstat.bps.go.id/api/landmark/77177022/photo,SANG NYOMAN SUANDA,1,[4]
77177025,3Z4LNR,150,100,,5103060006,-8.2894599577412,115.22461348213,5.5,1,170,Bangunan,170100,Bangunan Berpenghuni,2023-06-29 16:48:47,2023-06-29 15:49:05,IDA AYU PUTU ANANDA WISDANTINI,https://wilkerstat.bps.go.id/api/landmark/77177025/photo,SANG PUTU SUPARSA,1,"[2, 3, 4]"
77178401,3Z4MWH,152,100,,5103060006,-8.289008717984,115.22495227866,4.5,1,170,Bangunan,170100,Bangunan Berpenghuni,2023-06-29 16:54:55,2023-06-29 15:55:10,IDA AYU PUTU ANANDA WISDANTINI,https://wilkerstat.bps.go.id/api/landmark/77178401/photo,DEWA KETUT SUKAYASA,1,"[2, 3, 4, 5]"
80365511,43SCKK,157,100,,5103060006,-8.2890979852527,115.22468640469,10.0,1,170,Bangunan,170100,Bangunan Berpenghuni,2023-07-10 10:56:14,2023-07-10 09:56:26,IDA AYU PUTU ANANDA WISDANTINI,https://wilkerstat.bps.go.id/api/landmark/80365511/photo,DEWA GEDE PUTRA SUDARSANA,1,"[2, 3, 4]"
80494161,43VVP2,172,100,,5103060006,-8.2931400323287,115.22523466498,3.0,1,170,Bangunan,170100,Bangunan Berpenghuni,2023-07-10 16:21:49,2023-07-10 15:22:05,IDA AYU PUTU ANANDA WISDANTINI,https://wilkerstat.bps.go.id/api/landmark/80494161/photo,I KETUT KAWIT,1,"[3, 4]"
80513625,43WGKU,173,100,,5103060006,-8.2932625338435,115.22526743822,3.0,1,170,Bangunan,170100,Bangunan Berpenghuni,2023-07-10 17:07:05,2023-07-10 16:07:20,IDA AYU PUTU ANANDA WISDANTINI,https://wilkerstat.bps.go.id/api/landmark/80513625/photo,DEWA APRIANA,1,"[2, 3, 4]"
81323364,44LY5F,174,100,,5103060006,-8.2925159996375,115.22506266832,2.0,1,170,Bangunan,170100,Bangunan Berpenghuni,2023-07-12 14:34:15,2023-07-12 14:07:02,IDA AYU PUTU ANANDA WISDANTINI,https://wilkerstat.bps.go.id/api/landmark/81323364/photo,WAYAN WINDU,1,"[2, 4]"
81323391,44LY79,175,100,,5103060006,-8.2927714800462,115.22499896586,3.0,1,170,Bangunan,170100,Bangunan Berpenghuni,2023-07-12 14:46:50,2023-07-12 14:07:06,IDA AYU PUTU ANANDA WISDANTINI,https://wilkerstat.bps.go.id/api/landmark/81323391/photo,I MADE MERTAYASA,1,"[2, 3, 4]"
81375555,44NG2X,176,100,,5103060006,-8.2939024921507,115.22543708794,5.5,1,170,Bangunan,170100,Bangunan Berpenghuni,2023-07-12 17:03:32,2023-07-12 16:03:42,IDA AYU PUTU ANANDA WISDANTINI,https://wilkerstat.bps.go.id/api/landmark/81375555/photo,DEWA KARTANA,1,"[2, 4]"
81382931,44NMTH,177,100,,5103060006,-8.2946999464184,115.2258473821,6.0,1,170,Bangunan,170100,Bangunan Berpenghuni,2023-07-12 17:09:22,2023-07-12 16:20:16,IDA AYU PUTU ANANDA WISDANTINI,https://wilkerstat.bps.go.id/api/landmark/81382931/photo,I MADE GERINDING,1,"[2, 3, 4]"
81389805,44NT5R,178,100,,5103060006,-8.2934786193073,115.22551956587,5.0,1,170,Bangunan,170100,Bangunan Berpenghuni,2023-07-12 17:34:36,2023-07-12 16:34:42,IDA AYU PUTU ANANDA WISDANTINI,https://wilkerstat.bps.go.id/api/landmark/81389805/photo,DEWA GEDE DWIPA,1,[4]
62726062,3MWHPS,6,100,,5103060006,-8.294525,115.225215,1.7999999523163,1,170,Bangunan,170100,Bangunan Berpenghuni,2023-06-05 12:09:51,2023-06-05 11:10:02,Ika Darwati,https://wilkerstat.bps.go.id/api/landmark/62726062/photo,I WAYAN GANDEK,1,"[2, 3, 4, 5]"
62738284,3MWSX7,7,100,,5103060006,-8.2943583333333,115.225225,1.6000000238419,1,170,Bangunan,170100,Bangunan Berpenghuni,2023-06-05 12:39:07,2023-06-05 11:39:18,Ika Darwati,https://wilkerstat.bps.go.id/api/landmark/62738284/photo,I MADE ASTAWAYASA,2,"[2, 3, 4]"
62744518,3MWYO3,8,100,,5103060006,-8.2944066666667,115.22531,1.7999999523163,1,170,Bangunan,170100,Bangunan Berpenghuni,2023-06-05 12:53:58,2023-06-05 11:54:04,Ika Darwati,https://wilkerstat.bps.go.id/api/landmark/62744518/photo,SANG PUTU MERTA,1,[4]
62763544,3MXJ5M,9,100,,5103060006,-8.29419,115.22530333333,1.7000000476837,1,170,Bangunan,170100,Bangunan Berpenghuni,2023-06-05 13:42:29,2023-06-05 12:42:37,Ika Darwati,https://wilkerstat.bps.go.id/api/landmark/62763544/photo,I WAYAN SUKAYASA,1,[4]
63676699,3NPWNY,15,100,,5103060006,-8.293555,115.22536666667,1.7999999523163,1,170,Bangunan,170100,Bangunan Berpenghuni,2023-06-07 12:49:24,2023-06-07 11:49:30,Ika Darwati,https://wilkerstat.bps.go.id/api/landmark/63676699/photo,GUSTI BAGUS PUTU WALIKRAMA,1,[4]
63704714,3NQPEW,18,100,,5103060006,-8.29347,115.22548666667,2.0999999046326,1,170,Bangunan,170100,Bangunan Berpenghuni,2023-06-07 13:41:28,2023-06-07 12:41:34,Ika Darwati,https://wilkerstat.bps.go.id/api/landmark/63704714/photo,DEWA GEDE OKA BUDIANA,2,[4]
63713568,3NQXJ9,17,100,,5103060006,-8.2932716666667,115.22544833333,3.2999999523163,1,170,Bangunan,170100,Bangunan Berpenghuni,2023-06-07 14:00:03,2023-06-07 13:00:08,Ika Darwati,https://wilkerstat.bps.go.id/api/landmark/63713568/photo,I DEWA MADE SUKAYASA,1,"[2, 3]"
63731966,3NRHFQ,21,100,,5103060006,-8.2930983333333,115.22511,2.5,1,170,Bangunan,170100,Bangunan Berpenghuni,2023-06-07 14:36:19,2023-06-07 13:36:24,Ika Darwati,https://wilkerstat.bps.go.id/api/landmark/63731966/photo,I KOMANG KARNIKA,1,[4]
63766339,3NSFYD,26,100,,5103060006,-8.2928633333333,115.22506666667,2.0999999046326,1,170,Bangunan,170100,Bangunan Berpenghuni,2023-06-07 15:38:47,2023-06-07 14:38:51,Ika Darwati,https://wilkerstat.bps.go.id/api/landmark/63766339/photo,MADE SUMERTA,1,"[3, 4, 5]"
64820167,3OOQOJ,28,100,,5103060006,-8.29255,115.22509333333,1.2999999523163,1,170,Bangunan,170100,Bangunan Berpenghuni,2023-06-09 15:20:47,2023-06-09 14:20:52,Ika Darwati,https://wilkerstat.bps.go.id/api/landmark/64820167/photo,I WAYAN EKA BUANA,1,"[2, 3, 4, 5]"
64844000,3OPFKQ,30,100,,5103060006,-8.2919766666667,115.22476,1.3999999761581,1,170,Bangunan,170100,Bangunan Berpenghuni,2023-06-09 15:58:38,2023-06-09 14:58:43,Ika Darwati,https://wilkerstat.bps.go.id/api/landmark/64844000/photo,I NYOMAN SUANDI,1,"[2, 3, 4]"
64860724,3OPUWJ,33,100,,5103060006,-8.291345,115.22486333333,1.6000000238419,1,170,Bangunan,170100,Bangunan Berpenghuni,2023-06-09 16:25:10,2023-06-09 15:25:14,Ika Darwati,https://wilkerstat.bps.go.id/api/landmark/64860724/photo,MADE PUJA,1,"[2, 3, 5]"
64861661,3OPVRW,34,100,,5103060006,-8.291475,115.22485166667,1.7000000476837,1,170,Bangunan,170100,Bangunan Berpenghuni,2023-06-09 16:26:28,2023-06-09 15:26:32,Ika Darwati,https://wilkerstat.bps.go.id/api/landmark/64861661/photo,I NYOMAN CAKRA,1,"[2, 3, 5]"
64889095,3OQNYA,38,100,,5103060006,-8.290685,115.224905,1.7000000476837,1,170,Bangunan,170100,Bangunan Berpenghuni,2023-06-09 17:10:53,2023-06-09 16:10:58,Ika Darwati,https://wilkerstat.bps.go.id/api/landmark/64889095/photo,I NYOMAN BAWA,1,"[2, 4]"
65779516,3PIGMP,40,100,,5103060006,-8.2905616666667,115.22463166667,1.7000000476837,1,170,Bangunan,170100,Bangunan Berpenghuni,2023-06-11 10:55:41,2023-06-11 09:55:49,Ika Darwati,https://wilkerstat.bps.go.id/api/landmark/65779516/photo,I MADE LANUS,1,"[3, 4, 5]"
65788844,3PIP8E,42,100,,5103060006,-8.290575,115.22475166667,1.7000000476837,1,170,Bangunan,170100,Bangunan Berpenghuni,2023-06-11 11:12:15,2023-06-11 10:12:20,Ika Darwati,https://wilkerstat.bps.go.id/api/landmark/65788844/photo,I WAYAN PINGET,1,"[2, 3, 4]"
65807297,3PJ95K,46,100,,5103060006,-8.2903033333333,115.224545,1.8999999761581,1,170,Bangunan,170100,Bangunan Berpenghuni,2023-06-11 11:42:30,2023-06-11 10:42:34,Ika Darwati,https://wilkerstat.bps.go.id/api/landmark/65807297/photo,DEWA NYOMAN PETANG,1,[4]
65811850,3PJDCJ,47,100,,5103060006,-8.290235,115.224785,1.6000000238419,1,170,Bangunan,170100,Bangunan Berpenghuni,2023-06-11 11:49:37,2023-06-11 10:49:43,Ika Darwati,https://wilkerstat.bps.go.id/api/landmark/65811850/photo,DEWA GEDE MAWANG,1,"[2, 3, 4]"
65850496,3PKFSM,49,100,,5103060006,-8.2900866666667,115.22500833333,1.8999999761581,1,170,Bangunan,170100,Bangunan Berpenghuni,2023-06-11 12:49:57,2023-06-11 11:50:02,Ika Darwati,https://wilkerstat.bps.go.id/api/landmark/65850496/photo,I WAYAN SUPARTA,1,[4]
65932773,3PMPDU,51,100,,5103060006,-8.289705,115.22478333333,1.8999999761581,1,170,Bangunan,170100,Bangunan Berpenghuni,2023-06-11 13:11:35,2023-06-11 14:16:45,Ika Darwati,https://wilkerstat.bps.go.id/api/landmark/65932773/photo,I MADE DWI LAKSANA,1,"[2, 4, 5]"
66409009,3PZXOA,53,100,,5103060006,-8.2892116666667,115.224645,1.6000000238419,1,170,Bangunan,170100,Bangunan Berpenghuni,2023-06-12 12:02:31,2023-06-12 11:02:40,Ika Darwati,https://wilkerstat.bps.go.id/api/landmark/66409009/photo,DEWA GEDE SUARDANA,2,"[2, 3, 4, 5]"
66425272,3Q2FM3,55,100,,5103060006,-8.2891933333333,115.22477166667,1.7999999523163,1,170,Bangunan,170100,Bangunan Berpenghuni,2023-06-12 12:27:28,2023-06-12 11:27:33,Ika Darwati,https://wilkerstat.bps.go.id/api/landmark/66425272/photo,DEWA GEDE SUARTA,2,"[2, 3, 4]"
66476495,3Q3TNB,57,100,,5103060006,-8.284625,115.224845,1.7999999523163,1,170,Bangunan,170100,Bangunan Berpenghuni,2023-06-12 13:50:59,2023-06-12 12:51:03,Ika Darwati,https://wilkerstat.bps.go.id/api/landmark/66476495/photo,I WAYAN SUWIRYA,2,"[2, 4]"
66525371,3Q58JE,60,100,,5103060006,-8.2830516666667,115.22355166667,2.2000000476837,1,170,Bangunan,170100,Bangunan Berpenghuni,2023-06-12 15:15:56,2023-06-12 14:16:00,Ika Darwati,https://wilkerstat.bps.go.id/api/landmark/66525371/photo,DEWA GEDE KRISNA BAHARI,1,"[3, 4]"
67854656,3RA87Q,63,100,,5103060006,-8.28883,115.22501833333,1.7000000476837,1,170,Bangunan,170100,Bangunan Berpenghuni,2023-06-14 14:23:21,2023-06-14 13:23:26,Ika Darwati,https://wilkerstat.bps.go.id/api/landmark/67854656/photo,DEWA GEDE KASNA,1,"[2, 3, 4]"
67866461,3RAIZH,64,100,,5103060006,-8.289205,115.22502833333,1.6000000238419,1,170,Bangunan,170100,Bangunan Berpenghuni,2023-06-14 14:42:24,2023-06-14 13:42:28,Ika Darwati,https://wilkerstat.bps.go.id/api/landmark/67866461/photo,I GEDE SENTANA,1,[7]
67872054,3RAO5X,68,100,,5103060006,-8.2895316666667,115.22513666667,1.6000000238419,1,170,Bangunan,170100,Bangunan Berpenghuni,2023-06-14 14:51:18,2023-06-14 13:51:22,Ika Darwati,https://wilkerstat.bps.go.id/api/landmark/67872054/photo,I WAYAN SUKARTA,1,"[3, 4]"
67886758,3RB3NJ,70,100,,5103060006,-8.2897916666667,115.22520333333,1.3999999761581,1,170,Bangunan,170100,Bangunan Berpenghuni,2023-06-14 15:13:07,2023-06-14 14:13:12,Ika Darwati,https://wilkerstat.bps.go.id/api/landmark/67886758/photo,I WAYAN KARSANA,1,[3]
67904872,3RBLBG,71,100,,5103060006,-8.2904383333333,115.22513166667,1.2999999523163,1,170,Bangunan,170100,Bangunan Berpenghuni,2023-06-14 15:39:04,2023-06-14 14:39:10,Ika Darwati,https://wilkerstat.bps.go.id/api/landmark/67904872/photo,MADE CEMENG ,1,"[2, 3, 4, 5]"
67915428,3RBUYC,73,100,,5103060006,-8.29064,115.22511833333,1.5,1,170,Bangunan,170100,Bangunan Berpenghuni,2023-06-14 15:54:10,2023-06-14 14:54:16,Ika Darwati,https://wilkerstat.bps.go.id/api/landmark/67915428/photo,I NYOMAN PUTRA,1,"[2, 3, 4, 5]"
69158540,3SDHIE,74,100,,5103060006,-8.2908333333333,115.22498333333,1.7999999523163,1,170,Bangunan,170100,Bangunan Berpenghuni,2023-06-16 12:36:38,2023-06-16 11:36:43,Ika Darwati,https://wilkerstat.bps.go.id/api/landmark/69158540/photo,I GEDE WIDIARTA,1,"[2, 4]"
69179751,3SE2Y5,77,100,,5103060006,-8.291505,115.22506666667,1.6000000238419,1,170,Bangunan,170100,Bangunan Berpenghuni,2023-06-16 13:13:22,2023-06-16 12:13:27,Ika Darwati,https://wilkerstat.bps.go.id/api/landmark/69179751/photo, I MADE TERIMA,1,"[2, 3, 5]"
69235328,3SFLZB,80,100,,5103060006,-8.2916966666667,115.22542333333,1.7000000476837,1,170,Bangunan,170100,Bangunan Berpenghuni,2023-06-16 14:51:12,2023-06-16 13:51:18,Ika Darwati,https://wilkerstat.bps.go.id/api/landmark/69235328/photo, I DEWA NYOMAN GADING,1,"[2, 3, 4, 5]"
69726416,3STAXQ,81,100,,5103060006,-8.291875,115.225035,1.5,1,170,Bangunan,170100,Bangunan Berpenghuni,2023-06-17 11:18:23,2023-06-17 10:18:31,Ika Darwati,https://wilkerstat.bps.go.id/api/landmark/69726416/photo,I DEWA GEDE OKA,1,"[2, 3, 4, 5]"
69727577,3STBZW,85,100,,5103060006,-8.29318,115.2256,1.3999999761581,1,170,Bangunan,170100,Bangunan Berpenghuni,2023-06-17 11:20:27,2023-06-17 10:20:32,Ika Darwati,https://wilkerstat.bps.go.id/api/landmark/69727577/photo,DEWA KETUT WIJANA,1,"[2, 3]"
69730697,3STEVH,89,100,,5103060006,-8.2930033333333,115.22622666667,1.7000000476837,1,170,Bangunan,170100,Bangunan Berpenghuni,2023-06-17 11:25:50,2023-06-17 10:25:56,Ika Darwati,https://wilkerstat.bps.go.id/api/landmark/69730697/photo,SANG KETUT SUDJANA,1,"[3, 4]"
69738949,3STMHJ,90,100,,5103060006,-8.292905,115.22614333333,1.7999999523163,1,170,Bangunan,170100,Bangunan Berpenghuni,2023-06-17 11:39:47,2023-06-17 10:39:54,Ika Darwati,https://wilkerstat.bps.go.id/api/landmark/69738949/photo,I KETUT SUARDANA ,1,"[3, 4]"
69745791,3STSQU,91,100,,5103060006,-8.292895,115.22609333333,1.8999999761581,1,170,Bangunan,170100,Bangunan Berpenghuni,2023-06-17 11:50:33,2023-06-17 10:50:40,Ika Darwati,https://wilkerstat.bps.go.id/api/landmark/69745791/photo,I WAYAN KARTU,1,"[3, 4]"
69757496,3SU5IK,93,100,,5103060006,-8.2935633333333,115.22607166667,1.6000000238419,1,170,Bangunan,170100,Bangunan Berpenghuni,2023-06-17 12:08:22,2023-06-17 11:08:27,Ika Darwati,https://wilkerstat.bps.go.id/api/landmark/69757496/photo,I KETUT WIDIARTA,1,"[2, 4]"
69779440,3SUQNJ,95,100,,5103060006,-8.2933366666667,115.22592666667,2.0999999046326,1,170,Bangunan,170100,Bangunan Berpenghuni,2023-06-17 12:39:45,2023-06-17 11:39:49,Ika Darwati,https://wilkerstat.bps.go.id/api/landmark/69779440/photo,I MADE SUGIARTA,1,[4]
71731652,3UJ3CH,101,100,,5103060006,-8.29784,115.22903833333,1.6000000238419,1,170,Bangunan,170100,Bangunan Berpenghuni,2023-06-20 12:47:51,2023-06-20 11:47:57,Ika Darwati,https://wilkerstat.bps.go.id/api/landmark/71731652/photo,I WAYAN TIRTA,1,"[2, 3, 4, 5]"
71783691,3UKJ4F,107,100,,5103060006,-8.293985,115.23064,1.3999999761581,1,170,Bangunan,170100,Bangunan Berpenghuni,2023-06-20 14:05:13,2023-06-20 13:05:18,Ika Darwati,https://wilkerstat.bps.go.id/api/landmark/71783691/photo,I MADE SUSILA,1,"[2, 3, 4]"
71800989,3UKYYL,108,100,,5103060006,-8.2955083333333,115.225565,1.5,1,170,Bangunan,170100,Bangunan Berpenghuni,2023-06-20 14:31:01,2023-06-20 13:31:08,Ika Darwati,https://wilkerstat.bps.go.id/api/landmark/71800989/photo,WAYAN KARIASA,1,"[2, 3, 4, 5]"
71815785,3ULFKX,111,100,,5103060006,-8.2968816666667,115.226425,1.8999999761581,1,170,Bangunan,170100,Bangunan Berpenghuni,2023-06-20 14:54:09,2023-06-20 13:54:18,Ika Darwati,https://wilkerstat.bps.go.id/api/landmark/71815785/photo,I NYOMAN PENDAK,1,"[2, 4]"
71823098,3ULMBK,113,100,,5103060006,-8.2969583333333,115.22658666667,1.3999999761581,1,170,Bangunan,170100,Bangunan Berpenghuni,2023-06-20 15:05:36,2023-06-20 14:05:42,Ika Darwati,https://wilkerstat.bps.go.id/api/landmark/71823098/photo,DEWA KETUT DARMA,1,"[2, 3, 4]"
73865465,3WCGQH,115,100,,5103060006,-8.2950116666667,115.22533333333,1.7000000476837,1,170,Bangunan,170100,Bangunan Berpenghuni,2023-06-22 16:20:26,2023-06-23 12:22:04,Ika Darwati,https://wilkerstat.bps.go.id/api/landmark/73865465/photo,I NYOMAN KOCONG ULIAN,1,"[2, 3, 4]"
73950345,3WESOL,117,100,,5103060006,-8.2949833333333,115.22554333333,1.7999999523163,1,170,Bangunan,170100,Bangunan Berpenghuni,2023-06-23 15:43:19,2023-06-23 14:43:24,Ika Darwati,https://wilkerstat.bps.go.id/api/landmark/73950345/photo,I DEWA NYOMAN ANOM,1,"[2, 3, 4]"
73953325,3WEVFV,119,100,,5103060006,-8.2948,115.22581,2.0999999046326,1,170,Bangunan,170100,Bangunan Berpenghuni,2023-06-23 15:47:17,2023-06-23 14:47:27,Ika Darwati,https://wilkerstat.bps.go.id/api/landmark/73953325/photo,DEWA MADE MASTA,1,"[2, 3, 4]"
73980824,3WFNO8,124,100,,5103060006,-8.2921583333333,115.22495833333,1.7999999523163,1,170,Bangunan,170100,Bangunan Berpenghuni,2023-06-23 16:25:26,2023-06-23 15:25:30,Ika Darwati,https://wilkerstat.bps.go.id/api/landmark/73980824/photo,GUSTI NYOMAN MADURI,1,[4]
75336520,3XKEKV,128,100,,5103060006,-8.29479,115.22553166667,1.8999999761581,1,170,Bangunan,170100,Bangunan Berpenghuni,2023-06-25 17:53:03,2023-06-25 16:53:10,Ika Darwati,https://wilkerstat.bps.go.id/api/landmark/75336520/photo,DEWA GEDE AGUNG DARMAYASA,1,[4]
75425972,3XMUPK,129,100,,5103060006,-8.2884633333333,115.22509166667,1.6000000238419,1,170,Bangunan,170100,Bangunan Berpenghuni,2023-06-25 20:00:09,2023-06-25 19:00:17,Ika Darwati,https://wilkerstat.bps.go.id/api/landmark/75425972/photo,I DEWA MADE SUWANA,1,"[2, 3, 4, 5]"
75884428,3XZMP7,134,100,,5103060006,-8.2923666666667,115.227265,1.6000000238419,1,170,Bangunan,170100,Bangunan Berpenghuni,2023-06-26 15:55:48,2023-06-26 14:55:58,Ika Darwati,https://wilkerstat.bps.go.id/api/landmark/75884428/photo,WAYAN SUDARSANA,1,"[2, 3, 4, 5]"
75923695,3Y2PR3,139,100,,5103060006,-8.2941283333333,115.226185,1.8999999761581,1,170,Bangunan,170100,Bangunan Berpenghuni,2023-06-26 17:00:56,2023-06-26 16:01:01,Ika Darwati,https://wilkerstat.bps.go.id/api/landmark/75923695/photo,DEWA GEDE WASA,1,"[3, 4]"
75941558,3Y397E,141,100,,5103060006,-8.2948583333333,115.226005,2.5,1,170,Bangunan,170100,Bangunan Berpenghuni,2023-06-26 17:31:04,2023-06-26 16:31:09,Ika Darwati,https://wilkerstat.bps.go.id/api/landmark/75941558/photo,I MADE WIJANA,1,[4]
77136307,3Z3HAV,136,100,,5103060006,-8.2927283333333,115.22552333333,1.7000000476837,1,170,Bangunan,170100,Bangunan Berpenghuni,2023-06-29 13:35:23,2023-06-29 12:35:27,Ika Darwati,https://wilkerstat.bps.go.id/api/landmark/77136307/photo,GUSTI BAGUS SINDU,1,[4]
77159358,3Z44GF,144,100,,5103060006,-8.296715,115.22649,1.7000000476837,1,170,Bangunan,170100,Bangunan Berpenghuni,2023-06-29 15:29:41,2023-06-29 14:29:45,Ika Darwati,https://wilkerstat.bps.go.id/api/landmark/77159358/photo,DEWA NYOMAN MARDIKA,1,"[3, 4]"
77165595,3Z4B7F,145,100,,5103060006,-8.2945416666667,115.22526666667,1.6000000238419,1,170,Bangunan,170100,Bangunan Berpenghuni,2023-06-29 15:56:08,2023-06-29 14:56:11,Ika Darwati,https://wilkerstat.bps.go.id/api/landmark/77165595/photo,I WAYAN WIRTAYASA,1,[4]
77174176,3Z4J2G,148,100,,5103060006,-8.28939,115.22462666667,2.4000000953674,1,170,Bangunan,170100,Bangunan Berpenghuni,2023-06-29 16:36:00,2023-06-29 15:36:04,Ika Darwati,https://wilkerstat.bps.go.id/api/landmark/77174176/photo,NI MADE MUKLIN,1,[4]
77176653,3Z4LCI,151,100,,5103060006,-8.2894866666667,115.22446666667,1.8999999761581,1,170,Bangunan,170100,Bangunan Berpenghuni,2023-06-29 16:47:31,2023-06-29 15:47:37,Ika Darwati,https://wilkerstat.bps.go.id/api/landmark/77176653/photo,SANG MADE SUDANA,1,[4]
77177090,3Z4LPQ,149,100,,5103060006,-8.289425,115.224745,1.8999999761581,1,170,Bangunan,170100,Bangunan Berpenghuni,2023-06-29 16:49:30,2023-06-29 15:49:34,Ika Darwati,https://wilkerstat.bps.go.id/api/landmark/77177090/photo,SANG NYOMAN SUARSA,1,[4]
77187102,3Z4UW5,153,100,,5103060006,-8.29093,115.22469333333,1.7999999523163,1,170,Bangunan,170100,Bangunan Berpenghuni,2023-06-29 17:30:09,2023-06-29 16:30:13,Ika Darwati,https://wilkerstat.bps.go.id/api/landmark/77187102/photo,I KETUT SUGIARTA,1,[4]
77352522,3ZAHSU,154,100,,5103060006,-8.2910183333333,115.22445,1.7000000476837,1,170,Bangunan,170100,Bangunan Berpenghuni,2023-06-30 10:35:35,2023-06-30 09:35:40,Ika Darwati,https://wilkerstat.bps.go.id/api/landmark/77352522/photo,I MADE SUKARTA,1,"[2, 3, 4]"
80487359,43VPGW,171,100,,5103060006,-8.292955,115.225105,2.0999999046326,1,170,Bangunan,170100,Bangunan Berpenghuni,2023-07-10 16:06:31,2023-07-10 15:06:37,Ika Darwati,https://wilkerstat.bps.go.id/api/landmark/80487359/photo,I MADE CAKRA,1,"[2, 3, 4]"
81695352,44WCPR,179,100,,5103060006,-8.2925466666667,115.22510833333,1.7000000476837,1,170,Bangunan,170100,Bangunan Berpenghuni,2023-07-13 11:55:59,2023-07-13 10:56:04,Ika Darwati,https://wilkerstat.bps.go.id/api/landmark/81695352/photo,I KETUT WINARTA,1,[4]
81719238,44WYNL,180,100,,5103060006,-8.2912516666667,115.22559666667,2.0,1,170,Bangunan,170100,Bangunan Berpenghuni,2023-07-13 12:47:07,2023-07-13 11:47:12,Ika Darwati,https://wilkerstat.bps.go.id/api/landmark/81719238/photo,I DEWA GEDE MUDANA,1,"[2, 3, 4]"
81892794,453SZU,163,100,,5103060006,-8.2924183333333,115.226365,3.2000000476837,1,170,Bangunan,170100,Bangunan Berpenghuni,2023-07-13 19:12:52,2023-07-13 18:12:57,Ika Darwati,https://wilkerstat.bps.go.id/api/landmark/81892794/photo,I MADE EKAYASA,1,[4]
62678443,3MV5YS,42,600,semanik,5103060006,-8.29591274,115.22693837,11.0,1,170,Bangunan,170100,Bangunan Berpenghuni,2023-06-05 10:06:32,2023-06-05 09:07:34,Ni Luh De Nukarimasih,https://wilkerstat.bps.go.id/api/landmark/62678443/photo,NI KETUT DASIH ,1,"[2, 4]"
64112177,3O42KB,1,500,Br.Tinggan,5103060006,-8.2755283333333,115.22186,4.4000000953674,1,170,Bangunan,170100,Bangunan Berpenghuni,2023-06-05 12:24:00,2023-06-08 08:28:11,I MADE WIDHYANA,https://wilkerstat.bps.go.id/api/landmark/64112177/photo,ADE ARI ISMAIL,1,"[2, 3, 4]"
64112180,3O42KE,2,500,Br.Tinggan,5103060006,-8.2755183333333,115.22182833333,3.7000000476837,1,170,Bangunan,170100,Bangunan Berpenghuni,2023-06-05 12:24:42,2023-06-08 08:28:11,I MADE WIDHYANA,https://wilkerstat.bps.go.id/api/landmark/64112180/photo,SAMSYAH,1,"[2, 3, 4]"
64112183,3O42KH,3,500,Br.Tinggan,5103060006,-8.275475,115.22187333333,5.1999998092651,1,170,Bangunan,170100,Bangunan Berpenghuni,2023-06-05 12:41:15,2023-06-08 08:28:11,I MADE WIDHYANA,https://wilkerstat.bps.go.id/api/landmark/64112183/photo,I KETUT JAMAN,1,"[2, 3, 4]"
64417938,3ODKCR,4,500,Br.Tinggan,5103060006,-8.2719216666667,115.220715,6.5999999046326,1,170,Bangunan,170100,Bangunan Berpenghuni,2023-06-08 18:38:53,2023-06-08 17:42:59,I MADE WIDHYANA,https://wilkerstat.bps.go.id/api/landmark/64417938/photo,I MADE TIRTAYASA,1,"[3, 4]"
64417940,3ODKCT,5,500,Br.Tinggan,5103060006,-8.2719566666667,115.22086333333,6.1999998092651,1,170,Bangunan,170100,Bangunan Berpenghuni,2023-06-08 18:39:46,2023-06-08 17:42:59,I MADE WIDHYANA,https://wilkerstat.bps.go.id/api/landmark/64417940/photo,I MADE ARYANTA,1,"[3, 4]"
64466399,3OEVTB,6,500,Br.Tinggan,5103060006,-8.2716604,115.2205487,16.636999130249,1,170,Bangunan,170100,Bangunan Berpenghuni,2023-06-08 18:51:41,2023-06-08 19:17:25,I MADE WIDHYANA,https://wilkerstat.bps.go.id/api/landmark/64466399/photo,I MADE SARWIANA,1,"[3, 4]"
64466404,3OEVTG,7,500,Br.Tinggan,5103060006,-8.2715393,115.2204327,20.0,1,170,Bangunan,170100,Bangunan Berpenghuni,2023-06-08 19:07:35,2023-06-08 19:17:25,I MADE WIDHYANA,https://wilkerstat.bps.go.id/api/landmark/64466404/photo,I MADE ARTANA,1,"[3, 4]"
64466407,3OEVTJ,8,500,Br.Tinggan,5103060006,-8.2715374,115.2204217,20.0,1,170,Bangunan,170100,Bangunan Berpenghuni,2023-06-08 19:21:57,2023-06-08 19:17:25,I MADE WIDHYANA,https://wilkerstat.bps.go.id/api/landmark/64466407/photo,I KETUT SUJA,1,"[3, 4]"
64466411,3OEVTN,9,500,Br.Tinggan,5103060006,-8.271062,115.2202164,20.0,1,170,Bangunan,170100,Bangunan Berpenghuni,2023-06-08 19:30:06,2023-06-08 19:17:26,I MADE WIDHYANA,https://wilkerstat.bps.go.id/api/landmark/64466411/photo,I MADE ARDIANA,1,"[3, 4]"
64466415,3OEVTR,10,500,Br.Tinggan,5103060006,-8.2710555,115.2202118,20.0,1,170,Bangunan,170100,Bangunan Berpenghuni,2023-06-08 19:39:43,2023-06-08 19:17:26,I MADE WIDHYANA,https://wilkerstat.bps.go.id/api/landmark/64466415/photo,I WAYAN SUGIRI,1,[3]
64466420,3OEVTW,11,500,Br.Tinggan,5103060006,-8.2712516666667,115.22056166667,4.8000001907349,1,170,Bangunan,170100,Bangunan Berpenghuni,2023-06-08 20:00:57,2023-06-08 19:17:26,I MADE WIDHYANA,https://wilkerstat.bps.go.id/api/landmark/64466420/photo,I MADE TONGKOK,1,"[3, 4]"
64466422,3OEVTY,12,500,Br.Tinggan,5103060006,-8.2711583333333,115.22055333333,5.6999998092651,1,170,Bangunan,170100,Bangunan Berpenghuni,2023-06-08 20:02:12,2023-06-08 19:17:27,I MADE WIDHYANA,https://wilkerstat.bps.go.id/api/landmark/64466422/photo,I MADE WIKANA,1,"[3, 4]"
65678152,3PFMK3,13,500,Br.Tinggan,5103060006,-8.2688383333333,115.22196666667,5.3000001907349,1,170,Bangunan,170100,Bangunan Berpenghuni,2023-06-10 18:40:16,2023-06-10 23:20:45,I MADE WIDHYANA,https://wilkerstat.bps.go.id/api/landmark/65678152/photo,DEWA NYOMAN MERTA,1,"[3, 4]"
65678155,3PFMK7,14,500,Br.Tinggan,5103060006,-8.2710646,115.2204487,16.155000686646,1,170,Bangunan,170100,Bangunan Berpenghuni,2023-06-10 18:54:47,2023-06-10 23:20:45,I MADE WIDHYANA,https://wilkerstat.bps.go.id/api/landmark/65678155/photo,I MADE DARPA,1,"[3, 4]"
65678157,3PFMK9,15,500,Br.Tinggan,5103060006,-8.27075,115.22032,5.3000001907349,1,170,Bangunan,170100,Bangunan Berpenghuni,2023-06-10 19:08:38,2023-06-10 23:20:45,I MADE WIDHYANA,https://wilkerstat.bps.go.id/api/landmark/65678157/photo,I KADEK SUTAMA,1,"[3, 4]"
65678159,3PFMKB,16,500,Br.Tinggan,5103060006,-8.2698583333333,115.22056,5.0,1,170,Bangunan,170100,Bangunan Berpenghuni,2023-06-10 19:09:27,2023-06-10 23:20:45,I MADE WIDHYANA,https://wilkerstat.bps.go.id/api/landmark/65678159/photo,I MADE DOBLE,1,"[3, 4]"
65678163,3PFMKF,17,500,Br.Tinggan,5103060006,-8.2707016666667,115.22049,5.4000000953674,1,170,Bangunan,170100,Bangunan Berpenghuni,2023-06-10 19:18:09,2023-06-10 23:20:46,I MADE WIDHYANA,https://wilkerstat.bps.go.id/api/landmark/65678163/photo,I NYOMAN WIADNYA,1,"[3, 4]"
65678165,3PFMKH,18,500,Br.Tinggan,5103060006,-8.270903,115.2206005,15.342000007629,1,170,Bangunan,170100,Bangunan Berpenghuni,2023-06-10 19:24:14,2023-06-10 23:20:46,I MADE WIDHYANA,https://wilkerstat.bps.go.id/api/landmark/65678165/photo,I WAYAN JANA,1,"[3, 4]"
65678167,3PFMKJ,19,500,Br.Tinggan,5103060006,-8.2708798,115.2206157,12.880000114441,1,170,Bangunan,170100,Bangunan Berpenghuni,2023-06-10 19:32:39,2023-06-10 23:20:46,I MADE WIDHYANA,https://wilkerstat.bps.go.id/api/landmark/65678167/photo,I NYOMAN BUDIASA,1,"[3, 4]"
65678170,3PFMKM,20,500,Br.Tinggan,5103060006,-8.2708433333333,115.22089833333,4.5999999046326,1,170,Bangunan,170100,Bangunan Berpenghuni,2023-06-10 19:48:10,2023-06-10 23:20:46,I MADE WIDHYANA,https://wilkerstat.bps.go.id/api/landmark/65678170/photo,I KETUT MERTA SUTEJA,1,"[3, 4]"
65678172,3PFMKO,21,500,Br.Tinggan,5103060006,-8.270655,115.221075,4.3000001907349,1,170,Bangunan,170100,Bangunan Berpenghuni,2023-06-10 19:49:31,2023-06-10 23:20:46,I MADE WIDHYANA,https://wilkerstat.bps.go.id/api/landmark/65678172/photo,I KETUT KENAK,1,"[3, 4]"
65678174,3PFMKQ,22,500,Br.Tinggan,5103060006,-8.2708848,115.2206226,14.503000259399,1,170,Bangunan,170100,Bangunan Berpenghuni,2023-06-10 19:55:34,2023-06-10 23:20:47,I MADE WIDHYANA,https://wilkerstat.bps.go.id/api/landmark/65678174/photo,I MADE JANU,1,"[3, 4]"
65678176,3PFMKS,23,500,Br.Tinggan,5103060006,-8.2708533333333,115.22095166667,5.4000000953674,1,170,Bangunan,170100,Bangunan Berpenghuni,2023-06-10 20:06:33,2023-06-10 23:20:47,I MADE WIDHYANA,https://wilkerstat.bps.go.id/api/landmark/65678176/photo,I NYOMAN SUTA,1,"[3, 4]"
66099472,3PRDGD,24,500,Br.Tinggan,5103060006,-8.2710783333333,115.22082833333,4.1999998092651,1,170,Bangunan,170100,Bangunan Berpenghuni,2023-06-11 17:36:39,2023-06-11 18:44:51,I MADE WIDHYANA,https://wilkerstat.bps.go.id/api/landmark/66099472/photo,I WAYAN SILA KASTAWA,1,"[3, 4]"
66099476,3PRDGH,25,500,Br.Tinggan,5103060006,-8.2707583333333,115.22125833333,3.7999999523163,1,170,Bangunan,170100,Bangunan Berpenghuni,2023-06-11 17:53:27,2023-06-11 18:44:51,I MADE WIDHYANA,https://wilkerstat.bps.go.id/api/landmark/66099476/photo,I KETUT JAPA,1,"[3, 4]"
66099480,3PRDGL,26,500,Br.Tinggan,5103060006,-8.2708166666667,115.22110833333,4.3000001907349,1,170,Bangunan,170100,Bangunan Berpenghuni,2023-06-11 18:06:04,2023-06-11 18:44:51,I MADE WIDHYANA,https://wilkerstat.bps.go.id/api/landmark/66099480/photo,I NYOMAN KAPAL,1,[3]
66099484,3PRDGP,27,500,Br.Tinggan,5103060006,-8.2707283333333,115.22101333333,6.3000001907349,1,170,Bangunan,170100,Bangunan Berpenghuni,2023-06-11 18:18:18,2023-06-11 18:44:52,I MADE WIDHYANA,https://wilkerstat.bps.go.id/api/landmark/66099484/photo,I MADE KANTIM,1,"[3, 4]"
66099486,3PRDGR,28,500,Br.Tinggan,5103060006,-8.270335,115.22121166667,4.4000000953674,1,170,Bangunan,170100,Bangunan Berpenghuni,2023-06-11 18:30:23,2023-06-11 18:44:52,I MADE WIDHYANA,https://wilkerstat.bps.go.id/api/landmark/66099486/photo,I MADE RASMA,1,"[3, 4]"
66099487,3PRDGS,29,500,Br.Tinggan,5103060006,-8.270315,115.22131833333,4.0,1,170,Bangunan,170100,Bangunan Berpenghuni,2023-06-11 18:31:11,2023-06-11 18:44:52,I MADE WIDHYANA,https://wilkerstat.bps.go.id/api/landmark/66099487/photo,I NYOMAN ARTANA,1,"[3, 4]"
66099489,3PRDGU,30,500,Br.Tinggan,5103060006,-8.27134,115.22085166667,5.1999998092651,1,170,Bangunan,170100,Bangunan Berpenghuni,2023-06-11 18:43:09,2023-06-11 18:44:52,I MADE WIDHYANA,https://wilkerstat.bps.go.id/api/landmark/66099489/photo,I NYOMAN SUDANA,1,"[3, 4]"
66099493,3PRDGY,31,500,Br.Tinggan,5103060006,-8.27119,115.22036666667,5.5999999046326,1,170,Bangunan,170100,Bangunan Berpenghuni,2023-06-11 18:53:59,2023-06-11 18:44:53,I MADE WIDHYANA,https://wilkerstat.bps.go.id/api/landmark/66099493/photo,I MADE SUTEJA,1,"[3, 4]"
66099495,3PRDH2,32,500,Br.Tinggan,5103060006,-8.27126,115.22066166667,4.5,1,170,Bangunan,170100,Bangunan Berpenghuni,2023-06-11 19:01:18,2023-06-11 18:44:53,I MADE WIDHYANA,https://wilkerstat.bps.go.id/api/landmark/66099495/photo,I KETUT SUGIARTA,1,"[3, 4]"
66099496,3PRDH3,33,500,Br.Tinggan,5103060006,-8.2715566666667,115.22082333333,4.4000000953674,1,170,Bangunan,170100,Bangunan Berpenghuni,2023-06-11 19:10:45,2023-06-11 18:44:53,I MADE WIDHYANA,https://wilkerstat.bps.go.id/api/landmark/66099496/photo,I MADE PUJA,1,"[3, 4]"
66671278,3QAAIS,34,500,Br.Tinggan,5103060006,-8.2705383333333,115.2214,4.5,1,170,Bangunan,170100,Bangunan Berpenghuni,2023-06-12 18:29:09,2023-06-12 17:42:15,I MADE WIDHYANA,https://wilkerstat.bps.go.id/api/landmark/66671278/photo,I MADE SUJANA,1,[4]
66671328,3QAAKC,35,500,Br.Tinggan,5103060006,-8.2717816666667,115.220445,6.5999999046326,1,170,Bangunan,170100,Bangunan Berpenghuni,2023-06-12 18:38:21,2023-06-12 17:42:19,I MADE WIDHYANA,https://wilkerstat.bps.go.id/api/landmark/66671328/photo,I KETUT SUNARTA,1,"[3, 4]"
66715566,3QBI7U,36,500,Br.Tinggan,5103060006,-8.2715632,115.2211014,18.941999435425,1,170,Bangunan,170100,Bangunan Berpenghuni,2023-06-12 18:50:19,2023-06-12 18:45:00,I MADE WIDHYANA,https://wilkerstat.bps.go.id/api/landmark/66715566/photo,I NYOMAN SUANDI,1,"[3, 4]"
66715646,3QBIAB,37,500,Br.Tinggan,5103060006,-8.2715283333333,115.22139,4.0999999046326,1,170,Bangunan,170100,Bangunan Berpenghuni,2023-06-12 18:54:24,2023-06-12 18:45:11,I MADE WIDHYANA,https://wilkerstat.bps.go.id/api/landmark/66715646/photo,I WAYAN GAWE,1,[3]
66715658,3QBIAN,38,500,Br.Tinggan,5103060006,-8.2715233333333,115.22139,4.0,1,170,Bangunan,170100,Bangunan Berpenghuni,2023-06-12 18:55:12,2023-06-12 18:45:13,I MADE WIDHYANA,https://wilkerstat.bps.go.id/api/landmark/66715658/photo,I PUTU ANDI SURYAWAN,1,"[3, 4]"
66715664,3QBIAT,39,500,Br.Tinggan,5103060006,-8.2714283333333,115.22122833333,4.1999998092651,1,170,Bangunan,170100,Bangunan Berpenghuni,2023-06-12 19:01:59,2023-06-12 18:45:14,I MADE WIDHYANA,https://wilkerstat.bps.go.id/api/landmark/66715664/photo,I NYOMAN PASEK MUDANA,1,"[3, 4]"
66715673,3QBIB4,40,500,Br.Tinggan,5103060006,-8.2716616666667,115.2211,4.6999998092651,1,170,Bangunan,170100,Bangunan Berpenghuni,2023-06-12 19:08:31,2023-06-12 18:45:14,I MADE WIDHYANA,https://wilkerstat.bps.go.id/api/landmark/66715673/photo,I WAYAN WENTEN,1,"[3, 4]"
66715680,3QBIBC,41,500,Br.Tinggan,5103060006,-8.2716816666667,115.22106333333,5.3000001907349,1,170,Bangunan,170100,Bangunan Berpenghuni,2023-06-12 19:12:10,2023-06-12 18:45:15,I MADE WIDHYANA,https://wilkerstat.bps.go.id/api/landmark/66715680/photo,I PUTU JULIASTAWA,1,"[3, 4]"
66715689,3QBIBL,42,500,Br.Tinggan,5103060006,-8.2716183333333,115.22105666667,5.9000000953674,1,170,Bangunan,170100,Bangunan Berpenghuni,2023-06-12 19:13:19,2023-06-12 18:45:16,I MADE WIDHYANA,https://wilkerstat.bps.go.id/api/landmark/66715689/photo,I KETUT SUARJANA,1,"[3, 4]"
66715694,3QBIBQ,43,500,Br.Tinggan,5103060006,-8.271695,115.22060666667,5.1999998092651,1,170,Bangunan,170100,Bangunan Berpenghuni,2023-06-12 19:21:36,2023-06-12 18:45:16,I MADE WIDHYANA,https://wilkerstat.bps.go.id/api/landmark/66715694/photo,I WAYAN SANDI,1,"[3, 4]"
66715698,3QBIBU,44,500,Br.Tinggan,5103060006,-8.2719016666667,115.22093,6.0999999046326,1,170,Bangunan,170100,Bangunan Berpenghuni,2023-06-12 19:33:28,2023-06-12 18:45:17,I MADE WIDHYANA,https://wilkerstat.bps.go.id/api/landmark/66715698/photo, I NYOMAN SUWILA,1,"[2, 3, 4]"
66715706,3QBIC4,45,500,Br.Tinggan,5103060006,-8.271705,115.22068666667,6.5,1,170,Bangunan,170100,Bangunan Berpenghuni,2023-06-12 19:34:53,2023-06-12 18:45:18,I MADE WIDHYANA,https://wilkerstat.bps.go.id/api/landmark/66715706/photo,NENGAH SAMPUN,1,"[2, 3, 4]"
66715721,3QBICK,46,500,Br.Tinggan,5103060006,-8.2718283333333,115.22100833333,5.1999998092651,1,170,Bangunan,170100,Bangunan Berpenghuni,2023-06-12 19:41:37,2023-06-12 18:45:19,I MADE WIDHYANA,https://wilkerstat.bps.go.id/api/landmark/66715721/photo,I MADE ARTANA,1,"[3, 4]"
66715767,3QBIDX,47,500,Br.Tinggan,5103060006,-8.2716316666667,115.22100833333,5.6999998092651,1,170,Bangunan,170100,Bangunan Berpenghuni,2023-06-12 19:42:37,2023-06-12 18:45:22,I MADE WIDHYANA,https://wilkerstat.bps.go.id/api/landmark/66715767/photo,I NYOMAN  LAGA,1,"[3, 4]"
66721926,3QBNZL,48,500,Br.Tinggan,5103060006,-8.2718616666667,115.22117833333,5.0999999046326,1,170,Bangunan,170100,Bangunan Berpenghuni,2023-06-12 19:52:16,2023-06-12 18:54:22,I MADE WIDHYANA,https://wilkerstat.bps.go.id/api/landmark/66721926/photo,I MADE ARDANA,1,"[3, 4]"
66721931,3QBNZQ,49,500,Br.Tinggan,5103060006,-8.271815,115.22112833333,5.3000001907349,1,170,Bangunan,170100,Bangunan Berpenghuni,2023-06-12 19:52:50,2023-06-12 18:54:22,I MADE WIDHYANA,https://wilkerstat.bps.go.id/api/landmark/66721931/photo,I WAYAN KARSA,1,"[3, 4]"
67449718,3QVWCV,50,500,Br.Tinggan,5103060006,-8.27163,115.22103166667,5.9000000953674,1,170,Bangunan,170100,Bangunan Berpenghuni,2023-06-12 20:12:37,2023-06-13 20:01:15,I MADE WIDHYANA,https://wilkerstat.bps.go.id/api/landmark/67449718/photo,I WAYAN SUKARA,1,"[3, 4]"
67449829,3QVWGA,51,500,Br.Tinggan,5103060006,-8.2717116666667,115.22119333333,5.4000000953674,1,170,Bangunan,170100,Bangunan Berpenghuni,2023-06-12 20:25:19,2023-06-13 20:01:20,I MADE WIDHYANA,https://wilkerstat.bps.go.id/api/landmark/67449829/photo,I KETUT SURATA,1,"[3, 4]"
67449850,3QVWGV,52,500,Br.Tinggan,5103060006,-8.27168,115.22116833333,5.6999998092651,1,170,Bangunan,170100,Bangunan Berpenghuni,2023-06-12 20:30:17,2023-06-13 20:01:21,I MADE WIDHYANA,https://wilkerstat.bps.go.id/api/landmark/67449850/photo,I MADE RUKA,1,"[3, 4]"
67449859,3QVWH7,53,500,Br.Tinggan,5103060006,-8.27172,115.22122666667,4.9000000953674,1,170,Bangunan,170100,Bangunan Berpenghuni,2023-06-12 20:34:19,2023-06-13 20:01:21,I MADE WIDHYANA,https://wilkerstat.bps.go.id/api/landmark/67449859/photo,NYOMAN JATI,1,[3]
67449866,3QVWHE,54,500,Br.Tinggan,5103060006,-8.2716883333333,115.22128,4.5999999046326,1,170,Bangunan,170100,Bangunan Berpenghuni,2023-06-12 20:40:29,2023-06-13 20:01:22,I MADE WIDHYANA,https://wilkerstat.bps.go.id/api/landmark/67449866/photo,I WAYAN RAUH,1,"[3, 4]"
72067355,3USFLB,55,500,Br.Tinggan,5103060006,-8.2720633333333,115.22096166667,4.9000000953674,1,170,Bangunan,170100,Bangunan Berpenghuni,2023-06-20 19:01:46,2023-06-20 19:15:45,I MADE WIDHYANA,https://wilkerstat.bps.go.id/api/landmark/72067355/photo,I WAYAN GOLD,1,"[3, 4]"
72067361,3USFLH,56,500,Br.Tinggan,5103060006,-8.27211,115.22103833333,6.0999999046326,1,170,Bangunan,170100,Bangunan Berpenghuni,2023-06-20 19:04:56,2023-06-20 19:15:45,I MADE WIDHYANA,https://wilkerstat.bps.go.id/api/landmark/72067361/photo,I MADE PINDRA,1,"[3, 4]"
72067364,3USFLK,57,500,Br.Tinggan,5103060006,-8.2719983333333,115.22101,6.0999999046326,1,170,Bangunan,170100,Bangunan Berpenghuni,2023-06-20 19:16:34,2023-06-20 19:15:45,I MADE WIDHYANA,https://wilkerstat.bps.go.id/api/landmark/72067364/photo,I KETUT REMPIT,1,"[3, 4]"
72067371,3USFLR,58,500,Br.Tinggan,5103060006,-8.27201,115.22115,6.4000000953674,1,170,Bangunan,170100,Bangunan Berpenghuni,2023-06-20 19:24:34,2023-06-20 19:15:46,I MADE WIDHYANA,https://wilkerstat.bps.go.id/api/landmark/72067371/photo,I MADE SADE,1,"[3, 4]"
72067379,3USFLZ,59,500,Br.Tinggan,5103060006,-8.2723233333333,115.22117,6.8000001907349,1,170,Bangunan,170100,Bangunan Berpenghuni,2023-06-20 19:31:03,2023-06-20 19:15:46,I MADE WIDHYANA,https://wilkerstat.bps.go.id/api/landmark/72067379/photo,I KETUT SUWITA,1,[3]
72067388,3USFMB,60,500,Br.Tinggan,5103060006,-8.2720083333333,115.221295,7.4000000953674,1,170,Bangunan,170100,Bangunan Berpenghuni,2023-06-20 19:40:35,2023-06-20 19:15:46,I MADE WIDHYANA,https://wilkerstat.bps.go.id/api/landmark/72067388/photo,I MADE GATRA,1,"[3, 4]"
72067393,3USFMG,61,500,Br.Tinggan,5103060006,-8.271875,115.22144166667,5.5999999046326,1,170,Bangunan,170100,Bangunan Berpenghuni,2023-06-20 19:46:33,2023-06-20 19:15:46,I MADE WIDHYANA,https://wilkerstat.bps.go.id/api/landmark/72067393/photo,I KADEK YUNITA,1,"[3, 4]"
72067403,3USFMQ,62,500,Br.Tinggan,5103060006,-8.27186,115.221165,6.5999999046326,1,170,Bangunan,170100,Bangunan Berpenghuni,2023-06-20 19:53:29,2023-06-20 19:15:47,I MADE WIDHYANA,https://wilkerstat.bps.go.id/api/landmark/72067403/photo,I WAYAN ASTA,1,"[3, 4]"
72067410,3USFMX,63,500,Br.Tinggan,5103060006,-8.2717966666667,115.22117666667,6.8000001907349,1,170,Bangunan,170100,Bangunan Berpenghuni,2023-06-20 19:57:11,2023-06-20 19:15:47,I MADE WIDHYANA,https://wilkerstat.bps.go.id/api/landmark/72067410/photo,I WAYAN LILA,1,"[3, 4]"
72067416,3USFN5,64,500,Br.Tinggan,5103060006,-8.2725366666667,115.221265,5.0999999046326,1,170,Bangunan,170100,Bangunan Berpenghuni,2023-06-20 20:02:56,2023-06-20 19:15:47,I MADE WIDHYANA,https://wilkerstat.bps.go.id/api/landmark/72067416/photo,I MADE KANDRA,1,"[4, 5]"
72067426,3USFNG,65,500,Br.Tinggan,5103060006,-8.2723183333333,115.22105,3.4000000953674,1,170,Bangunan,170100,Bangunan Berpenghuni,2023-06-20 20:04:40,2023-06-20 19:15:47,I MADE WIDHYANA,https://wilkerstat.bps.go.id/api/landmark/72067426/photo,MADE PASEK SUBALI,1,"[3, 4]"
72067430,3USFNK,66,500,Br.Tinggan,5103060006,-8.27229,115.22127833333,5.5,1,170,Bangunan,170100,Bangunan Berpenghuni,2023-06-20 20:09:42,2023-06-20 19:15:48,I MADE WIDHYANA,https://wilkerstat.bps.go.id/api/landmark/72067430/photo,I GEDE SUBAGIA,1,"[3, 4]"
80206648,43NVOJ,67,500,Br.Tinggan,5103060006,-8.2701633333333,115.22071,3.7999999523163,1,170,Bangunan,170100,Bangunan Berpenghuni,2023-07-09 18:04:46,2023-07-09 19:30:23,I MADE WIDHYANA,https://wilkerstat.bps.go.id/api/landmark/80206648/photo,I WAYAN BRATA,1,"[3, 4]"
80206650,43NVOL,68,500,Br.Tinggan,5103060006,-8.2700866666667,115.220635,6.5999999046326,1,170,Bangunan,170100,Bangunan Berpenghuni,2023-07-09 18:12:01,2023-07-09 19:30:23,I MADE WIDHYANA,https://wilkerstat.bps.go.id/api/landmark/80206650/photo,I KETUT SADI,1,[3]
80206657,43NVOS,69,500,Br.Tinggan,5103060006,-8.2699783333333,115.22084666667,5.0,1,170,Bangunan,170100,Bangunan Berpenghuni,2023-07-09 18:20:09,2023-07-09 19:30:24,I MADE WIDHYANA,https://wilkerstat.bps.go.id/api/landmark/80206657/photo,I MADE KARIAWAN,1,"[3, 4]"
80206661,43NVOW,70,500,Br.Tinggan,5103060006,-8.2695533333333,115.22246666667,4.4000000953674,1,170,Bangunan,170100,Bangunan Berpenghuni,2023-07-09 18:35:34,2023-07-09 19:30:24,I MADE WIDHYANA,https://wilkerstat.bps.go.id/api/landmark/80206661/photo,NI NYOMAN RAI ASIH,1,"[3, 4]"
80206665,43NVP2,71,500,Br.Tinggan,5103060006,-8.2702716666667,115.22437333333,6.0999999046326,1,170,Bangunan,170100,Bangunan Berpenghuni,2023-07-09 18:46:56,2023-07-09 19:30:24,I MADE WIDHYANA,https://wilkerstat.bps.go.id/api/landmark/80206665/photo,I WYAN DARMA,1,[3]
80206667,43NVP4,72,500,Br.Tinggan,5103060006,-8.2696566666667,115.22221333333,6.0,1,170,Bangunan,170100,Bangunan Berpenghuni,2023-07-09 18:58:47,2023-07-09 19:30:25,I MADE WIDHYANA,https://wilkerstat.bps.go.id/api/landmark/80206667/photo,I KETUT GATRA,1,"[3, 4]"
80206668,43NVP5,73,500,Br.Tinggan,5103060006,-8.2697833333333,115.22206,6.8000001907349,1,170,Bangunan,170100,Bangunan Berpenghuni,2023-07-09 19:12:04,2023-07-09 19:30:25,I MADE WIDHYANA,https://wilkerstat.bps.go.id/api/landmark/80206668/photo,I WAYAN SUTHA,1,"[3, 4]"
80206670,43NVP8,74,500,Br.Tinggan,5103060006,-8.26978,115.22208,6.1999998092651,1,170,Bangunan,170100,Bangunan Berpenghuni,2023-07-09 19:12:34,2023-07-09 19:30:25,I MADE WIDHYANA,https://wilkerstat.bps.go.id/api/landmark/80206670/photo,I WAYAN SUKARTA,1,"[3, 4]"
80206672,43NVPA,75,500,Br.Tinggan,5103060006,-8.269755,115.22214833333,6.1999998092651,1,170,Bangunan,170100,Bangunan Berpenghuni,2023-07-09 19:21:52,2023-07-09 19:30:25,I MADE WIDHYANA,https://wilkerstat.bps.go.id/api/landmark/80206672/photo,I NYOMAN SUTRISNA,1,[3]
80206675,43NVPD,76,500,Br.Tinggan,5103060006,-8.2696316666667,115.22189166667,4.3000001907349,1,170,Bangunan,170100,Bangunan Berpenghuni,2023-07-09 19:27:05,2023-07-09 19:30:25,I MADE WIDHYANA,https://wilkerstat.bps.go.id/api/landmark/80206675/photo,I MADE WARNA,1,"[3, 4]"
80206677,43NVPF,77,500,Br.Tinggan,5103060006,-8.270035,115.22191,5.1999998092651,1,170,Bangunan,170100,Bangunan Berpenghuni,2023-07-09 19:35:01,2023-07-09 19:30:26,I MADE WIDHYANA,https://wilkerstat.bps.go.id/api/landmark/80206677/photo,I NYOMAN SANIA,1,"[3, 4]"
80206681,43NVPJ,78,500,Br.Tinggan,5103060006,-8.2700266666667,115.2218,4.8000001907349,1,170,Bangunan,170100,Bangunan Berpenghuni,2023-07-09 19:45:36,2023-07-09 19:30:26,I MADE WIDHYANA,https://wilkerstat.bps.go.id/api/landmark/80206681/photo,I WAYAN DURSANTA,1,"[3, 4]"
80206685,43NVPN,79,500,Br.Tinggan,5103060006,-8.2700933333333,115.22177833333,5.0,1,170,Bangunan,170100,Bangunan Berpenghuni,2023-07-09 19:53:40,2023-07-09 19:30:27,I MADE WIDHYANA,https://wilkerstat.bps.go.id/api/landmark/80206685/photo,I WAYAN SUARDANA,1,"[3, 4]"
80206687,43NVPP,80,500,Br.Tinggan,5103060006,-8.2702766666667,115.221665,4.3000001907349,1,170,Bangunan,170100,Bangunan Berpenghuni,2023-07-09 19:54:18,2023-07-09 19:30:27,I MADE WIDHYANA,https://wilkerstat.bps.go.id/api/landmark/80206687/photo,I KOMANG ANDI SUBAWA,1,"[3, 4]"
80206691,43NVPT,81,500,Br.Tinggan,5103060006,-8.27024,115.22146666667,5.6999998092651,1,170,Bangunan,170100,Bangunan Berpenghuni,2023-07-09 20:05:16,2023-07-09 19:30:27,I MADE WIDHYANA,https://wilkerstat.bps.go.id/api/landmark/80206691/photo,I NYOMAN SADIA,1,"[3, 4]"
80206695,43NVPX,82,500,Br.Tinggan,5103060006,-8.2706116666667,115.22184833333,4.5999999046326,1,170,Bangunan,170100,Bangunan Berpenghuni,2023-07-09 20:14:16,2023-07-09 19:30:28,I MADE WIDHYANA,https://wilkerstat.bps.go.id/api/landmark/80206695/photo,I WAYAN SUTAYASA,1,[3]
80378084,43SO4K,83,500,Br.Tinggan,5103060006,-8.2696183333333,115.22118833333,7.5,1,170,Bangunan,170100,Bangunan Berpenghuni,2023-07-10 06:54:23,2023-07-10 10:29:52,I MADE WIDHYANA,https://wilkerstat.bps.go.id/api/landmark/80378084/photo,I WAYAN AMAL,1,"[3, 4]"
80378093,43SO4T,84,500,Br.Tinggan,5103060006,-8.27013,115.22142333333,5.5,1,170,Bangunan,170100,Bangunan Berpenghuni,2023-07-10 07:00:27,2023-07-10 10:29:54,I MADE WIDHYANA,https://wilkerstat.bps.go.id/api/landmark/80378093/photo,I MADE BAWA ARDIKA,1,[3]
80378094,43SO4U,85,500,Br.Tinggan,5103060006,-8.2700783333333,115.221505,5.6999998092651,1,170,Bangunan,170100,Bangunan Berpenghuni,2023-07-10 07:03:02,2023-07-10 10:29:55,I MADE WIDHYANA,https://wilkerstat.bps.go.id/api/landmark/80378094/photo,I WAYAN DUGDUG,1,[3]
80378242,43SOAD,86,500,Br.Tinggan,5103060006,-8.2699166666667,115.221525,5.9000000953674,1,170,Bangunan,170100,Bangunan Berpenghuni,2023-07-10 07:07:24,2023-07-10 10:30:15,I MADE WIDHYANA,https://wilkerstat.bps.go.id/api/landmark/80378242/photo,NI NYOMAN GATRI,1,[3]
80378245,43SOAG,87,500,Br.Tinggan,5103060006,-8.270285,115.22152,5.5,1,170,Bangunan,170100,Bangunan Berpenghuni,2023-07-10 07:08:15,2023-07-10 10:30:16,I MADE WIDHYANA,https://wilkerstat.bps.go.id/api/landmark/80378245/photo,I MADE LADRAT,1,[3]
80378251,43SOAM,88,500,Br.Tinggan,5103060006,-8.27078,115.22165666667,5.6999998092651,1,170,Bangunan,170100,Bangunan Berpenghuni,2023-07-10 07:15:03,2023-07-10 10:30:19,I MADE WIDHYANA,https://wilkerstat.bps.go.id/api/landmark/80378251/photo,I WAYAN SUARDIKA,1,"[3, 4]"
80378254,43SOAP,89,500,Br.Tinggan,5103060006,-8.2708483333333,115.222125,3.7999999523163,1,170,Bangunan,170100,Bangunan Berpenghuni,2023-07-10 07:21:35,2023-07-10 10:30:19,I MADE WIDHYANA,https://wilkerstat.bps.go.id/api/landmark/80378254/photo,I WAYAN JASA,1,[3]
80378278,43SOBG,90,500,Br.Tinggan,5103060006,-8.272335,115.22356,5.6999998092651,1,170,Bangunan,170100,Bangunan Berpenghuni,2023-07-10 07:30:18,2023-07-10 10:30:26,I MADE WIDHYANA,https://wilkerstat.bps.go.id/api/landmark/80378278/photo,NI PUTU NATRI,1,"[3, 4]"
80378291,43SOBT,91,500,Br.Tinggan,5103060006,-8.2711633333333,115.22175666667,4.5,1,170,Bangunan,170100,Bangunan Berpenghuni,2023-07-10 07:33:32,2023-07-10 10:30:28,I MADE WIDHYANA,https://wilkerstat.bps.go.id/api/landmark/80378291/photo,I NYOMAN JINGGA,1,"[3, 4]"
82143329,45BS3T,92,500,Br.Tinggan,5103060006,-8.27035,115.22498333333,5.4000000953674,1,170,Bangunan,170100,Bangunan Berpenghuni,2023-07-14 07:02:40,2023-07-14 11:17:36,I MADE WIDHYANA,https://wilkerstat.bps.go.id/api/landmark/82143329/photo,I MADE RASNA,1,"[3, 4]"
82143415,45BS7G,93,500,Br.Tinggan,5103060006,-8.2703616666667,115.220355,5.5,1,170,Bangunan,170100,Bangunan Berpenghuni,2023-07-14 07:04:40,2023-07-14 11:17:47,I MADE WIDHYANA,https://wilkerstat.bps.go.id/api/landmark/82143415/photo,I NYOMAN JONI,1,"[3, 4]"
82143521,45BSAN,94,500,Br.Tinggan,5103060006,-8.2709283333333,115.22011166667,6.1999998092651,1,170,Bangunan,170100,Bangunan Berpenghuni,2023-07-14 07:11:44,2023-07-14 11:17:59,I MADE WIDHYANA,https://wilkerstat.bps.go.id/api/landmark/82143521/photo,I DW MADE ALIT SUWENA,1,"[3, 4]"
82143538,45BSB7,95,500,Br.Tinggan,5103060006,-8.2708816666667,115.22036333333,6.9000000953674,1,170,Bangunan,170100,Bangunan Berpenghuni,2023-07-14 07:15:30,2023-07-14 11:18:02,I MADE WIDHYANA,https://wilkerstat.bps.go.id/api/landmark/82143538/photo,DEWA GEDE WIKANA,1,"[3, 4]"
82143540,45BSB9,96,500,Br.Tinggan,5103060006,-8.27076,115.22022833333,5.5999999046326,1,170,Bangunan,170100,Bangunan Berpenghuni,2023-07-14 07:16:53,2023-07-14 11:18:03,I MADE WIDHYANA,https://wilkerstat.bps.go.id/api/landmark/82143540/photo,I DEWA ALIT WINETRA,1,"[3, 4]"
82143565,45BSBY,97,500,Br.Tinggan,5103060006,-8.2708433333333,115.22041833333,9.6000003814697,1,170,Bangunan,170100,Bangunan Berpenghuni,2023-07-14 07:18:07,2023-07-14 11:18:08,I MADE WIDHYANA,https://wilkerstat.bps.go.id/api/landmark/82143565/photo,DW PUTU NESA,1,[4]
82143588,45BSCO,98,500,Br.Tinggan,5103060006,-8.272635,115.220615,5.0999999046326,1,170,Bangunan,170100,Bangunan Berpenghuni,2023-07-14 07:24:58,2023-07-14 11:18:10,I MADE WIDHYANA,https://wilkerstat.bps.go.id/api/landmark/82143588/photo,I WAYAN DARMA,1,"[3, 4]"
82143623,45BSDQ,99,500,Br.Tinggan,5103060006,-8.2711433333333,115.22082666667,6.9000000953674,1,170,Bangunan,170100,Bangunan Berpenghuni,2023-07-14 07:32:25,2023-07-14 11:18:15,I MADE WIDHYANA,https://wilkerstat.bps.go.id/api/landmark/82143623/photo,I NYOMAN DARSA,1,"[3, 4]"
82143632,45BSDZ,100,500,Br.Tinggan,5103060006,-8.27106,115.22063333333,7.1999998092651,1,170,Bangunan,170100,Bangunan Berpenghuni,2023-07-14 07:33:06,2023-07-14 11:18:17,I MADE WIDHYANA,https://wilkerstat.bps.go.id/api/landmark/82143632/photo,I KETUT JUSUWANTARA,1,"[3, 4]"
82143637,45BSE7,101,500,Br.Tinggan,5103060006,-8.27122,115.22096333333,6.5999999046326,1,170,Bangunan,170100,Bangunan Berpenghuni,2023-07-14 07:56:42,2023-07-14 11:18:19,I MADE WIDHYANA,https://wilkerstat.bps.go.id/api/landmark/82143637/photo,I MADE WIRAWAN,1,"[3, 4]"
82143639,45BSE9,102,500,Br.Tinggan,5103060006,-8.2711516666667,115.22106666667,5.8000001907349,1,170,Bangunan,170100,Bangunan Berpenghuni,2023-07-14 08:02:10,2023-07-14 11:18:19,I MADE WIDHYANA,https://wilkerstat.bps.go.id/api/landmark/82143639/photo,I NYOMAN TINGGI,1,[4]
82143742,45BSHD,103,500,Br.Tinggan,5103060006,-8.2710733333333,115.22103833333,5.5999999046326,1,170,Bangunan,170100,Bangunan Berpenghuni,2023-07-14 08:02:33,2023-07-14 11:18:36,I MADE WIDHYANA,https://wilkerstat.bps.go.id/api/landmark/82143742/photo,I MADE SUMA,1,[4]
82143753,45BSHO,104,500,Br.Tinggan,5103060006,-8.271585,115.220915,4.4000000953674,1,170,Bangunan,170100,Bangunan Berpenghuni,2023-07-14 08:07:42,2023-07-14 11:18:38,I MADE WIDHYANA,https://wilkerstat.bps.go.id/api/landmark/82143753/photo,I WAYAN SUWECA,1,"[3, 4]"
82143763,45BSHY,105,500,Br.Tinggan,5103060006,-8.2712783333333,115.220845,5.0999999046326,1,170,Bangunan,170100,Bangunan Berpenghuni,2023-07-14 08:08:08,2023-07-14 11:18:39,I MADE WIDHYANA,https://wilkerstat.bps.go.id/api/landmark/82143763/photo,I NYOMAN RASTA,1,"[3, 4]"
82143884,45BSLN,106,500,Br.Tinggan,5103060006,-8.2711666666667,115.22067666667,5.9000000953674,1,170,Bangunan,170100,Bangunan Berpenghuni,2023-07-14 08:10:20,2023-07-14 11:18:52,I MADE WIDHYANA,https://wilkerstat.bps.go.id/api/landmark/82143884/photo,I WAYAN ARYA,1,"[3, 4]"
82143910,45BSMG,107,500,Br.Tinggan,5103060006,-8.2706883333333,115.22052333333,3.5999999046326,1,170,Bangunan,170100,Bangunan Berpenghuni,2023-07-14 08:13:41,2023-07-14 11:18:56,I MADE WIDHYANA,https://wilkerstat.bps.go.id/api/landmark/82143910/photo,I KETUT YOGI ASTAWA,1,"[3, 4]"
82144275,45BSXI,108,500,Br.Tinggan,5103060006,-8.2706683333333,115.22039333333,3.4000000953674,1,170,Bangunan,170100,Bangunan Berpenghuni,2023-07-14 08:14:14,2023-07-14 11:19:42,I MADE WIDHYANA,https://wilkerstat.bps.go.id/api/landmark/82144275/photo,I NYOMAN MUNIK,1,"[3, 4]"
82144295,45BSY4,109,500,Br.Tinggan,5103060006,-8.271985,115.22076666667,5.3000001907349,1,170,Bangunan,170100,Bangunan Berpenghuni,2023-07-14 08:16:11,2023-07-14 11:19:47,I MADE WIDHYANA,https://wilkerstat.bps.go.id/api/landmark/82144295/photo,I WAYAN SENI ASIH,1,"[3, 4]"
62743176,3MWXGF,1,900,BANJAR BUKIT MUNDUK TIYING,5103060006,-8.35617,115.22345166667,1.6000000238419,1,170,Bangunan,170100,Bangunan Berpenghuni,2023-06-05 12:51:01,2023-06-05 11:51:17,DESAK PUTU ASMARIANI,https://wilkerstat.bps.go.id/api/landmark/62743176/photo,I GUSTI NGURAH SUDIRA,1,"[1, 3, 4, 5]"
63094992,3N9QII,3,900,BANJAR BUKIT MUNDUK TIYING,5103060006,-8.3550416666667,115.22345333333,1.7000000476837,1,170,Bangunan,170100,Bangunan Berpenghuni,2023-06-05 16:37:31,2023-06-06 08:46:55,DESAK PUTU ASMARIANI,https://wilkerstat.bps.go.id/api/landmark/63094992/photo,I WAYAN BALIK,1,"[1, 2, 3, 4, 5]"
63218461,3ND7UY,4,900,BANJAR BUKIT MUNDUK TIYING,5103060006,-8.354265,115.22288333333,1.7000000476837,1,170,Bangunan,170100,Bangunan Berpenghuni,2023-06-05 17:19:11,2023-06-06 13:19:44,DESAK PUTU ASMARIANI,https://wilkerstat.bps.go.id/api/landmark/63218461/photo,I GUSTI NYOMAN PUTRA,1,"[2, 3, 4]"
63465837,3NK329,5,900,BANJAR BUKIT MUNDUK TIYING,5103060006,-8.3534283333333,115.22219333333,1.7000000476837,1,170,Bangunan,170100,Bangunan Berpenghuni,2023-06-05 18:00:45,2023-06-06 21:09:53,DESAK PUTU ASMARIANI,https://wilkerstat.bps.go.id/api/landmark/63465837/photo,I GUSTI NGURAH PUTRA ,1,"[1, 2, 3, 4, 5]"
63702179,3NQN34,6,900,BANJAR BUKIT MUNDUK TIYING,5103060006,-8.3532916666667,115.22205,2.2000000476837,1,170,Bangunan,170100,Bangunan Berpenghuni,2023-06-05 18:32:24,2023-06-07 12:36:10,DESAK PUTU ASMARIANI,https://wilkerstat.bps.go.id/api/landmark/63702179/photo,I GUSTI NGURAH PURNA ,1,"[1, 2, 3, 4, 5]"
64072076,3O2WQ4,7,900,BANJAR BUKIT MUNDUK TIYING,5103060006,-8.3531633333333,115.22196166667,1.5,1,170,Bangunan,170100,Bangunan Berpenghuni,2023-06-06 16:21:54,2023-06-08 05:38:14,DESAK PUTU ASMARIANI,https://wilkerstat.bps.go.id/api/landmark/64072076/photo,I PUTU SUENA,1,"[1, 2, 3, 4, 5]"
64075059,3O2ZHI,8,900,BANJAR BUKIT MUNDUK TIYING,5103060006,-8.3532333333333,115.221825,1.6000000238419,1,170,Bangunan,170100,Bangunan Berpenghuni,2023-06-06 16:41:46,2023-06-08 06:02:00,DESAK PUTU ASMARIANI,https://wilkerstat.bps.go.id/api/landmark/64075059/photo,I KETUT MERTAYASA,1,[4]
64075674,3O3225,9,900,BANJAR BUKIT MUNDUK TIYING,5103060006,-8.35298,115.221855,1.5,1,170,Bangunan,170100,Bangunan Berpenghuni,2023-06-06 16:54:42,2023-06-08 06:06:14,DESAK PUTU ASMARIANI,https://wilkerstat.bps.go.id/api/landmark/64075674/photo,I GEDE SUBAWA,1,[4]
64075855,3O328M,10,900,BANJAR BUKIT MUNDUK TIYING,5103060006,-8.3528,115.22175333333,1.6000000238419,1,170,Bangunan,170100,Bangunan Berpenghuni,2023-06-06 18:00:15,2023-06-08 06:07:46,DESAK PUTU ASMARIANI,https://wilkerstat.bps.go.id/api/landmark/64075855/photo,I WAYAN ASA,1,"[3, 4]"
64076408,3O32PE,11,900,BANJAR BUKIT MUNDUK TIYING,5103060006,-8.352805,115.221745,1.5,1,170,Bangunan,170100,Bangunan Berpenghuni,2023-06-06 18:02:09,2023-06-08 06:11:20,DESAK PUTU ASMARIANI,https://wilkerstat.bps.go.id/api/landmark/64076408/photo,I WAYAN KELEMEK,1,"[2, 4, 5]"
64123314,3O4DRR,12,900,BANJAR BUKIT MUNDUK TIYING,5103060006,-8.347845,115.21857333333,1.6000000238419,1,170,Bangunan,170100,Bangunan Berpenghuni,2023-06-07 16:45:14,2023-06-08 08:53:53,DESAK PUTU ASMARIANI,https://wilkerstat.bps.go.id/api/landmark/64123314/photo,I KETUT KORJA,1,"[1, 2, 3, 4, 5]"
64129593,3O4JK2,13,900,BANJAR BUKIT MUNDUK TIYING,5103060006,-8.347705,115.21873166667,1.6000000238419,1,170,Bangunan,170100,Bangunan Berpenghuni,2023-06-07 17:30:00,2023-06-08 09:06:45,DESAK PUTU ASMARIANI,https://wilkerstat.bps.go.id/api/landmark/64129593/photo,I MADE SUARDANA,1,"[1, 2, 3, 4, 5]"
64130337,3O4K9L,14,900,BANJAR BUKIT MUNDUK TIYING,5103060006,-8.3478066666667,115.21857,1.7000000476837,1,170,Bangunan,170100,Bangunan Berpenghuni,2023-06-07 18:17:38,2023-06-08 09:08:21,DESAK PUTU ASMARIANI,https://wilkerstat.bps.go.id/api/landmark/64130337/photo,I NYOMAN SUNDING ,1,"[1, 2, 3, 4]"
64131950,3O4LPH,15,900,BANJAR BUKIT MUNDUK TIYING,5103060006,-8.3488583333333,115.21981666667,1.7999999523163,1,170,Bangunan,170100,Bangunan Berpenghuni,2023-06-07 18:42:40,2023-06-08 09:11:07,DESAK PUTU ASMARIANI,https://wilkerstat.bps.go.id/api/landmark/64131950/photo,I KETUT SUDANA ,1,"[2, 3, 4, 5]"
64749696,3OMRY2,16,900,BANJAR BUKIT MUNDUK TIYING,5103060006,-8.3488483333333,115.21982833333,1.5,1,170,Bangunan,170100,Bangunan Berpenghuni,2023-06-07 18:59:39,2023-06-09 11:54:16,DESAK PUTU ASMARIANI,https://wilkerstat.bps.go.id/api/landmark/64749696/photo,I WAYAN BANDI,1,"[2, 3, 5]"
64750555,3OMSR3,17,900,BANJAR BUKIT MUNDUK TIYING,5103060006,-8.3446733333333,115.218405,1.7000000476837,1,170,Bangunan,170100,Bangunan Berpenghuni,2023-06-08 16:10:40,2023-06-09 11:56:13,DESAK PUTU ASMARIANI,https://wilkerstat.bps.go.id/api/landmark/64750555/photo,I KETUT ARTA,1,"[2, 3, 4, 5]"
64751372,3OMTIT,18,900,BANJAR BUKIT MUNDUK TIYING,5103060006,-8.344595,115.21844,1.2999999523163,1,170,Bangunan,170100,Bangunan Berpenghuni,2023-06-08 16:28:33,2023-06-09 11:58:10,DESAK PUTU ASMARIANI,https://wilkerstat.bps.go.id/api/landmark/64751372/photo,GEDE SRI KARDIASA,1,[4]
64751995,3OMU3P,19,900,BANJAR BUKIT MUNDUK TIYING,5103060006,-8.3393983333333,115.217845,1.5,1,170,Bangunan,170100,Bangunan Berpenghuni,2023-06-08 16:57:53,2023-06-09 11:59:49,DESAK PUTU ASMARIANI,https://wilkerstat.bps.go.id/api/landmark/64751995/photo,I NYOMAN KISNA ,1,"[3, 4]"
64752642,3OMUOC,20,900,BANJAR BUKIT MUNDUK TIYING,5103060006,-8.3393783333333,115.216885,1.3999999761581,1,170,Bangunan,170100,Bangunan Berpenghuni,2023-06-08 17:33:48,2023-06-09 12:01:20,DESAK PUTU ASMARIANI,https://wilkerstat.bps.go.id/api/landmark/64752642/photo,I WAYAN GARA ,1,"[1, 2, 3, 4, 5]"
64752974,3OMUYE,21,900,BANJAR BUKIT MUNDUK TIYING,5103060006,-8.3397133333333,115.21637666667,1.5,1,170,Bangunan,170100,Bangunan Berpenghuni,2023-06-08 17:59:45,2023-06-09 12:02:12,DESAK PUTU ASMARIANI,https://wilkerstat.bps.go.id/api/landmark/64752974/photo,I WAYAN KARTANA,1,[4]
65362503,3P5TOX,23,900,BANJAR BUKIT MUNDUK TIYING,5103060006,-8.33906,115.21668833333,1.7999999523163,1,170,Bangunan,170100,Bangunan Berpenghuni,2023-06-09 15:24:43,2023-06-10 13:42:41,DESAK PUTU ASMARIANI,https://wilkerstat.bps.go.id/api/landmark/65362503/photo,I NYOMAN SUWIDNYA,1,"[2, 3, 4, 5]"
65363249,3P5UEK,24,900,BANJAR BUKIT MUNDUK TIYING,5103060006,-8.3390366666667,115.216575,1.7000000476837,1,170,Bangunan,170100,Bangunan Berpenghuni,2023-06-09 15:56:00,2023-06-10 13:44:31,DESAK PUTU ASMARIANI,https://wilkerstat.bps.go.id/api/landmark/65363249/photo,I WAYAN NADA,1,"[2, 3, 4, 5]"
65533829,3PBLZN,25,900,BANJAR BUKIT MUNDUK TIYING,5103060006,-8.3389716666667,115.21655166667,1.5,1,170,Bangunan,170100,Bangunan Berpenghuni,2023-06-09 16:39:14,2023-06-10 18:30:36,DESAK PUTU ASMARIANI,https://wilkerstat.bps.go.id/api/landmark/65533829/photo,I WAYAN WIRTA YASA ,1,"[2, 3, 4, 5]"
66056475,3PQ5XF,26,900,BANJAR BUKIT MUNDUK TIYING,5103060006,-8.33876,115.21651666667,1.7999999523163,1,170,Bangunan,170100,Bangunan Berpenghuni,2023-06-09 17:14:13,2023-06-11 17:35:58,DESAK PUTU ASMARIANI,https://wilkerstat.bps.go.id/api/landmark/66056475/photo,I NYOMAN KARMI ,1,"[1, 2, 3, 4, 5]"
66098727,3PRCQR,28,900,BANJAR BUKIT MUNDUK TIYING,5103060006,-8.3385666666667,115.21656666667,1.6000000238419,1,170,Bangunan,170100,Bangunan Berpenghuni,2023-06-09 17:52:16,2023-06-11 18:43:23,DESAK PUTU ASMARIANI,https://wilkerstat.bps.go.id/api/landmark/66098727/photo,I MADE KARI ,1,"[2, 3, 4, 5]"
66301959,3PWYEC,29,900,BANJAR BUKIT MUNDUK TIYING,5103060006,-8.338635,115.216285,1.7999999523163,1,170,Bangunan,170100,Bangunan Berpenghuni,2023-06-09 18:14:55,2023-06-12 07:37:20,DESAK PUTU ASMARIANI,https://wilkerstat.bps.go.id/api/landmark/66301959/photo,NI MADE TIMBA,1,"[4, 5]"
66302178,3PWYKX,30,900,BANJAR BUKIT MUNDUK TIYING,5103060006,-8.338415,115.2164,1.7999999523163,1,170,Bangunan,170100,Bangunan Berpenghuni,2023-06-10 16:12:59,2023-06-12 07:38:06,DESAK PUTU ASMARIANI,https://wilkerstat.bps.go.id/api/landmark/66302178/photo,I MADE KEMBAR JANU,1,"[2, 3, 4, 5]"
66302637,3PWYYU,31,900,BANJAR BUKIT MUNDUK TIYING,5103060006,-8.3383916666667,115.21647166667,1.3999999761581,1,170,Bangunan,170100,Bangunan Berpenghuni,2023-06-10 16:26:19,2023-06-12 07:39:18,DESAK PUTU ASMARIANI,https://wilkerstat.bps.go.id/api/landmark/66302637/photo,NI WAYAN DARMINI,1,"[2, 3, 4, 5]"
66302920,3PWZAG,32,900,BANJAR BUKIT MUNDUK TIYING,5103060006,-8.33814,115.21651333333,1.6000000238419,1,170,Bangunan,170100,Bangunan Berpenghuni,2023-06-10 16:53:55,2023-06-12 07:40:29,DESAK PUTU ASMARIANI,https://wilkerstat.bps.go.id/api/landmark/66302920/photo,I KETUT PANDE ARTA KASUMA,1,"[2, 3, 4, 5]"
66303097,3PWZFS,34,900,BANJAR BUKIT MUNDUK TIYING,5103060006,-8.337885,115.21651833333,1.7000000476837,1,170,Bangunan,170100,Bangunan Berpenghuni,2023-06-10 17:27:24,2023-06-12 07:41:21,DESAK PUTU ASMARIANI,https://wilkerstat.bps.go.id/api/landmark/66303097/photo,I WAYAN RUASA,1,"[2, 3, 4, 5]"
66307694,3PX5N4,35,900,BANJAR BUKIT MUNDUK TIYING,5103060006,-8.3383466666667,115.2165,1.6000000238419,1,170,Bangunan,170100,Bangunan Berpenghuni,2023-06-10 17:56:16,2023-06-12 07:55:00,DESAK PUTU ASMARIANI,https://wilkerstat.bps.go.id/api/landmark/66307694/photo,I WAYAN SABA ,1,"[4, 5]"
67324962,3QSGRF,36,900,BANJAR BUKIT MUNDUK TIYING,5103060006,-8.3376516666667,115.216515,1.5,1,170,Bangunan,170100,Bangunan Berpenghuni,2023-06-11 16:36:16,2023-06-13 17:42:31,DESAK PUTU ASMARIANI,https://wilkerstat.bps.go.id/api/landmark/67324962/photo,I NYOMAN TAMA ADI SAPUTRA,1,"[2, 3, 4, 5]"
67325578,3QSHD3,37,900,BANJAR BUKIT MUNDUK TIYING,5103060006,-8.3377416666667,115.216385,1.6000000238419,1,170,Bangunan,170100,Bangunan Berpenghuni,2023-06-11 16:54:50,2023-06-13 17:43:17,DESAK PUTU ASMARIANI,https://wilkerstat.bps.go.id/api/landmark/67325578/photo, I WAYAN KOTA ,1,"[1, 2, 3, 4, 5]"
67326366,3QSI2X,38,900,BANJAR BUKIT MUNDUK TIYING,5103060006,-8.33752,115.21654,1.3999999761581,1,170,Bangunan,170100,Bangunan Berpenghuni,2023-06-11 17:20:09,2023-06-13 17:44:18,DESAK PUTU ASMARIANI,https://wilkerstat.bps.go.id/api/landmark/67326366/photo,I WAYAN GIANA ,1,"[1, 2, 3, 4, 5]"
67326901,3QSIK7,39,900,BANJAR BUKIT MUNDUK TIYING,5103060006,-8.33749,115.21640666667,1.6000000238419,1,170,Bangunan,170100,Bangunan Berpenghuni,2023-06-11 17:41:44,2023-06-13 17:44:56,DESAK PUTU ASMARIANI,https://wilkerstat.bps.go.id/api/landmark/67326901/photo,I MADE NASTA ,1,"[1, 2, 3, 4, 5]"
67327672,3QSJAJ,40,900,BANJAR BUKIT MUNDUK TIYING,5103060006,-8.3374366666667,115.216305,1.7999999523163,1,170,Bangunan,170100,Bangunan Berpenghuni,2023-06-11 18:00:49,2023-06-13 17:46:03,DESAK PUTU ASMARIANI,https://wilkerstat.bps.go.id/api/landmark/67327672/photo,I NYOMAN AGUS SUTRIMANJAYA,1,"[1, 2, 3, 4, 5]"
68118555,3RHJIO,41,900,BANJAR BUKIT MUNDUK TIYING,5103060006,-8.33722,115.21647333333,2.0,1,170,Bangunan,170100,Bangunan Berpenghuni,2023-06-14 16:16:40,2023-06-14 19:16:10,DESAK PUTU ASMARIANI,https://wilkerstat.bps.go.id/api/landmark/68118555/photo,I NYOMAN PUTRA REDANA ,1,"[1, 2, 3, 4, 5]"
68119184,3RHK3Q,42,900,BANJAR BUKIT MUNDUK TIYING,5103060006,-8.3371533333333,115.216265,1.8999999761581,1,170,Bangunan,170100,Bangunan Berpenghuni,2023-06-14 16:42:02,2023-06-14 19:17:05,DESAK PUTU ASMARIANI,https://wilkerstat.bps.go.id/api/landmark/68119184/photo,I KETUT MARJANA ,1,"[1, 2, 3, 4, 5]"
68464858,3RR7IP,43,900,BANJAR BUKIT MUNDUK TIYING,5103060006,-8.3370266666667,115.21646833333,1.7999999523163,1,170,Bangunan,170100,Bangunan Berpenghuni,2023-06-14 17:14:16,2023-06-15 11:37:43,DESAK PUTU ASMARIANI,https://wilkerstat.bps.go.id/api/landmark/68464858/photo,I WAYAN KEMIG,1,"[1, 2, 3, 4, 5]"
68465578,3RR87J,44,900,BANJAR BUKIT MUNDUK TIYING,5103060006,-8.337,115.21629833333,1.8999999761581,1,170,Bangunan,170100,Bangunan Berpenghuni,2023-06-14 17:31:21,2023-06-15 11:38:29,DESAK PUTU ASMARIANI,https://wilkerstat.bps.go.id/api/landmark/68465578/photo,NI NYOMAN BENYEG ,1,"[2, 3, 5]"
68467628,3RRA2N,45,900,BANJAR BUKIT MUNDUK TIYING,5103060006,-8.3368566666667,115.21627833333,1.6000000238419,1,170,Bangunan,170100,Bangunan Berpenghuni,2023-06-14 18:09:31,2023-06-15 11:41:08,DESAK PUTU ASMARIANI,https://wilkerstat.bps.go.id/api/landmark/68467628/photo,NI GUSTI AYU WARTINI,1,"[1, 2, 3]"
70040723,3T3ZL8,46,900,BANJAR BUKIT MUNDUK TIYING,5103060006,-8.3308016666667,115.21465166667,1.7999999523163,1,170,Bangunan,170100,Bangunan Berpenghuni,2023-06-16 16:12:37,2023-06-17 18:02:23,DESAK PUTU ASMARIANI,https://wilkerstat.bps.go.id/api/landmark/70040723/photo,I WAYAN KARTAYASA ,1,"[3, 4]"
70040954,3T3ZS8,47,900,BANJAR BUKIT MUNDUK TIYING,5103060006,-8.3302783333333,115.21450333333,1.2999999523163,1,170,Bangunan,170100,Bangunan Berpenghuni,2023-06-16 16:29:16,2023-06-17 18:02:40,DESAK PUTU ASMARIANI,https://wilkerstat.bps.go.id/api/landmark/70040954/photo,I WAYAN TEGAL ,1,"[2, 3, 4, 5]"
70989070,3TVFFY,48,900,BANJAR BUKIT MUNDUK TIYING,5103060006,-8.3293516666667,115.214515,1.3999999761581,1,170,Bangunan,170100,Bangunan Berpenghuni,2023-06-16 16:48:36,2023-06-19 10:17:32,DESAK PUTU ASMARIANI,https://wilkerstat.bps.go.id/api/landmark/70989070/photo,I MADE SUARTANA,1,"[1, 2, 3, 4]"
70989513,3TVFTF,49,900,BANJAR BUKIT MUNDUK TIYING,5103060006,-8.329105,115.21444166667,1.3999999761581,1,170,Bangunan,170100,Bangunan Berpenghuni,2023-06-16 17:13:34,2023-06-19 10:18:15,DESAK PUTU ASMARIANI,https://wilkerstat.bps.go.id/api/landmark/70989513/photo,I MADE SUMARDIKA,1,"[2, 3, 4]"
70989875,3TVG7E,50,900,BANJAR BUKIT MUNDUK TIYING,5103060006,-8.3291,115.214435,1.3999999761581,1,170,Bangunan,170100,Bangunan Berpenghuni,2023-06-16 17:14:47,2023-06-19 10:18:51,DESAK PUTU ASMARIANI,https://wilkerstat.bps.go.id/api/landmark/70989875/photo,I WAYAN WIRACALA,1,"[1, 2, 3, 4, 5]"
71751748,3UJMRG,51,900,BANJAR BUKIT MUNDUK TIYING,5103060006,-8.3340183333333,115.21500333333,1.2999999523163,1,170,Bangunan,170100,Bangunan Berpenghuni,2023-06-19 16:16:33,2023-06-20 12:16:30,DESAK PUTU ASMARIANI,https://wilkerstat.bps.go.id/api/landmark/71751748/photo,I NYOMAN DARMA,1,"[2, 3, 4]"
71753038,3UJNXJ,52,900,BANJAR BUKIT MUNDUK TIYING,5103060006,-8.3390716666667,115.217975,1.2999999523163,1,170,Bangunan,170100,Bangunan Berpenghuni,2023-06-19 16:35:16,2023-06-20 12:18:33,DESAK PUTU ASMARIANI,https://wilkerstat.bps.go.id/api/landmark/71753038/photo,I WAYAN OLAS WIDANA ,1,"[1, 2, 3, 4, 5]"
71753504,3UJOEN,53,900,BANJAR BUKIT MUNDUK TIYING,5103060006,-8.3401633333333,115.218625,1.7000000476837,1,170,Bangunan,170100,Bangunan Berpenghuni,2023-06-19 16:53:08,2023-06-20 12:19:15,DESAK PUTU ASMARIANI,https://wilkerstat.bps.go.id/api/landmark/71753504/photo,I MADE LUNGA,1,"[2, 3, 4, 5]"
71754142,3UJOXY,54,900,BANJAR BUKIT MUNDUK TIYING,5103060006,-8.3411633333333,115.21873666667,1.6000000238419,1,170,Bangunan,170100,Bangunan Berpenghuni,2023-06-19 17:21:22,2023-06-20 12:20:13,DESAK PUTU ASMARIANI,https://wilkerstat.bps.go.id/api/landmark/71754142/photo,NI MADE JENTEK ,1,"[2, 3, 4]"
71755644,3UJQDI,55,900,BANJAR BUKIT MUNDUK TIYING,5103060006,-8.342995,115.21879666667,1.7000000476837,1,170,Bangunan,170100,Bangunan Berpenghuni,2023-06-19 17:46:18,2023-06-20 12:22:11,DESAK PUTU ASMARIANI,https://wilkerstat.bps.go.id/api/landmark/71755644/photo,NI WAYAN NARKA,1,"[1, 2, 3, 4]"
72722887,3VDNJV,56,900,BANJAR BUKIT MUNDUK TIYING,5103060006,-8.3439333333333,115.21880666667,1.3999999761581,1,170,Bangunan,170100,Bangunan Berpenghuni,2023-06-21 16:20:06,2023-06-21 18:21:00,DESAK PUTU ASMARIANI,https://wilkerstat.bps.go.id/api/landmark/72722887/photo,I WAYAN SUKANTA ,1,"[3, 4]"
72722937,3VDNLF,57,900,BANJAR BUKIT MUNDUK TIYING,5103060006,-8.34458,115.21946,1.6000000238419,1,170,Bangunan,170100,Bangunan Berpenghuni,2023-06-21 16:44:18,2023-06-21 18:21:08,DESAK PUTU ASMARIANI,https://wilkerstat.bps.go.id/api/landmark/72722937/photo,I MADE SUKADANA,1,"[2, 3, 4, 5]"
72723122,3VDNQZ,58,900,BANJAR BUKIT MUNDUK TIYING,5103060006,-8.3453166666667,115.21874666667,1.7000000476837,1,170,Bangunan,170100,Bangunan Berpenghuni,2023-06-21 17:21:41,2023-06-21 18:21:22,DESAK PUTU ASMARIANI,https://wilkerstat.bps.go.id/api/landmark/72723122/photo,I MADE SUARA,1,"[1, 2, 3, 4, 5]"
72723251,3VDNUW,59,900,BANJAR BUKIT MUNDUK TIYING,5103060006,-8.3499066666667,115.22095666667,1.5,1,170,Bangunan,170100,Bangunan Berpenghuni,2023-06-21 17:47:23,2023-06-21 18:21:34,DESAK PUTU ASMARIANI,https://wilkerstat.bps.go.id/api/landmark/72723251/photo,I KETUT RIDA,1,"[1, 2, 3]"
72723334,3VDNXG,60,900,BANJAR BUKIT MUNDUK TIYING,5103060006,-8.3498933333333,115.22097666667,1.7000000476837,1,170,Bangunan,170100,Bangunan Berpenghuni,2023-06-21 17:57:27,2023-06-21 18:21:44,DESAK PUTU ASMARIANI,https://wilkerstat.bps.go.id/api/landmark/72723334/photo,I NYOMAN SUDANA,1,"[2, 3, 4, 5]"
73422813,3VX5AR,61,900,BANJAR BUKIT MUNDUK TIYING,5103060006,-8.3501366666667,115.220985,1.6000000238419,1,170,Bangunan,170100,Bangunan Berpenghuni,2023-06-22 17:09:10,2023-06-22 18:01:57,DESAK PUTU ASMARIANI,https://wilkerstat.bps.go.id/api/landmark/73422813/photo,I NYOMAN LUWIH ,1,"[1, 2, 3, 4, 5]"
73422982,3VX5FV,62,900,BANJAR BUKIT MUNDUK TIYING,5103060006,-8.3516016666667,115.221715,1.8999999761581,1,170,Bangunan,170100,Bangunan Berpenghuni,2023-06-22 17:36:07,2023-06-22 18:02:07,DESAK PUTU ASMARIANI,https://wilkerstat.bps.go.id/api/landmark/73422982/photo,I GUSTI MADE SUWITRI,1,"[1, 2, 3, 4]"
74379329,3WQQM4,63,900,BANJAR BUKIT MUNDUK TIYING,5103060006,-8.351755,115.22168666667,1.5,1,170,Bangunan,170100,Bangunan Berpenghuni,2023-06-22 17:55:26,2023-06-24 07:37:27,DESAK PUTU ASMARIANI,https://wilkerstat.bps.go.id/api/landmark/74379329/photo,I GUSTI PUTU RAKA,1,"[1, 2, 3, 4, 5]"
74379382,3WQQNP,64,900,BANJAR BUKIT MUNDUK TIYING,5103060006,-8.3518733333333,115.22170166667,1.5,1,170,Bangunan,170100,Bangunan Berpenghuni,2023-06-22 18:14:30,2023-06-24 07:37:33,DESAK PUTU ASMARIANI,https://wilkerstat.bps.go.id/api/landmark/74379382/photo,I GUSTI NYOMAN SUARDIKA,1,"[1, 4]"
74379410,3WQQOK,65,900,BANJAR BUKIT MUNDUK TIYING,5103060006,-8.3519483333333,115.221785,1.7000000476837,1,170,Bangunan,170100,Bangunan Berpenghuni,2023-06-22 18:29:33,2023-06-24 07:37:43,DESAK PUTU ASMARIANI,https://wilkerstat.bps.go.id/api/landmark/74379410/photo,I GUSTI NYOMAN OKA,1,"[1, 2, 3, 4]"
76903223,3YUY9Q,68,900,BANJAR BUKIT MUNDUK TIYING,5103060006,-8.3373433333333,115.216495,2.7999999523163,1,170,Bangunan,170100,Bangunan Berpenghuni,2023-06-27 17:15:14,2023-06-28 15:57:41,DESAK PUTU ASMARIANI,https://wilkerstat.bps.go.id/api/landmark/76903223/photo,NI NYOMAN RUMES,1,"[1, 2, 3, 4]"
62807136,3MYQ7L,4,600,semanik,5103060006,-8.28293184,115.21546521,9.0,1,170,Bangunan,170100,Bangunan Berpenghuni,2023-06-05 14:17:25,2023-06-05 14:32:12,Ni Luh De Nukarimasih,https://wilkerstat.bps.go.id/api/landmark/62807136/photo,IDA BAGUS MADE JAPA ,1,"[2, 4, 6]"
63085964,3N9I8W,2,600,semanik,5103060006,-8.28753683,115.21845881,4.0,1,170,Bangunan,170100,Bangunan Berpenghuni,2023-06-06 08:42:12,2023-06-06 08:19:11,Ni Luh De Nukarimasih,https://wilkerstat.bps.go.id/api/landmark/63085964/photo,I NYOMAN NADI ,1,"[2, 4]"
63094380,3N9PWX,6,600,semanik,5103060006,-8.28147947,115.21419752,13.0,1,170,Bangunan,170100,Bangunan Berpenghuni,2023-06-06 09:44:49,2023-06-06 08:45:00,Ni Luh De Nukarimasih,https://wilkerstat.bps.go.id/api/landmark/63094380/photo,I WAYAN SIJA ,1,"[2, 4]"
63187839,3NCCR2,3,600,semanik,5103060006,-8.2840667,115.21631625,9.0,1,170,Bangunan,170100,Bangunan Berpenghuni,2023-06-06 13:08:01,2023-06-06 12:08:42,Ni Luh De Nukarimasih,https://wilkerstat.bps.go.id/api/landmark/63187839/photo,I WAYAN SANTA ,1,"[2, 4]"
63382408,3NHQG3,12,600,semanik,5103060006,-8.27910841,115.21263329,13.0,1,170,Bangunan,170100,Bangunan Berpenghuni,2023-06-06 18:58:05,2023-06-06 18:39:39,Ni Luh De Nukarimasih,https://wilkerstat.bps.go.id/api/landmark/63382408/photo,I NYOMAN ADI PARWITA,1,"[2, 3, 4]"
63405262,3NIEFM,14,600,semanik,5103060006,-8.27891858,115.21257572,9.0,1,170,Bangunan,170100,Bangunan Berpenghuni,2023-06-06 20:22:35,2023-06-06 19:23:16,Ni Luh De Nukarimasih,https://wilkerstat.bps.go.id/api/landmark/63405262/photo,I KOMANG MURDANA ,1,"[2, 3, 4]"
63853470,3NUTYO,8,600,semanik,5103060006,-8.28040017,115.21363219,19.0,1,170,Bangunan,170100,Bangunan Berpenghuni,2023-06-07 18:09:08,2023-06-07 17:09:21,Ni Luh De Nukarimasih,https://wilkerstat.bps.go.id/api/landmark/63853470/photo,I KETUT SUMANTRA,1,"[2, 3, 4]"
63877145,3NVIQ4,9,600,semanik,5103060006,-8.27987703,115.21362188,11.0,1,170,Bangunan,170100,Bangunan Berpenghuni,2023-06-07 18:49:15,2023-06-07 17:49:32,Ni Luh De Nukarimasih,https://wilkerstat.bps.go.id/api/landmark/63877145/photo,I KADEK MULIADI,1,[2]
63891191,3NVVMQ,15,600,semanik,5103060006,-8.27889228,115.21224695,11.0,1,170,Bangunan,170100,Bangunan Berpenghuni,2023-06-07 19:15:38,2023-06-07 18:16:03,Ni Luh De Nukarimasih,https://wilkerstat.bps.go.id/api/landmark/63891191/photo,I WAYAN DARMA  YASA ,1,"[2, 4]"
63910650,3NWGIF,16,600,semanik,5103060006,-8.27891649,115.21240186,9.0,1,170,Bangunan,170100,Bangunan Berpenghuni,2023-06-07 19:51:17,2023-06-07 18:51:49,Ni Luh De Nukarimasih,https://wilkerstat.bps.go.id/api/landmark/63910650/photo,I NYOMAN TELAGA ,1,"[2, 3, 4, 5]"
63927080,3NWVLB,17,600,semanik,5103060006,-8.2789913,115.21190585,11.0,1,170,Bangunan,170100,Bangunan Berpenghuni,2023-06-07 20:19:06,2023-06-07 19:19:20,Ni Luh De Nukarimasih,https://wilkerstat.bps.go.id/api/landmark/63927080/photo,I NYOMAN JUTA ,1,"[2, 4, 5]"
63940501,3NXAVY,18,600,semanik,5103060006,-8.2790404,115.21188833,11.0,1,170,Bangunan,170100,Bangunan Berpenghuni,2023-06-07 20:41:00,2023-06-07 19:41:24,Ni Luh De Nukarimasih,https://wilkerstat.bps.go.id/api/landmark/63940501/photo,I WAYAN WIJANA ,1,"[2, 3, 4]"
63955916,3NXP34,21,600,semanik,5103060006,-8.27870274,115.21196692,10.0,1,170,Bangunan,170100,Bangunan Berpenghuni,2023-06-07 21:06:03,2023-06-07 20:06:16,Ni Luh De Nukarimasih,https://wilkerstat.bps.go.id/api/landmark/63955916/photo,I MADE JAWI ,1,"[2, 4]"
63965613,3NXXXX,22,600,semanik,5103060006,-8.27885519,115.21185148,9.0,1,170,Bangunan,170100,Bangunan Berpenghuni,2023-06-07 21:21:08,2023-06-07 20:21:33,Ni Luh De Nukarimasih,https://wilkerstat.bps.go.id/api/landmark/63965613/photo,I NYOMAN SUARJA ,1,[2]
64084098,3O3ARF,23,600,semanik,5103060006,-8.27883705,115.21154669,6.0,1,170,Bangunan,170100,Bangunan Berpenghuni,2023-06-08 07:53:22,2023-06-08 06:54:10,Ni Luh De Nukarimasih,https://wilkerstat.bps.go.id/api/landmark/64084098/photo,I WAYAN RUJA ,1,"[2, 4]"
64093013,3O3IXK,25,600,semanik,5103060006,-8.27865664,115.2114994,4.0,1,170,Bangunan,170100,Bangunan Berpenghuni,2023-06-08 08:32:36,2023-06-08 07:32:57,Ni Luh De Nukarimasih,https://wilkerstat.bps.go.id/api/landmark/64093013/photo,I NYOMAN PILIH,1,"[2, 3, 4]"
64100732,3O3Q2H,26,600,semanik,5103060006,-8.2785862,115.21186835,12.0,1,170,Bangunan,170100,Bangunan Berpenghuni,2023-06-08 08:58:19,2023-06-08 07:58:31,Ni Luh De Nukarimasih,https://wilkerstat.bps.go.id/api/landmark/64100732/photo,I NYOMAN WIDANA ,1,"[2, 3, 4]"
64108987,3O3XMM,27,600,semanik,5103060006,-8.27839775,115.21120917,15.0,1,170,Bangunan,170100,Bangunan Berpenghuni,2023-06-08 09:19:19,2023-06-08 08:19:31,Ni Luh De Nukarimasih,https://wilkerstat.bps.go.id/api/landmark/64108987/photo,I MADE DAPET ,1,"[2, 3, 4]"
64400463,3OD3B9,28,600,semanik,5103060006,-8.27840325,115.21117826,3.0,1,170,Bangunan,170100,Bangunan Berpenghuni,2023-06-08 18:13:43,2023-06-08 17:13:54,Ni Luh De Nukarimasih,https://wilkerstat.bps.go.id/api/landmark/64400463/photo,I MADE BAWA ,1,"[2, 3, 4]"
64452973,3OEJIG,19,600,semanik,5103060006,-8.27870395,115.21209342,9.0,1,170,Bangunan,170100,Bangunan Berpenghuni,2023-06-08 19:50:33,2023-06-08 18:51:23,Ni Luh De Nukarimasih,https://wilkerstat.bps.go.id/api/landmark/64452973/photo,I KETUT SUDI ,1,"[2, 3, 4, 6]"
64481977,3OFD5D,32,600,semanik,5103060006,-8.2781393,115.21068262,11.0,1,170,Bangunan,170100,Bangunan Berpenghuni,2023-06-08 20:45:07,2023-06-08 19:45:21,Ni Luh De Nukarimasih,https://wilkerstat.bps.go.id/api/landmark/64481977/photo,I NYOMAN DINA,1,"[2, 3, 4, 6]"
65175493,3OYMXY,38,600,semanik,5103060006,-8.2777105,115.2103838,16.992000579834,1,170,Bangunan,170100,Bangunan Berpenghuni,2023-06-10 08:35:45,2023-06-10 07:35:59,Ni Luh De Nukarimasih,https://wilkerstat.bps.go.id/api/landmark/65175493/photo,I MADE TEGEH ,1,"[2, 3]"
65518956,3PB8DX,40,600,semanik,5103060006,-8.27782986,115.21010623,3.0,1,170,Bangunan,170100,Bangunan Berpenghuni,2023-06-10 19:04:40,2023-06-10 18:04:50,Ni Luh De Nukarimasih,https://wilkerstat.bps.go.id/api/landmark/65518956/photo,I KETUT SUCITA,1,"[2, 3, 4]"
65520032,3PB9DK,39,600,semanik,5103060006,-8.27783959,115.21011139,9.0,1,170,Bangunan,170100,Bangunan Berpenghuni,2023-06-10 19:06:24,2023-06-10 18:06:32,Ni Luh De Nukarimasih,https://wilkerstat.bps.go.id/api/landmark/65520032/photo,I MADE SUKU 1,1,"[2, 3, 4]"
65520842,3PBA44,41,600,semanik,5103060006,-8.27777744,115.21007805,9.0,1,170,Bangunan,170100,Bangunan Berpenghuni,2023-06-10 19:07:36,2023-06-10 18:07:48,Ni Luh De Nukarimasih,https://wilkerstat.bps.go.id/api/landmark/65520842/photo,I MADE MARA,1,"[2, 3, 4]"
65576321,3PCS2B,46,600,semanik,5103060006,-8.27777132,115.20981405,12.0,1,170,Bangunan,170100,Bangunan Berpenghuni,2023-06-10 20:39:54,2023-06-10 19:40:03,Ni Luh De Nukarimasih,https://wilkerstat.bps.go.id/api/landmark/65576321/photo,I MADE MAYOR,1,[2]
66921032,3QH8U4,51,600,semanik,5103060006,-8.27730915,115.2099553,11.0,1,170,Bangunan,170100,Bangunan Berpenghuni,2023-06-13 08:14:06,2023-06-13 07:14:17,Ni Luh De Nukarimasih,https://wilkerstat.bps.go.id/api/landmark/66921032/photo,I MADE SUKAYASA,1,"[2, 3, 4]"
66926928,3QHEAR,52,600,semanik,5103060006,-8.27736238,115.2099435,3.0,1,170,Bangunan,170100,Bangunan Berpenghuni,2023-06-13 08:35:25,2023-06-13 07:35:48,Ni Luh De Nukarimasih,https://wilkerstat.bps.go.id/api/landmark/66926928/photo,I WAYAN MENI ,1,"[2, 4]"
66927826,3QHF3Y,53,600,semanik,5103060006,-8.27732397,115.20990842,9.0,1,170,Bangunan,170100,Bangunan Berpenghuni,2023-06-13 08:38:19,2023-06-13 07:38:31,Ni Luh De Nukarimasih,https://wilkerstat.bps.go.id/api/landmark/66927826/photo,I NYOMAN DARPA ,1,[2]
66932893,3QHJQJ,54,600,semanik,5103060006,-8.27745432,115.20977148,9.0,1,170,Bangunan,170100,Bangunan Berpenghuni,2023-06-13 08:54:46,2023-06-13 07:54:55,Ni Luh De Nukarimasih,https://wilkerstat.bps.go.id/api/landmark/66932893/photo,I NYOMAN KARDI YASA,1,[2]
66938241,3QHONL,55,600,semanik,5103060006,-8.2775372,115.20974114,9.0,1,170,Bangunan,170100,Bangunan Berpenghuni,2023-06-13 09:09:16,2023-06-13 08:09:29,Ni Luh De Nukarimasih,https://wilkerstat.bps.go.id/api/landmark/66938241/photo,I MADE DARMAN ,1,[2]
68305212,3RMPVX,49,600,semanik,5103060006,-8.2774982,115.2100991,18.021999359131,1,170,Bangunan,170100,Bangunan Berpenghuni,2023-06-15 07:55:30,2023-06-15 06:55:41,Ni Luh De Nukarimasih,https://wilkerstat.bps.go.id/api/landmark/68305212/photo,I WAYAN SUKADANA ,1,"[2, 3, 4, 5]"
68311933,3RMW3M,61,600,semanik,5103060006,-8.27710003,115.2098239,9.0,1,170,Bangunan,170100,Bangunan Berpenghuni,2023-06-15 08:22:03,2023-06-15 07:22:12,Ni Luh De Nukarimasih,https://wilkerstat.bps.go.id/api/landmark/68311933/photo,I NYOMAN ARIADI,1,"[2, 3, 4]"
69208356,3SEU9X,63,600,semanik,5103060006,-8.27701271,115.20989996,10.0,1,170,Bangunan,170100,Bangunan Berpenghuni,2023-06-16 07:38:16,2023-06-16 13:07:43,Ni Luh De Nukarimasih,https://wilkerstat.bps.go.id/api/landmark/69208356/photo,I MADE WIBAWA,1,"[2, 3, 4]"
69209292,3SEV4C,50,600,semanik,5103060006,-8.27746195,115.21020393,6.0,1,170,Bangunan,170100,Bangunan Berpenghuni,2023-06-16 14:08:58,2023-06-16 13:09:07,Ni Luh De Nukarimasih,https://wilkerstat.bps.go.id/api/landmark/69209292/photo,I MADE TOGOG,1,"[2, 3]"
69430081,3SKZTV,69,600,semanik,5103060006,-8.27709681,115.20942594,3.0,1,170,Bangunan,170100,Bangunan Berpenghuni,2023-06-16 19:17:25,2023-06-16 18:17:33,Ni Luh De Nukarimasih,https://wilkerstat.bps.go.id/api/landmark/69430081/photo,I PUTU YOYOK PUTRA ,1,"[2, 4]"
69468229,3SM3UV,75,600,semanik,5103060006,-8.27688186,115.21006274,12.0,1,170,Bangunan,170100,Bangunan Berpenghuni,2023-06-16 20:11:52,2023-06-16 19:12:00,Ni Luh De Nukarimasih,https://wilkerstat.bps.go.id/api/landmark/69468229/photo,I WAYAN KARYA ,1,"[2, 3, 4]"
69478630,3SMEG3,77,600,semanik,5103060006,-8.27681871,115.21012986,6.0,1,170,Bangunan,170100,Bangunan Berpenghuni,2023-06-16 20:26:46,2023-06-16 19:26:58,Ni Luh De Nukarimasih,https://wilkerstat.bps.go.id/api/landmark/69478630/photo,I KETUT BAWA,1,"[2, 3, 4]"
69491816,3SMQJN,79,600,semanik,5103060006,-8.27672341,115.21035726,9.0,1,170,Bangunan,170100,Bangunan Berpenghuni,2023-06-16 20:40:29,2023-06-16 19:45:29,Ni Luh De Nukarimasih,https://wilkerstat.bps.go.id/api/landmark/69491816/photo,I MADE DARMA,1,"[2, 3, 4]"
69649065,3SR4WR,81,600,semanik,5103060006,-8.276636,115.21038024,7.0,1,170,Bangunan,170100,Bangunan Berpenghuni,2023-06-17 08:11:52,2023-06-17 07:12:02,Ni Luh De Nukarimasih,https://wilkerstat.bps.go.id/api/landmark/69649065/photo,I MADE KESIR ,1,"[3, 4]"
70826171,3TQUTN,67,600,semanik,5103060006,-8.27696953,115.20946732,4.0,1,170,Bangunan,170100,Bangunan Berpenghuni,2023-06-18 23:13:41,2023-06-18 22:13:52,Ni Luh De Nukarimasih,https://wilkerstat.bps.go.id/api/landmark/70826171/photo,NI KETUT DASIH ,1,"[2, 3, 4]"
63086374,3N9ILD,1,600,BANJAR SEMANIK,5103060006,-8.288545,115.218345,1.7000000476837,1,170,Bangunan,170100,Bangunan Berpenghuni,2023-06-05 18:14:28,2023-06-06 08:20:51,I Made Putrana Jaya,https://wilkerstat.bps.go.id/api/landmark/63086374/photo,I MADE KARMA,1,"[2, 4]"
63086435,3N9IN8,5,600,BANJAR SEMANIK,5103060006,-8.2820616666667,115.21467333333,2.2000000476837,1,170,Bangunan,170100,Bangunan Berpenghuni,2023-06-06 09:16:16,2023-06-06 08:20:55,I Made Putrana Jaya,https://wilkerstat.bps.go.id/api/landmark/63086435/photo,I MADE KANTUN,1,"[2, 4]"
63308626,3NFOOA,7,600,BANJAR SEMANIK,5103060006,-8.2813383333333,115.214445,1.7999999523163,1,170,Bangunan,170100,Bangunan Berpenghuni,2023-06-06 17:18:34,2023-06-06 16:18:46,I Made Putrana Jaya,https://wilkerstat.bps.go.id/api/landmark/63308626/photo,I MADE KENENG,1,"[2, 3, 4]"
63328072,3NG9JJ,10,600,BANJAR SEMANIK,5103060006,-8.2798116666667,115.21353,1.7000000476837,1,170,Bangunan,170100,Bangunan Berpenghuni,2023-06-06 17:54:43,2023-06-06 16:54:59,I Made Putrana Jaya,https://wilkerstat.bps.go.id/api/landmark/63328072/photo,I KOMANG SUKANA,1,"[2, 3, 4, 5]"
63344936,3NGOZK,11,600,BANJAR SEMANIK,5103060006,-8.2792666666667,115.21283833333,1.7999999523163,1,170,Bangunan,170100,Bangunan Berpenghuni,2023-06-06 18:25:05,2023-06-06 17:25:17,I Made Putrana Jaya,https://wilkerstat.bps.go.id/api/landmark/63344936/photo,I MADE SUTANAYASA,1,"[2, 4]"
63393779,3NI2UN,13,600,BANJAR SEMANIK,5103060006,-8.2790416666667,115.21248166667,2.0,1,170,Bangunan,170100,Bangunan Berpenghuni,2023-06-06 19:58:30,2023-06-06 19:02:14,I Made Putrana Jaya,https://wilkerstat.bps.go.id/api/landmark/63393779/photo,I WAYAN KARMA,1,"[2, 4]"
64422097,3ODO5S,30,600,BANJAR SEMANIK,5103060006,-8.2780633333333,115.21090833333,5.0999999046326,1,170,Bangunan,170100,Bangunan Berpenghuni,2023-06-08 18:50:27,2023-06-08 17:50:38,I Made Putrana Jaya,https://wilkerstat.bps.go.id/api/landmark/64422097/photo,I PUTU SUJANA,1,"[2, 4]"
64433735,3ODYTH,29,600,BANJAR SEMANIK,5103060006,-8.2783033333333,115.211035,3.0,1,170,Bangunan,170100,Bangunan Berpenghuni,2023-06-08 19:12:29,2023-06-08 18:12:41,I Made Putrana Jaya,https://wilkerstat.bps.go.id/api/landmark/64433735/photo,I KETUT DARMAWAN,1,"[2, 3, 4]"
64452203,3OEIS4,24,600,BANJAR SEMANIK,5103060006,-8.278745,115.2116,1.7000000476837,1,170,Bangunan,170100,Bangunan Berpenghuni,2023-06-08 19:49:35,2023-06-08 18:49:51,I Made Putrana Jaya,https://wilkerstat.bps.go.id/api/landmark/64452203/photo,I KETUT TUASTIKA,1,"[2, 3]"
64464282,3OETV5,31,600,BANJAR SEMANIK,5103060006,-8.2782433333333,115.21086333333,1.7000000476837,1,170,Bangunan,170100,Bangunan Berpenghuni,2023-06-08 20:13:03,2023-06-08 19:13:16,I Made Putrana Jaya,https://wilkerstat.bps.go.id/api/landmark/64464282/photo,I NYOMAN MAWA,1,"[3, 4]"
64500623,3OFUAE,33,600,BANJAR SEMANIK,5103060006,-8.2779083333333,115.21033333333,2.5,1,170,Bangunan,170100,Bangunan Berpenghuni,2023-06-08 21:17:48,2023-06-08 20:18:17,I Made Putrana Jaya,https://wilkerstat.bps.go.id/api/landmark/64500623/photo,I NYOMAN CABOL,1,"[2, 3, 4]"
64941477,3OS53L,34,600,BANJAR SEMANIK,5103060006,-8.277875,115.21048,2.0,1,170,Bangunan,170100,Bangunan Berpenghuni,2023-06-09 18:31:23,2023-06-09 17:32:50,I Made Putrana Jaya,https://wilkerstat.bps.go.id/api/landmark/64941477/photo,I MADE WIYASA,1,"[2, 3, 4]"
64948074,3OSC5I,36,600,BANJAR SEMANIK,5103060006,-8.277715,115.21039666667,1.7000000476837,1,170,Bangunan,170100,Bangunan Berpenghuni,2023-06-09 18:42:31,2023-06-09 17:42:45,I Made Putrana Jaya,https://wilkerstat.bps.go.id/api/landmark/64948074/photo,I KADEK MUDIA YASA,1,"[2, 4]"
64948156,3OSC8Y,35,600,BANJAR SEMANIK,5103060006,-8.2778883333333,115.21043166667,1.8999999761581,1,170,Bangunan,170100,Bangunan Berpenghuni,2023-06-09 18:38:34,2023-06-09 17:42:50,I Made Putrana Jaya,https://wilkerstat.bps.go.id/api/landmark/64948156/photo,I PUTU SUARNA BUMI,1,"[2, 3, 4]"
65542156,3PBTNY,43,600,BANJAR SEMANIK,5103060006,-8.2777733333333,115.20995333333,1.3999999761581,1,170,Bangunan,170100,Bangunan Berpenghuni,2023-06-10 19:44:14,2023-06-10 18:44:25,I Made Putrana Jaya,https://wilkerstat.bps.go.id/api/landmark/65542156/photo,I MADE WIRYADANA,1,"[2, 3, 4]"
65559347,3PCCGW,44,600,BANJAR SEMANIK,5103060006,-8.2778116666667,115.20980833333,2.0999999046326,1,170,Bangunan,170100,Bangunan Berpenghuni,2023-06-10 20:11:00,2023-06-10 19:13:10,I Made Putrana Jaya,https://wilkerstat.bps.go.id/api/landmark/65559347/photo,I WAYAN SUJANA,1,"[2, 3, 4]"
65600176,3PDGX7,47,600,BANJAR SEMANIK,5103060006,-8.2776266666667,115.209955,3.5,1,170,Bangunan,170100,Bangunan Berpenghuni,2023-06-10 20:57:39,2023-06-10 20:17:41,I Made Putrana Jaya,https://wilkerstat.bps.go.id/api/landmark/65600176/photo,I KETUT JASA,1,"[2, 3, 4]"
65600210,3PDGY8,45,600,BANJAR SEMANIK,5103060006,-8.2777533333333,115.20981333333,1.7999999523163,1,170,Bangunan,170100,Bangunan Berpenghuni,2023-06-10 20:32:26,2023-06-10 20:17:45,I Made Putrana Jaya,https://wilkerstat.bps.go.id/api/landmark/65600210/photo,I NYOMAN TEKA ATMAJA,1,"[2, 3, 4]"
68064766,3RG24P,57,600,BANJAR SEMANIK,5103060006,-8.2772966666667,115.20950833333,1.7000000476837,1,170,Bangunan,170100,Bangunan Berpenghuni,2023-06-14 17:21:07,2023-06-14 18:04:42,I Made Putrana Jaya,https://wilkerstat.bps.go.id/api/landmark/68064766/photo,I MADE GUNAIDI,1,"[2, 3, 4]"
68233086,3RKPOC,58,600,BANJAR SEMANIK,5103060006,-8.2772,115.20953666667,1.7999999523163,1,170,Bangunan,170100,Bangunan Berpenghuni,2023-06-14 17:22:00,2023-06-14 22:02:36,I Made Putrana Jaya,https://wilkerstat.bps.go.id/api/landmark/68233086/photo,I MADE KERTA,1,"[2, 3, 4]"
68233089,3RKPOF,59,600,BANJAR SEMANIK,5103060006,-8.277125,115.20970166667,1.8999999761581,1,170,Bangunan,170100,Bangunan Berpenghuni,2023-06-14 17:39:27,2023-06-14 22:02:36,I Made Putrana Jaya,https://wilkerstat.bps.go.id/api/landmark/68233089/photo,I NYOMAN NIRJA,1,"[2, 3]"
68233094,3RKPOK,62,600,BANJAR SEMANIK,5103060006,-8.2771266666667,115.209815,2.0,1,170,Bangunan,170100,Bangunan Berpenghuni,2023-06-14 17:54:21,2023-06-14 22:02:36,I Made Putrana Jaya,https://wilkerstat.bps.go.id/api/landmark/68233094/photo,I GEDE YOHANA,1,"[2, 3, 4]"
68233097,3RKPON,60,600,BANJAR SEMANIK,5103060006,-8.2771216666667,115.20976,1.8999999761581,1,170,Bangunan,170100,Bangunan Berpenghuni,2023-06-14 18:19:00,2023-06-14 22:02:36,I Made Putrana Jaya,https://wilkerstat.bps.go.id/api/landmark/68233097/photo,I MADE SUKARMA YASA,1,"[2, 3, 4]"
69534216,3SNWHI,68,600,BANJAR SEMANIK,5103060006,-8.2769183333333,115.209535,1.7999999523163,1,170,Bangunan,170100,Bangunan Berpenghuni,2023-06-16 19:10:53,2023-06-16 20:46:50,I Made Putrana Jaya,https://wilkerstat.bps.go.id/api/landmark/69534216/photo,I GEDE KESUMA PUTRA,1,"[2, 3, 4]"
69534222,3SNWHO,70,600,BANJAR SEMANIK,5103060006,-8.2768466666667,115.20929166667,1.8999999761581,1,170,Bangunan,170100,Bangunan Berpenghuni,2023-06-16 19:30:02,2023-06-16 20:46:51,I Made Putrana Jaya,https://wilkerstat.bps.go.id/api/landmark/69534222/photo,I NYOMAN TENGIL,1,"[1, 3, 4]"
69534225,3SNWHR,66,600,BANJAR SEMANIK,5103060006,-8.2769866666667,115.209675,2.0,1,170,Bangunan,170100,Bangunan Berpenghuni,2023-06-16 19:33:26,2023-06-16 20:46:51,I Made Putrana Jaya,https://wilkerstat.bps.go.id/api/landmark/69534225/photo,I MADE SUGIANA,2,"[2, 4]"
69534228,3SNWHU,74,600,BANJAR SEMANIK,5103060006,-8.276985,115.210125,2.0,1,170,Bangunan,170100,Bangunan Berpenghuni,2023-06-16 19:46:47,2023-06-16 20:46:51,I Made Putrana Jaya,https://wilkerstat.bps.go.id/api/landmark/69534228/photo,I KETUT NAMA,1,[3]
69534231,3SNWHX,76,600,BANJAR SEMANIK,5103060006,-8.27692,115.210045,1.8999999761581,1,170,Bangunan,170100,Bangunan Berpenghuni,2023-06-16 20:17:27,2023-06-16 20:46:51,I Made Putrana Jaya,https://wilkerstat.bps.go.id/api/landmark/69534231/photo,I MADE WIJAYA,1,"[2, 3, 4]"
70256845,3TB22D,84,600,BANJAR SEMANIK,5103060006,-8.277,115.21038833333,2.5999999046326,1,170,Bangunan,170100,Bangunan Berpenghuni,2023-06-17 19:13:12,2023-06-18 06:21:36,I Made Putrana Jaya,https://wilkerstat.bps.go.id/api/landmark/70256845/photo,I NYOMAN BUDA,1,"[2, 4]"
70256847,3TB22F,82,600,BANJAR SEMANIK,5103060006,-8.2768666666667,115.21048833333,2.2999999523163,1,170,Bangunan,170100,Bangunan Berpenghuni,2023-06-17 19:14:56,2023-06-18 06:21:36,I Made Putrana Jaya,https://wilkerstat.bps.go.id/api/landmark/70256847/photo,I KETUT ARTYA,1,"[2, 3, 4]"
70256849,3TB22H,86,600,BANJAR SEMANIK,5103060006,-8.27698,115.21041333333,2.4000000953674,1,170,Bangunan,170100,Bangunan Berpenghuni,2023-06-17 19:17:02,2023-06-18 06:21:36,I Made Putrana Jaya,https://wilkerstat.bps.go.id/api/landmark/70256849/photo,I WAYAN GAMA,1,"[2, 3]"
70256850,3TB22I,88,600,BANJAR SEMANIK,5103060006,-8.2771283333333,115.21021833333,1.7000000476837,1,170,Bangunan,170100,Bangunan Berpenghuni,2023-06-17 19:48:50,2023-06-18 06:21:36,I Made Putrana Jaya,https://wilkerstat.bps.go.id/api/landmark/70256850/photo,I MADE SUBUR,1,"[2, 3]"
70256851,3TB22J,90,600,BANJAR SEMANIK,5103060006,-8.2770783333333,115.21008833333,1.6000000238419,1,170,Bangunan,170100,Bangunan Berpenghuni,2023-06-17 20:19:35,2023-06-18 06:21:36,I Made Putrana Jaya,https://wilkerstat.bps.go.id/api/landmark/70256851/photo,I PUTU WIRTA,1,"[2, 4]"
70256855,3TB22N,80,600,BANJAR SEMANIK,5103060006,-8.27656,115.21034,1.7999999523163,1,170,Bangunan,170100,Bangunan Berpenghuni,2023-06-17 20:36:17,2023-06-18 06:21:37,I Made Putrana Jaya,https://wilkerstat.bps.go.id/api/landmark/70256855/photo,I GEDE SUKADANA,1,"[2, 4]"
72543520,3V8NTJ,104,600,BANJAR SEMANIK,5103060006,-8.27768,115.21044333333,2.4000000953674,1,170,Bangunan,170100,Bangunan Berpenghuni,2023-06-20 18:57:58,2023-06-21 14:34:36,I Made Putrana Jaya,https://wilkerstat.bps.go.id/api/landmark/72543520/photo,I KADEK SUARDIKA,1,"[2, 3, 4]"
72543531,3V8NTU,108,600,BANJAR SEMANIK,5103060006,-8.2774966666667,115.21058833333,2.2000000476837,1,170,Bangunan,170100,Bangunan Berpenghuni,2023-06-20 19:57:33,2023-06-21 14:34:36,I Made Putrana Jaya,https://wilkerstat.bps.go.id/api/landmark/72543531/photo,I WAYAN SUARJANA,1,"[2, 3, 4]"
72543532,3V8NTV,110,600,BANJAR SEMANIK,5103060006,-8.2775566666667,115.21072833333,2.0999999046326,1,170,Bangunan,170100,Bangunan Berpenghuni,2023-06-20 20:30:01,2023-06-21 14:34:37,I Made Putrana Jaya,https://wilkerstat.bps.go.id/api/landmark/72543532/photo,I KETUT SUPARTA,1,"[2, 3, 4]"
72543537,3V8NU2,112,600,BANJAR SEMANIK,5103060006,-8.277435,115.21074,1.8999999761581,1,170,Bangunan,170100,Bangunan Berpenghuni,2023-06-20 20:53:49,2023-06-21 14:34:37,I Made Putrana Jaya,https://wilkerstat.bps.go.id/api/landmark/72543537/photo,I MADE RINAN,1,"[2, 3]"
72543540,3V8NU5,114,600,BANJAR SEMANIK,5103060006,-8.27773,115.21076,2.0999999046326,1,170,Bangunan,170100,Bangunan Berpenghuni,2023-06-20 21:30:30,2023-06-21 14:34:37,I Made Putrana Jaya,https://wilkerstat.bps.go.id/api/landmark/72543540/photo,I WAYAN TRIMA,1,"[2, 3, 4]"
73046569,3VMNRG,93,600,BANJAR SEMANIK,5103060006,-8.2774283333333,115.21025,2.4000000953674,1,170,Bangunan,170100,Bangunan Berpenghuni,2023-06-21 19:52:12,2023-06-22 09:33:52,I Made Putrana Jaya,https://wilkerstat.bps.go.id/api/landmark/73046569/photo,I WAYAN SABAR,1,"[2, 4]"
73046573,3VMNRK,106,600,BANJAR SEMANIK,5103060006,-8.27761,115.21051833333,2.0,1,170,Bangunan,170100,Bangunan Berpenghuni,2023-06-21 20:07:04,2023-06-22 09:33:53,I Made Putrana Jaya,https://wilkerstat.bps.go.id/api/landmark/73046573/photo,I WAYAN SUARTA,1,"[2, 4]"
73046577,3VMNRO,117,600,BANJAR SEMANIK,5103060006,-8.27809,115.21094833333,2.2000000476837,1,170,Bangunan,170100,Bangunan Berpenghuni,2023-06-21 20:26:13,2023-06-22 09:33:53,I Made Putrana Jaya,https://wilkerstat.bps.go.id/api/landmark/73046577/photo,I NYOMAN LINGGIH,1,"[2, 3, 4]"
73046582,3VMNRT,119,600,BANJAR SEMANIK,5103060006,-8.27834,115.21114,1.8999999761581,1,170,Bangunan,170100,Bangunan Berpenghuni,2023-06-21 20:39:58,2023-06-22 09:33:53,I Made Putrana Jaya,https://wilkerstat.bps.go.id/api/landmark/73046582/photo,I KETUT NYENENG,1,"[2, 3, 4]"
73046587,3VMNRY,121,600,BANJAR SEMANIK,5103060006,-8.2779083333333,115.211145,2.2000000476837,1,170,Bangunan,170100,Bangunan Berpenghuni,2023-06-21 21:14:15,2023-06-22 09:33:54,I Made Putrana Jaya,https://wilkerstat.bps.go.id/api/landmark/73046587/photo,I NYOMAN KARTIKA,1,"[2, 3, 4]"
73046591,3VMNS4,123,600,BANJAR SEMANIK,5103060006,-8.2777516666667,115.21111333333,2.0,1,170,Bangunan,170100,Bangunan Berpenghuni,2023-06-21 21:34:04,2023-06-22 09:33:54,I Made Putrana Jaya,https://wilkerstat.bps.go.id/api/landmark/73046591/photo,I KETUT PARWITA,1,"[2, 3, 4]"
76919228,3YVFWQ,73,600,BANJAR SEMANIK,5103060006,-8.277055,115.20995333333,1.7999999523163,1,170,Bangunan,170100,Bangunan Berpenghuni,2023-06-27 18:45:13,2023-06-28 16:34:03,I Made Putrana Jaya,https://wilkerstat.bps.go.id/api/landmark/76919228/photo,I WAYAN NARA,1,"[2, 3, 4]"
76919229,3YVFWR,89,600,BANJAR SEMANIK,5103060006,-8.2771966666667,115.21011666667,1.7999999523163,1,170,Bangunan,170100,Bangunan Berpenghuni,2023-06-27 19:02:15,2023-06-28 16:34:04,I Made Putrana Jaya,https://wilkerstat.bps.go.id/api/landmark/76919229/photo,I MADE MERTA YASA,1,"[2, 4]"
76919230,3YVFWS,91,600,BANJAR SEMANIK,5103060006,-8.2773533333333,115.21017,1.7999999523163,1,170,Bangunan,170100,Bangunan Berpenghuni,2023-06-27 19:04:18,2023-06-28 16:34:04,I Made Putrana Jaya,https://wilkerstat.bps.go.id/api/landmark/76919230/photo,I MADE SARA,1,"[2, 4]"
76919232,3YVFWU,92,600,BANJAR SEMANIK,5103060006,-8.2773416666667,115.21024833333,2.0999999046326,1,170,Bangunan,170100,Bangunan Berpenghuni,2023-06-27 19:05:16,2023-06-28 16:34:04,I Made Putrana Jaya,https://wilkerstat.bps.go.id/api/landmark/76919232/photo,I WAYAN YUDISTANA,1,[2]
76919234,3YVFWW,95,600,BANJAR SEMANIK,5103060006,-8.277255,115.21031166667,1.7999999523163,1,170,Bangunan,170100,Bangunan Berpenghuni,2023-06-27 19:31:47,2023-06-28 16:34:05,I Made Putrana Jaya,https://wilkerstat.bps.go.id/api/landmark/76919234/photo,I MADE SENA,1,"[2, 4]"
76919239,3YVFX3,122,600,BANJAR SEMANIK,5103060006,-8.27783,115.21125666667,1.7999999523163,1,170,Bangunan,170100,Bangunan Berpenghuni,2023-06-27 19:49:25,2023-06-28 16:34:05,I Made Putrana Jaya,https://wilkerstat.bps.go.id/api/landmark/76919239/photo,I KETUT SUKAYASA,1,"[2, 4]"
76919241,3YVFX5,125,600,BANJAR SEMANIK,5103060006,-8.2778033333333,115.21077166667,1.5,1,170,Bangunan,170100,Bangunan Berpenghuni,2023-06-27 20:17:11,2023-06-28 16:34:05,I Made Putrana Jaya,https://wilkerstat.bps.go.id/api/landmark/76919241/photo,I WAYAN MURDIANA,1,"[2, 3, 4]"
76919244,3YVFX9,126,600,BANJAR SEMANIK,5103060006,-8.27738,115.210965,2.4000000953674,1,170,Bangunan,170100,Bangunan Berpenghuni,2023-06-27 20:26:46,2023-06-28 16:34:06,I Made Putrana Jaya,https://wilkerstat.bps.go.id/api/landmark/76919244/photo,I MADE ARTA,1,"[2, 3, 4]"
76919247,3YVFXC,127,600,BANJAR SEMANIK,5103060006,-8.27736,115.21103833333,1.7000000476837,1,170,Bangunan,170100,Bangunan Berpenghuni,2023-06-27 20:45:14,2023-06-28 16:34:06,I Made Putrana Jaya,https://wilkerstat.bps.go.id/api/landmark/76919247/photo,I WAYAN KANDRA,1,"[2, 4]"
76919250,3YVFXF,130,600,BANJAR SEMANIK,5103060006,-8.2771583333333,115.21121833333,1.7000000476837,1,170,Bangunan,170100,Bangunan Berpenghuni,2023-06-27 20:58:38,2023-06-28 16:34:07,I Made Putrana Jaya,https://wilkerstat.bps.go.id/api/landmark/76919250/photo,I WAYAN KERTIYASA,1,"[2, 4]"
76919253,3YVFXI,131,600,BANJAR SEMANIK,5103060006,-8.277215,115.21137833333,1.7999999523163,1,170,Bangunan,170100,Bangunan Berpenghuni,2023-06-27 21:37:08,2023-06-28 16:34:07,I Made Putrana Jaya,https://wilkerstat.bps.go.id/api/landmark/76919253/photo,I MADE ASTA,1,"[2, 3, 4]"
79049715,42OPBX,134,600,BANJAR SEMANIK,5103060006,-8.2770833333333,115.21087333333,1.8999999761581,1,170,Bangunan,170100,Bangunan Berpenghuni,2023-07-05 18:32:38,2023-07-06 13:15:35,I Made Putrana Jaya,https://wilkerstat.bps.go.id/api/landmark/79049715/photo,I NYOMAN MADIA,1,"[2, 3, 4]"
79049717,42OPBZ,136,600,BANJAR SEMANIK,5103060006,-8.2770816666667,115.210845,5.5,1,170,Bangunan,170100,Bangunan Berpenghuni,2023-07-05 19:13:01,2023-07-06 13:15:35,I Made Putrana Jaya,https://wilkerstat.bps.go.id/api/landmark/79049717/photo,I WAYAN GENAH,1,"[2, 3, 4]"
79049719,42OPC3,137,600,BANJAR SEMANIK,5103060006,-8.276955,115.21103833333,4.0,1,170,Bangunan,170100,Bangunan Berpenghuni,2023-07-05 19:26:14,2023-07-06 13:15:36,I Made Putrana Jaya,https://wilkerstat.bps.go.id/api/landmark/79049719/photo,I NYOMAN NGABA,1,"[2, 3, 4]"
79049721,42OPC5,139,600,BANJAR SEMANIK,5103060006,-8.2770366666667,115.21112333333,1.8999999761581,1,170,Bangunan,170100,Bangunan Berpenghuni,2023-07-05 19:54:12,2023-07-06 13:15:36,I Made Putrana Jaya,https://wilkerstat.bps.go.id/api/landmark/79049721/photo,I WAYAN SUMATRA,1,"[2, 4]"
81713502,44WTER,116,600,BANJAR SEMANIK,5103060006,-8.2780083333333,115.21084666667,2.5,1,170,Bangunan,170100,Bangunan Berpenghuni,2023-07-12 15:41:10,2023-07-13 11:34:37,I Made Putrana Jaya,https://wilkerstat.bps.go.id/api/landmark/81713502/photo,I PUTU SUKARYA,1,"[2, 3, 4]"
81713505,44WTEU,155,600,BANJAR SEMANIK,5103060006,-8.2847266666667,115.22112333333,2.0999999046326,1,170,Bangunan,170100,Bangunan Berpenghuni,2023-07-12 16:10:45,2023-07-13 11:34:37,I Made Putrana Jaya,https://wilkerstat.bps.go.id/api/landmark/81713505/photo,I KETUT TARIB,1,"[2, 3, 4]"
81713508,44WTEX,157,600,BANJAR SEMANIK,5103060006,-8.282605,115.21951333333,1.7999999523163,1,170,Bangunan,170100,Bangunan Berpenghuni,2023-07-12 17:13:45,2023-07-13 11:34:37,I Made Putrana Jaya,https://wilkerstat.bps.go.id/api/landmark/81713508/photo,I WAYAN GEDE BUDIANA,1,"[2, 3, 4]"
81713513,44WTF4,154,600,BANJAR SEMANIK,5103060006,-8.2885683333333,115.21835666667,2.4000000953674,1,170,Bangunan,170100,Bangunan Berpenghuni,2023-07-12 18:05:48,2023-07-13 11:34:38,I Made Putrana Jaya,https://wilkerstat.bps.go.id/api/landmark/81713513/photo,I KETUT KRADA,1,[2]
81713517,44WTF9,166,600,BANJAR SEMANIK,5103060006,-8.269925,115.20523,1.8999999761581,1,170,Bangunan,170100,Bangunan Berpenghuni,2023-07-12 18:28:58,2023-07-13 11:34:38,I Made Putrana Jaya,https://wilkerstat.bps.go.id/api/landmark/81713517/photo,I MADE GOTAN,1,"[2, 3, 4]"
81713521,44WTFD,128,600,BANJAR SEMANIK,5103060006,-8.27721,115.21111333333,3.0,1,170,Bangunan,170100,Bangunan Berpenghuni,2023-07-12 18:58:50,2023-07-13 11:34:38,I Made Putrana Jaya,https://wilkerstat.bps.go.id/api/landmark/81713521/photo,I MADE SUDARMA,1,"[2, 3, 4]"
81713526,44WTFI,146,600,BANJAR SEMANIK,5103060006,-8.2767066666667,115.210765,2.5,1,170,Bangunan,170100,Bangunan Berpenghuni,2023-07-12 19:15:07,2023-07-13 11:34:39,I Made Putrana Jaya,https://wilkerstat.bps.go.id/api/landmark/81713526/photo,I WAYAN BALIK,1,"[2, 3, 4]"
81713533,44WTFP,148,600,BANJAR SEMANIK,5103060006,-8.276745,115.210665,2.2999999523163,1,170,Bangunan,170100,Bangunan Berpenghuni,2023-07-12 19:15:54,2023-07-13 11:34:39,I Made Putrana Jaya,https://wilkerstat.bps.go.id/api/landmark/81713533/photo,I WAYAN SABAR,1,"[3, 4]"
81713537,44WTFT,150,600,BANJAR SEMANIK,5103060006,-8.2767783333333,115.210565,2.2999999523163,1,170,Bangunan,170100,Bangunan Berpenghuni,2023-07-12 19:16:39,2023-07-13 11:34:40,I Made Putrana Jaya,https://wilkerstat.bps.go.id/api/landmark/81713537/photo,I WAYAN JUJUR,1,"[2, 4]"
81713544,44WTG2,124,600,BANJAR SEMANIK,5103060006,-8.2778,115.21105166667,2.0,1,170,Bangunan,170100,Bangunan Berpenghuni,2023-07-12 19:29:21,2023-07-13 11:34:40,I Made Putrana Jaya,https://wilkerstat.bps.go.id/api/landmark/81713544/photo,I WAYAN SUARDANA,1,"[2, 3, 4]"
81713547,44WTG5,142,600,BANJAR SEMANIK,5103060006,-8.2766533333333,115.21102833333,2.0,1,170,Bangunan,170100,Bangunan Berpenghuni,2023-07-12 19:35:54,2023-07-13 11:34:40,I Made Putrana Jaya,https://wilkerstat.bps.go.id/api/landmark/81713547/photo,I WAYAN MERTA,1,"[2, 3, 4]"
81713550,44WTG9,143,600,BANJAR SEMANIK,5103060006,-8.2765133333333,115.21095333333,1.6000000238419,1,170,Bangunan,170100,Bangunan Berpenghuni,2023-07-12 19:40:42,2023-07-13 11:34:41,I Made Putrana Jaya,https://wilkerstat.bps.go.id/api/landmark/81713550/photo,I NYOMAN MADIA,1,"[2, 3, 4]"
81713554,44WTGD,151,600,BANJAR SEMANIK,5103060006,-8.279415,115.21282833333,1.8999999761581,1,170,Bangunan,170100,Bangunan Berpenghuni,2023-07-12 19:47:34,2023-07-13 11:34:41,I Made Putrana Jaya,https://wilkerstat.bps.go.id/api/landmark/81713554/photo,I KETUT SUARKADANA,1,"[2, 3, 4]"
63205749,3NCT8R,1,300,BANJAR NUNGNUNG,5103060006,-8.33704152,115.22406789,3.7900924682617,1,170,Bangunan,170100,Bangunan Berpenghuni,2023-06-06 13:34:58,2023-06-06 12:48:21,I MADE GALIH SUWIMANTARA,https://wilkerstat.bps.go.id/api/landmark/63205749/photo,I MADE KUAT,1,[4]
63222654,3NDBQ2,3,300,BANJAR NUNGNUNG,5103060006,-8.33694105,115.2241556,3.7900924682617,1,170,Bangunan,170100,Bangunan Berpenghuni,2023-06-06 14:39:42,2023-06-06 13:29:18,I MADE GALIH SUWIMANTARA,https://wilkerstat.bps.go.id/api/landmark/63222654/photo,I MADE SUKADANA,1,"[1, 4]"
63374261,3NHIX8,5,300,BANJAR NUNGNUNG,5103060006,-8.33647332,115.22389794,3.7900924682617,1,170,Bangunan,170100,Bangunan Berpenghuni,2023-06-06 15:11:58,2023-06-06 18:22:50,I MADE GALIH SUWIMANTARA,https://wilkerstat.bps.go.id/api/landmark/63374261/photo,I NYOMAN NEMER,1,[1]
63374305,3NHIYJ,7,300,BANJAR NUNGNUNG,5103060006,-8.33525493,115.22376674,3.7900924682617,1,170,Bangunan,170100,Bangunan Berpenghuni,2023-06-06 16:08:08,2023-06-06 18:22:58,I MADE GALIH SUWIMANTARA,https://wilkerstat.bps.go.id/api/landmark/63374305/photo,I WAYAN SUAMBA,1,[4]
63720260,3NR5NZ,8,300,BANJAR NUNGNUNG,5103060006,-8.33218645,115.2232889,3.7900924682617,1,170,Bangunan,170100,Bangunan Berpenghuni,2023-06-06 17:15:41,2023-06-07 13:13:40,I MADE GALIH SUWIMANTARA,https://wilkerstat.bps.go.id/api/landmark/63720260/photo,I MADE GERATA,1,[4]
63720294,3NR5P2,9,300,BANJAR NUNGNUNG,5103060006,-8.33219312,115.22329564,3.7900924682617,1,170,Bangunan,170100,Bangunan Berpenghuni,2023-06-06 17:16:27,2023-06-07 13:13:44,I MADE GALIH SUWIMANTARA,https://wilkerstat.bps.go.id/api/landmark/63720294/photo,I NYOMAN DUDUK,1,[4]
63720592,3NR5Y3,11,300,BANJAR NUNGNUNG,5103060006,-8.33179508,115.22332203,3.7900924682617,1,170,Bangunan,170100,Bangunan Berpenghuni,2023-06-07 12:37:04,2023-06-07 13:14:11,I MADE GALIH SUWIMANTARA,https://wilkerstat.bps.go.id/api/landmark/63720592/photo,I MADE SUARTA,1,[4]
63720742,3NR74M,115,300,BANJAR NUNGNUNG,5103060006,-8.33152349,115.2231336,3.7900924682617,1,170,Bangunan,170100,Bangunan Berpenghuni,2023-06-07 13:20:08,2023-06-07 13:14:28,I MADE GALIH SUWIMANTARA,https://wilkerstat.bps.go.id/api/landmark/63720742/photo,I NYOMAN ARTA,2,[4]
63721032,3NR7EF,13,300,BANJAR NUNGNUNG,5103060006,-8.3307721,115.22322374,3.7900924682617,1,170,Bangunan,170100,Bangunan Berpenghuni,2023-06-07 13:59:57,2023-06-07 13:14:53,I MADE GALIH SUWIMANTARA,https://wilkerstat.bps.go.id/api/landmark/63721032/photo,I WAYAN ARNAWAN,1,[3]
64190606,3O79KW,64,300,BANJAR NUNGNUNG,5103060006,-8.33042913,115.22262738,3.7900924682617,1,170,Bangunan,170100,Bangunan Berpenghuni,2023-06-07 15:57:44,2023-06-08 10:52:52,I MADE GALIH SUWIMANTARA,https://wilkerstat.bps.go.id/api/landmark/64190606/photo,NYOMAN MUCI,1,[4]
64884166,3OQJGV,18,300,BANJAR NUNGNUNG,5103060006,-8.33142167,115.2233578,3.7900924682617,1,170,Bangunan,170100,Bangunan Berpenghuni,2023-06-09 11:51:51,2023-06-09 16:03:05,I MADE GALIH SUWIMANTARA,https://wilkerstat.bps.go.id/api/landmark/64884166/photo,I NYOMAN GUNAARTA,1,"[1, 4]"
64884548,3OQJSH,21,300,BANJAR NUNGNUNG,5103060006,-8.33193994,115.22326401,3.7900924682617,1,170,Bangunan,170100,Bangunan Berpenghuni,2023-06-09 12:33:48,2023-06-09 16:03:52,I MADE GALIH SUWIMANTARA,https://wilkerstat.bps.go.id/api/landmark/64884548/photo,I WAYAN SADIA,1,"[1, 4]"
66066819,3PQGGU,23,300,BANJAR NUNGNUNG,5103060006,-8.33189597,115.22365774,3.7900924682617,1,170,Bangunan,170100,Bangunan Berpenghuni,2023-06-09 12:53:31,2023-06-11 17:52:23,I MADE GALIH SUWIMANTARA,https://wilkerstat.bps.go.id/api/landmark/66066819/photo,I WAYAN KAYUN,1,[4]
66066880,3PQGIP,27,300,BANJAR NUNGNUNG,5103060006,-8.33056109,115.22347602,3.7900924682617,1,170,Bangunan,170100,Bangunan Berpenghuni,2023-06-09 13:31:38,2023-06-11 17:52:31,I MADE GALIH SUWIMANTARA,https://wilkerstat.bps.go.id/api/landmark/66066880/photo,SANG NYOMAN SUTENA,1,[1]
66066927,3PQGK5,29,300,BANJAR NUNGNUNG,5103060006,-8.33020869,115.22307886,3.7900924682617,1,170,Bangunan,170100,Bangunan Berpenghuni,2023-06-09 14:01:47,2023-06-11 17:52:35,I MADE GALIH SUWIMANTARA,https://wilkerstat.bps.go.id/api/landmark/66066927/photo,I KETUT TAMBUN,2,"[1, 4]"
66066964,3PQGLA,31,300,BANJAR NUNGNUNG,5103060006,-8.33025763,115.22335747,3.7900924682617,1,170,Bangunan,170100,Bangunan Berpenghuni,2023-06-09 14:30:40,2023-06-11 17:52:40,I MADE GALIH SUWIMANTARA,https://wilkerstat.bps.go.id/api/landmark/66066964/photo,I KETUT BUDA,1,[1]
66067002,3PQGMF,165,300,BANJAR NUNGNUNG,5103060006,-8.33039529,115.22336102,3.7900924682617,1,170,Bangunan,170100,Bangunan Berpenghuni,2023-06-09 15:14:35,2023-06-11 17:52:44,I MADE GALIH SUWIMANTARA,https://wilkerstat.bps.go.id/api/landmark/66067002/photo,I KETUT JAMAN,1,[1]
66532792,3Q5FDA,33,300,BANJAR NUNGNUNG,5103060006,-8.33435726,115.22405099,3.7900924682617,1,170,Bangunan,170100,Bangunan Berpenghuni,2023-06-12 11:45:06,2023-06-12 14:26:52,I MADE GALIH SUWIMANTARA,https://wilkerstat.bps.go.id/api/landmark/66532792/photo,SANG PUTU GEDE SUWARJAYA,1,"[1, 4]"
66532829,3Q5FEE,36,300,BANJAR NUNGNUNG,5103060006,-8.32821525,115.22238493,3.8927092552185,1,170,Bangunan,170100,Bangunan Berpenghuni,2023-06-12 12:32:41,2023-06-12 14:26:55,I MADE GALIH SUWIMANTARA,https://wilkerstat.bps.go.id/api/landmark/66532829/photo,I MADE NANDRU,1,[4]
66532873,3Q5FFP,35,300,BANJAR NUNGNUNG,5103060006,-8.32825327,115.22206621,3.7900924682617,1,170,Bangunan,170100,Bangunan Berpenghuni,2023-06-12 12:42:15,2023-06-12 14:27:01,I MADE GALIH SUWIMANTARA,https://wilkerstat.bps.go.id/api/landmark/66532873/photo,NI NYOMAN RATI,1,[4]
66532895,3Q5FGE,39,300,BANJAR NUNGNUNG,5103060006,-8.32824509,115.2220436,3.7900924682617,1,170,Bangunan,170100,Bangunan Berpenghuni,2023-06-12 12:53:30,2023-06-12 14:27:05,I MADE GALIH SUWIMANTARA,https://wilkerstat.bps.go.id/api/landmark/66532895/photo,SANG NYOMAN SUDIANA,1,[4]
66532975,3Q5FIS,41,300,BANJAR NUNGNUNG,5103060006,-8.33618334,115.22436486,3.7900924682617,1,170,Bangunan,170100,Bangunan Berpenghuni,2023-06-12 13:34:11,2023-06-12 14:27:10,I MADE GALIH SUWIMANTARA,https://wilkerstat.bps.go.id/api/landmark/66532975/photo,I MADE MURJAYA,1,"[1, 4]"
67147502,3QNIST,42,300,BANJAR NUNGNUNG,5103060006,-8.33259489,115.22344753,3.7900924682617,1,170,Bangunan,170100,Bangunan Berpenghuni,2023-06-13 11:36:29,2023-06-13 13:48:39,I MADE GALIH SUWIMANTARA,https://wilkerstat.bps.go.id/api/landmark/67147502/photo, KETUT WITA,1,[4]
67147557,3QNIUI,66,300,BANJAR NUNGNUNG,5103060006,-8.33171741,115.22353334,3.7900924682617,1,170,Bangunan,170100,Bangunan Berpenghuni,2023-06-13 11:52:54,2023-06-13 13:48:42,I MADE GALIH SUWIMANTARA,https://wilkerstat.bps.go.id/api/landmark/67147557/photo,I NYOMAN SUWIRKA,1,[1]
67147621,3QNIWG,67,300,BANJAR NUNGNUNG,5103060006,-8.33145102,115.2236276,3.7900924682617,1,170,Bangunan,170100,Bangunan Berpenghuni,2023-06-13 12:17:23,2023-06-13 13:48:46,I MADE GALIH SUWIMANTARA,https://wilkerstat.bps.go.id/api/landmark/67147621/photo,GUSTI PUTU SANDI,1,[1]
67147680,3QNIY9,46,300,BANJAR NUNGNUNG,5103060006,-8.32822394,115.22226157,3.7900924682617,1,170,Bangunan,170100,Bangunan Berpenghuni,2023-06-13 13:00:50,2023-06-13 13:48:52,I MADE GALIH SUWIMANTARA,https://wilkerstat.bps.go.id/api/landmark/67147680/photo,I NYOMAN SUDIARTA,1,"[1, 4]"
67785568,3R8AQ7,53,300,BANJAR NUNGNUNG,5103060006,-8.3296158850106,115.22339869291,3.7900924682617,1,170,Bangunan,170100,Bangunan Berpenghuni,2023-06-13 13:10:52,2023-06-14 11:35:53,I MADE GALIH SUWIMANTARA,https://wilkerstat.bps.go.id/api/landmark/67785568/photo,I KETUT ARTA ,1,"[1, 4]"
67785607,3R8ARD,48,300,BANJAR NUNGNUNG,5103060006,-8.33664247,115.22415034,3.7900924682617,1,170,Bangunan,170100,Bangunan Berpenghuni,2023-06-13 13:46:23,2023-06-14 11:35:57,I MADE GALIH SUWIMANTARA,https://wilkerstat.bps.go.id/api/landmark/67785607/photo,I GUSTI NYOMAN SIDIANA,1,"[1, 4]"
68603038,3RUZEY,49,300,BANJAR NUNGNUNG,5103060006,-8.33086762,115.22365988,3.7900924682617,1,170,Bangunan,170100,Bangunan Berpenghuni,2023-06-15 11:40:05,2023-06-15 14:53:37,I MADE GALIH SUWIMANTARA,https://wilkerstat.bps.go.id/api/landmark/68603038/photo,I WAYAN WIRATA,1,[4]
68603073,3RUZG2,52,300,BANJAR NUNGNUNG,5103060006,-8.33165193,115.22615451,3.7900924682617,1,170,Bangunan,170100,Bangunan Berpenghuni,2023-06-15 12:14:01,2023-06-15 14:53:40,I MADE GALIH SUWIMANTARA,https://wilkerstat.bps.go.id/api/landmark/68603073/photo,I KETUT NADI,1,"[1, 3, 4]"
68603133,3RUZHU,54,300,BANJAR NUNGNUNG,5103060006,-8.33192697,115.2267143,3.7900924682617,1,170,Bangunan,170100,Bangunan Berpenghuni,2023-06-15 12:38:49,2023-06-15 14:53:46,I MADE GALIH SUWIMANTARA,https://wilkerstat.bps.go.id/api/landmark/68603133/photo,NI KETUT SUPIYATI,1,"[1, 4]"
68603158,3RUZIM,50,300,BANJAR NUNGNUNG,5103060006,-8.33107217,115.22524814,3.7900924682617,1,170,Bangunan,170100,Bangunan Berpenghuni,2023-06-15 12:50:46,2023-06-15 14:53:50,I MADE GALIH SUWIMANTARA,https://wilkerstat.bps.go.id/api/landmark/68603158/photo,I WAYAN PUGEG,1,[1]
68603262,3RUZLR,58,300,BANJAR NUNGNUNG,5103060006,-8.3257112938276,115.2222443372,3.7900924682617,1,170,Bangunan,170100,Bangunan Berpenghuni,2023-06-15 13:22:38,2023-06-15 14:53:56,I MADE GALIH SUWIMANTARA,https://wilkerstat.bps.go.id/api/landmark/68603262/photo,I NYOMAN TIBENG,1,[4]
68603303,3RUZMZ,57,300,BANJAR NUNGNUNG,5103060006,-8.32568994,115.22223781,3.7900924682617,1,170,Bangunan,170100,Bangunan Berpenghuni,2023-06-15 13:23:05,2023-06-15 14:54:01,I MADE GALIH SUWIMANTARA,https://wilkerstat.bps.go.id/api/landmark/68603303/photo,NI KETUT NARTI,1,"[1, 4]"
68603411,3RUZQB,61,300,BANJAR NUNGNUNG,5103060006,-8.32574986,115.22155462,3.7900924682617,1,170,Bangunan,170100,Bangunan Berpenghuni,2023-06-15 14:14:30,2023-06-15 14:54:12,I MADE GALIH SUWIMANTARA,https://wilkerstat.bps.go.id/api/landmark/68603411/photo,I MADE SUMADANA,1,"[1, 4]"
68908747,3S5J4V,63,300,BANJAR NUNGNUNG,5103060006,-8.32542565,115.22148732,3.7900924682617,1,170,Bangunan,170100,Bangunan Berpenghuni,2023-06-15 14:25:07,2023-06-15 21:27:04,I MADE GALIH SUWIMANTARA,https://wilkerstat.bps.go.id/api/landmark/68908747/photo,I KETUT SUARJANA,1,"[1, 4]"
69288435,3SH3RL,69,300,BANJAR NUNGNUNG,5103060006,-8.32490721,115.22146908,3.7900924682617,1,170,Bangunan,170100,Bangunan Berpenghuni,2023-06-16 12:36:23,2023-06-16 15:10:23,I MADE GALIH SUWIMANTARA,https://wilkerstat.bps.go.id/api/landmark/69288435/photo,I MADE BUDIARTA,1,"[1, 4]"
69288474,3SH3SR,71,300,BANJAR NUNGNUNG,5103060006,-8.32502533,115.221274,3.7900924682617,1,170,Bangunan,170100,Bangunan Berpenghuni,2023-06-16 12:44:09,2023-06-16 15:10:27,I MADE GALIH SUWIMANTARA,https://wilkerstat.bps.go.id/api/landmark/69288474/photo,I MADE SUNADI,1,[1]
69288510,3SH3TU,73,300,BANJAR NUNGNUNG,5103060006,-8.32294712,115.22105157,3.7900924682617,1,170,Bangunan,170100,Bangunan Berpenghuni,2023-06-16 13:19:19,2023-06-16 15:10:31,I MADE GALIH SUWIMANTARA,https://wilkerstat.bps.go.id/api/landmark/69288510/photo,I KETUT WIRAWAN,1,"[1, 2, 4]"
69288584,3SH3W4,75,300,BANJAR NUNGNUNG,5103060006,-8.32237892,115.22098466,3.7900924682617,1,170,Bangunan,170100,Bangunan Berpenghuni,2023-06-16 13:32:20,2023-06-16 15:10:36,I MADE GALIH SUWIMANTARA,https://wilkerstat.bps.go.id/api/landmark/69288584/photo,I WAYAN SURPA,1,[4]
69288660,3SH3YF,77,300,BANJAR NUNGNUNG,5103060006,-8.32229369,115.22080587,3.7900924682617,1,170,Bangunan,170100,Bangunan Berpenghuni,2023-06-16 14:01:57,2023-06-16 15:10:40,I MADE GALIH SUWIMANTARA,https://wilkerstat.bps.go.id/api/landmark/69288660/photo,I NYOMAN PARIASA,1,"[1, 4]"
69288844,3SH45Y,82,300,BANJAR NUNGNUNG,5103060006,-8.32388117,115.21903196,3.7900924682617,1,170,Bangunan,170100,Bangunan Berpenghuni,2023-06-16 14:49:51,2023-06-16 15:10:54,I MADE GALIH SUWIMANTARA,https://wilkerstat.bps.go.id/api/landmark/69288844/photo,I NYOMAN ARNAWA,1,[4]
71161063,3U28DV,84,300,BANJAR NUNGNUNG,5103060006,-8.32587079,115.22429701,3.7900924682617,1,170,Bangunan,170100,Bangunan Berpenghuni,2023-06-19 11:47:25,2023-06-19 14:30:52,I MADE GALIH SUWIMANTARA,https://wilkerstat.bps.go.id/api/landmark/71161063/photo,I KETUT ARNAWA,1,"[1, 4]"
71161109,3U28FB,87,300,BANJAR NUNGNUNG,5103060006,-8.32183357,115.22056852,3.7900924682617,1,170,Bangunan,170100,Bangunan Berpenghuni,2023-06-19 12:18:20,2023-06-19 14:30:56,I MADE GALIH SUWIMANTARA,https://wilkerstat.bps.go.id/api/landmark/71161109/photo,I GUSTI MADE DHARMA,2,[1]
71161157,3U28GQ,90,300,BANJAR NUNGNUNG,5103060006,-8.3213802,115.22064042,3.7900924682617,1,170,Bangunan,170100,Bangunan Berpenghuni,2023-06-19 13:00:45,2023-06-19 14:30:59,I MADE GALIH SUWIMANTARA,https://wilkerstat.bps.go.id/api/landmark/71161157/photo,I MADE SENTANA,2,"[1, 4]"
71161220,3U28IN,93,300,BANJAR NUNGNUNG,5103060006,-8.32150071,115.22118212,3.7900924682617,1,170,Bangunan,170100,Bangunan Berpenghuni,2023-06-19 13:18:18,2023-06-19 14:31:05,I MADE GALIH SUWIMANTARA,https://wilkerstat.bps.go.id/api/landmark/71161220/photo,I MADE DEKER,1,"[1, 4]"
71161269,3U28K5,94,300,BANJAR NUNGNUNG,5103060006,-8.3214252,115.22156458,3.7900924682617,1,170,Bangunan,170100,Bangunan Berpenghuni,2023-06-19 13:25:06,2023-06-19 14:31:08,I MADE GALIH SUWIMANTARA,https://wilkerstat.bps.go.id/api/landmark/71161269/photo,I GUSTI KETUT SERANG,1,[4]
71769183,3UK4RR,199,300,BANJAR NUNGNUNG,5103060006,-8.32130298,115.22089567,3.7900924682617,1,170,Bangunan,170100,Bangunan Berpenghuni,2023-06-20 11:42:06,2023-06-20 12:43:08,I MADE GALIH SUWIMANTARA,https://wilkerstat.bps.go.id/api/landmark/71769183/photo,I NYOMAN KARTA,2,"[1, 4]"
71771286,3UK7PI,102,300,BANJAR NUNGNUNG,5103060006,-8.3211271,115.22119629,3.7900924682617,1,170,Bangunan,170100,Bangunan Berpenghuni,2023-06-20 12:24:36,2023-06-20 12:45:38,I MADE GALIH SUWIMANTARA,https://wilkerstat.bps.go.id/api/landmark/71771286/photo,I KETUT MEDAN ANTARA,1,"[1, 4]"
71771321,3UK7QK,109,300,BANJAR NUNGNUNG,5103060006,-8.32130236,115.22142477,3.7900924682617,1,170,Bangunan,170100,Bangunan Berpenghuni,2023-06-20 12:05:46,2023-06-20 12:45:42,I MADE GALIH SUWIMANTARA,https://wilkerstat.bps.go.id/api/landmark/71771321/photo,I KETUT WIANTARA,1,"[1, 4]"
71771344,3UK7RA,105,300,BANJAR NUNGNUNG,5103060006,-8.32103545,115.22148118,3.7900924682617,1,170,Bangunan,170100,Bangunan Berpenghuni,2023-06-20 12:55:23,2023-06-20 12:45:46,I MADE GALIH SUWIMANTARA,https://wilkerstat.bps.go.id/api/landmark/71771344/photo,I WAYAN SUTAMA,1,[4]
71771368,3UK7RY,106,300,BANJAR NUNGNUNG,5103060006,-8.32118879,115.22171301,3.7900924682617,1,170,Bangunan,170100,Bangunan Berpenghuni,2023-06-20 13:13:48,2023-06-20 12:45:50,I MADE GALIH SUWIMANTARA,https://wilkerstat.bps.go.id/api/landmark/71771368/photo,I NYOMAN ARNAWAN,1,[4]
71771414,3UK7TE,107,300,BANJAR NUNGNUNG,5103060006,-8.32086311,115.22069675,3.7900924682617,1,170,Bangunan,170100,Bangunan Berpenghuni,2023-06-20 13:40:57,2023-06-20 12:45:54,I MADE GALIH SUWIMANTARA,https://wilkerstat.bps.go.id/api/landmark/71771414/photo,I MADE SUNDA,1,"[1, 2, 4]"
71803725,3UL3II,111,300,BANJAR NUNGNUNG,5103060006,-8.32095681,115.22095012,3.7900924682617,1,170,Bangunan,170100,Bangunan Berpenghuni,2023-06-20 14:46:21,2023-06-20 13:35:41,I MADE GALIH SUWIMANTARA,https://wilkerstat.bps.go.id/api/landmark/71803725/photo,I WAYAN WARGA,1,[1]
73293166,3VTJ93,116,300,BANJAR NUNGNUNG,5103060006,-8.3210749,115.220656,20.0,1,170,Bangunan,170100,Bangunan Berpenghuni,2023-06-22 11:59:21,2023-06-22 15:24:21,I MADE GALIH SUWIMANTARA,https://wilkerstat.bps.go.id/api/landmark/73293166/photo,I KETUT WIANA,1,"[1, 4]"
73293199,3VTJA3,121,300,BANJAR NUNGNUNG,5103060006,-8.32106715,115.22037719,3.7900924682617,1,170,Bangunan,170100,Bangunan Berpenghuni,2023-06-22 12:39:32,2023-06-22 15:24:24,I MADE GALIH SUWIMANTARA,https://wilkerstat.bps.go.id/api/landmark/73293199/photo,I NYOMAN REKEN,1,"[1, 4]"
73293266,3VTJC4,123,300,BANJAR NUNGNUNG,5103060006,-8.32071321,115.22029872,3.7900924682617,1,170,Bangunan,170100,Bangunan Berpenghuni,2023-06-22 12:52:10,2023-06-22 15:24:29,I MADE GALIH SUWIMANTARA,https://wilkerstat.bps.go.id/api/landmark/73293266/photo,I NYOMAN LINGGA,1,[1]
73293317,3VTJDN,124,300,BANJAR NUNGNUNG,5103060006,-8.32074491,115.22032008,3.7900924682617,1,170,Bangunan,170100,Bangunan Berpenghuni,2023-06-22 12:52:32,2023-06-22 15:24:34,I MADE GALIH SUWIMANTARA,https://wilkerstat.bps.go.id/api/landmark/73293317/photo,I WAYAN YUDANA,1,[4]
73293349,3VTJEM,128,300,BANJAR NUNGNUNG,5103060006,-8.32082283,115.22055601,3.7900924682617,1,170,Bangunan,170100,Bangunan Berpenghuni,2023-06-22 13:00:07,2023-06-22 15:24:37,I MADE GALIH SUWIMANTARA,https://wilkerstat.bps.go.id/api/landmark/73293349/photo,I NYOMAN KARIATA,1,"[1, 4]"
73293470,3VTJIB,129,300,BANJAR NUNGNUNG,5103060006,-8.32068485,115.22073882,3.7900924682617,1,170,Bangunan,170100,Bangunan Berpenghuni,2023-06-22 13:11:31,2023-06-22 15:24:52,I MADE GALIH SUWIMANTARA,https://wilkerstat.bps.go.id/api/landmark/73293470/photo,I MADE PILIH,1,[4]
73986768,3WFT5C,130,300,BANJAR NUNGNUNG,5103060006,-8.32085506,115.22099065,3.7900924682617,1,170,Bangunan,170100,Bangunan Berpenghuni,2023-06-22 13:18:50,2023-06-23 15:33:25,I MADE GALIH SUWIMANTARA,https://wilkerstat.bps.go.id/api/landmark/73986768/photo,I KETUT BAGIARTA,1,[4]
73986845,3WFT8N,135,300,BANJAR NUNGNUNG,5103060006,-8.32052073,115.22137383,3.7900924682617,1,170,Bangunan,170100,Bangunan Berpenghuni,2023-06-22 13:49:12,2023-06-23 15:33:28,I MADE GALIH SUWIMANTARA,https://wilkerstat.bps.go.id/api/landmark/73986845/photo,I WAYAN ARDANA,1,[4]
73986896,3WFTA8,138,300,BANJAR NUNGNUNG,5103060006,-8.3204853174388,115.22109534591,3.7900924682617,1,170,Bangunan,170100,Bangunan Berpenghuni,2023-06-22 14:04:25,2023-06-23 15:33:33,I MADE GALIH SUWIMANTARA,https://wilkerstat.bps.go.id/api/landmark/73986896/photo,IWAYAN SANDIARTA,1,[1]
73987165,3WFTID,139,300,BANJAR NUNGNUNG,5103060006,-8.3204710523155,115.22119425237,3.7900924682617,1,170,Bangunan,170100,Bangunan Berpenghuni,2023-06-22 14:05:09,2023-06-23 15:33:55,I MADE GALIH SUWIMANTARA,https://wilkerstat.bps.go.id/api/landmark/73987165/photo,I MADE WITA,1,[1]
73987254,3WFTL2,144,300,BANJAR NUNGNUNG,5103060006,-8.3206150305133,115.22064439952,3.7900924682617,1,170,Bangunan,170100,Bangunan Berpenghuni,2023-06-22 15:09:20,2023-06-23 15:34:00,I MADE GALIH SUWIMANTARA,https://wilkerstat.bps.go.id/api/landmark/73987254/photo,I KETUT SUARNAYA,1,"[1, 4]"
74645603,3WY74Z,145,300,BANJAR NUNGNUNG,5103060006,-8.3206673,115.22158221,3.7900924682617,1,170,Bangunan,170100,Bangunan Berpenghuni,2023-06-24 11:11:36,2023-06-24 15:13:04,I MADE GALIH SUWIMANTARA,https://wilkerstat.bps.go.id/api/landmark/74645603/photo,I MADE WARDANA,1,"[1, 4]"
74645646,3WY77C,150,300,BANJAR NUNGNUNG,5103060006,-8.32042945,115.22033812,3.7900924682617,1,170,Bangunan,170100,Bangunan Berpenghuni,2023-06-24 11:50:33,2023-06-24 15:13:11,I MADE GALIH SUWIMANTARA,https://wilkerstat.bps.go.id/api/landmark/74645646/photo,I NYOMAN SUDIKA,1,"[1, 4]"
74645684,3WY78H,151,300,BANJAR NUNGNUNG,5103060006,-8.3205244,115.22088683,3.7900924682617,1,170,Bangunan,170100,Bangunan Berpenghuni,2023-06-24 11:59:29,2023-06-24 15:13:15,I MADE GALIH SUWIMANTARA,https://wilkerstat.bps.go.id/api/landmark/74645684/photo,I PUTU YADNYA,1,[4]
74645713,3WY79D,152,300,BANJAR NUNGNUNG,5103060006,-8.32011445,115.22063188,3.7900924682617,1,170,Bangunan,170100,Bangunan Berpenghuni,2023-06-24 12:13:59,2023-06-24 15:13:20,I MADE GALIH SUWIMANTARA,https://wilkerstat.bps.go.id/api/landmark/74645713/photo,I WAYAN NARSIN,1,"[3, 4]"
74645797,3WY7BV,155,300,BANJAR NUNGNUNG,5103060006,-8.31751699,115.21947054,3.7900924682617,1,170,Bangunan,170100,Bangunan Berpenghuni,2023-06-24 12:30:21,2023-06-24 15:13:29,I MADE GALIH SUWIMANTARA,https://wilkerstat.bps.go.id/api/landmark/74645797/photo,I KETUT KADER,1,"[3, 4]"
75130481,3XENEB,158,300,BANJAR NUNGNUNG,5103060006,-8.31743808,115.21969163,3.7900924682617,1,170,Bangunan,170100,Bangunan Berpenghuni,2023-06-24 12:53:21,2023-06-25 11:19:40,I MADE GALIH SUWIMANTARA,https://wilkerstat.bps.go.id/api/landmark/75130481/photo,I NYOMAN BUDA ARTA,1,[4]
76485325,3YJDI7,160,300,BANJAR NUNGNUNG,5103060006,-8.31799224,115.21979482,3.7900924682617,1,170,Bangunan,170100,Bangunan Berpenghuni,2023-06-27 11:44:36,2023-06-27 16:06:38,I MADE GALIH SUWIMANTARA,https://wilkerstat.bps.go.id/api/landmark/76485325/photo,I GUSTI PUTU SURATA,1,"[1, 4]"
76485367,3YJDJG,89,300,BANJAR NUNGNUNG,5103060006,-8.32205226,115.22060638,3.7900924682617,1,170,Bangunan,170100,Bangunan Berpenghuni,2023-06-27 12:46:33,2023-06-27 16:06:42,I MADE GALIH SUWIMANTARA,https://wilkerstat.bps.go.id/api/landmark/76485367/photo,I GUSTI PUTU SUYASA,1,"[1, 4]"
76485390,3YJDK5,169,300,BANJAR NUNGNUNG,5103060006,-8.32164616,115.22058677,3.7900924682617,1,170,Bangunan,170100,Bangunan Berpenghuni,2023-06-27 13:04:20,2023-06-27 16:06:46,I MADE GALIH SUWIMANTARA,https://wilkerstat.bps.go.id/api/landmark/76485390/photo,I WAYAN GUBREG,1,"[1, 4]"
77204505,3Z5DVI,242,300,BANJAR NUNGNUNG,5103060006,-8.32074218,115.22103839,3.7900924682617,1,170,Bangunan,170100,Bangunan Berpenghuni,2023-06-29 11:51:12,2023-06-29 17:31:51,I MADE GALIH SUWIMANTARA,https://wilkerstat.bps.go.id/api/landmark/77204505/photo,I MADE PURNADIYASA,1,[4]
77204533,3Z5DWD,244,300,BANJAR NUNGNUNG,5103060006,-8.32519938,115.22128565,3.7900924682617,1,170,Bangunan,170100,Bangunan Berpenghuni,2023-06-29 12:21:48,2023-06-29 17:31:55,I MADE GALIH SUWIMANTARA,https://wilkerstat.bps.go.id/api/landmark/77204533/photo,I KETUT ARNAYA,1,"[1, 4]"
77204545,3Z5DWP,246,300,BANJAR NUNGNUNG,5103060006,-8.32592496,115.2221903,3.7900924682617,1,170,Bangunan,170100,Bangunan Berpenghuni,2023-06-29 12:40:44,2023-06-29 17:31:59,I MADE GALIH SUWIMANTARA,https://wilkerstat.bps.go.id/api/landmark/77204545/photo,I MADE KARDIARTA,1,[4]
77204567,3Z5DXE,240,300,BANJAR NUNGNUNG,5103060006,-8.3316801,115.22342247,3.7900924682617,1,170,Bangunan,170100,Bangunan Berpenghuni,2023-06-29 13:06:43,2023-06-29 17:32:03,I MADE GALIH SUWIMANTARA,https://wilkerstat.bps.go.id/api/landmark/77204567/photo,I GUSTI MADE GUNA ARTA,1,[4]
77226741,3Z5YCC,250,300,BANJAR NUNGNUNG,5103060006,-8.33349765,115.22439503,5.4083595275879,1,170,Bangunan,170100,Bangunan Berpenghuni,2023-06-29 13:37:45,2023-06-29 18:50:50,I MADE GALIH SUWIMANTARA,https://wilkerstat.bps.go.id/api/landmark/77226741/photo,I WAYAN SARMA,1,"[1, 4]"
79487237,432V38,251,300,BANJAR NUNGNUNG,5103060006,-8.3296726124289,115.22357303649,3.7900924682617,1,170,Bangunan,170100,Bangunan Berpenghuni,2023-07-04 11:53:32,2023-07-07 18:42:39,I MADE GALIH SUWIMANTARA,https://wilkerstat.bps.go.id/api/landmark/79487237/photo,I WAYAN BEJIANA,1,"[1, 4]"
79487256,432V3R,252,300,BANJAR NUNGNUNG,5103060006,-8.3364128327382,115.22385366261,3.7900924682617,1,170,Bangunan,170100,Bangunan Berpenghuni,2023-07-04 13:04:58,2023-07-07 18:42:43,I MADE GALIH SUWIMANTARA,https://wilkerstat.bps.go.id/api/landmark/79487256/photo,I MADE KARTU,1,"[1, 4]"
79487276,432V4E,253,300,BANJAR NUNGNUNG,5103060006,-8.3198815373456,115.2207781747,3.7900924682617,1,170,Bangunan,170100,Bangunan Berpenghuni,2023-07-06 12:43:01,2023-07-07 18:42:47,I MADE GALIH SUWIMANTARA,https://wilkerstat.bps.go.id/api/landmark/79487276/photo,I NYOMAN NASTRA,1,[4]
79487302,432V57,254,300,BANJAR NUNGNUNG,5103060006,-8.3305109166519,115.22352341563,3.7900924682617,1,170,Bangunan,170100,Bangunan Berpenghuni,2023-07-06 12:46:16,2023-07-07 18:42:52,I MADE GALIH SUWIMANTARA,https://wilkerstat.bps.go.id/api/landmark/79487302/photo,SANG MADE SUKARTA,1,"[1, 4]"
63213452,3ND2B8,2,300,BANJAR NUNGNUNG,5103060006,-8.33686534,115.22398631,3.7900924682617,1,170,Bangunan,170100,Bangunan Berpenghuni,2023-06-06 14:06:58,2023-06-06 13:07:38,WAYAN ANGGA MARTANA YASA,https://wilkerstat.bps.go.id/api/landmark/63213452/photo,I GUSTI MADE KARTANA,2,[1]
63230371,3NDISV,4,300,BANJAR NUNGNUNG,5103060006,-8.33637358,115.22398448,3.7900924682617,1,170,Bangunan,170100,Bangunan Berpenghuni,2023-06-06 14:46:05,2023-06-06 13:46:35,WAYAN ANGGA MARTANA YASA,https://wilkerstat.bps.go.id/api/landmark/63230371/photo,I KETUT PINTU,1,[4]
63256473,3NE9RU,6,300,BANJAR NUNGNUNG,5103060006,-8.33532487,115.2236374,3.7900924682617,1,170,Bangunan,170100,Bangunan Berpenghuni,2023-06-06 15:40:00,2023-06-06 14:40:33,WAYAN ANGGA MARTANA YASA,https://wilkerstat.bps.go.id/api/landmark/63256473/photo,I NYOMAN KARSA,2,[1]
63305908,3NFM7V,65,300,BANJAR NUNGNUNG,5103060006,-8.33223231,115.2233096,3.7900924682617,1,170,Bangunan,170100,Bangunan Berpenghuni,2023-06-06 17:12:47,2023-06-06 16:13:59,WAYAN ANGGA MARTANA YASA,https://wilkerstat.bps.go.id/api/landmark/63305908/photo,I PUTU AGUS SUMERTA,2,[1]
63954858,3NXO42,10,300,BANJAR NUNGNUNG,5103060006,-8.332195,115.22330304,9.9350461959839,1,170,Bangunan,170100,Bangunan Berpenghuni,2023-06-06 17:17:05,2023-06-07 20:04:36,WAYAN ANGGA MARTANA YASA,https://wilkerstat.bps.go.id/api/landmark/63954858/photo,NI MADE SRINU,1,[4]
63955166,3NXOEE,12,300,BANJAR NUNGNUNG,5103060006,-8.33173541,115.22317363,3.7900924682617,1,170,Bangunan,170100,Bangunan Berpenghuni,2023-06-07 12:46:03,2023-06-07 20:05:01,WAYAN ANGGA MARTANA YASA,https://wilkerstat.bps.go.id/api/landmark/63955166/photo,I NYOMAN SUDANA,2,"[1, 4]"
63955199,3NXOFE,16,300,BANJAR NUNGNUNG,5103060006,-8.33149989,115.22313985,3.7900924682617,1,170,Bangunan,170100,Bangunan Berpenghuni,2023-06-07 13:29:08,2023-06-07 20:05:06,WAYAN ANGGA MARTANA YASA,https://wilkerstat.bps.go.id/api/landmark/63955199/photo,I MADE PADAYASA,1,"[1, 3, 4]"
64246926,3O8SBL,14,300,BANJAR NUNGNUNG,5103060006,-8.33072161,115.22310021,3.7900924682617,1,170,Bangunan,170100,Bangunan Berpenghuni,2023-06-07 15:32:03,2023-06-08 12:33:36,WAYAN ANGGA MARTANA YASA,https://wilkerstat.bps.go.id/api/landmark/64246926/photo,I WAYAN SUMERTA ,2,"[2, 4]"
64602365,3OIOOH,17,300,BANJAR NUNGNUNG,5103060006,-8.33058166,115.22293139,3.7900924682617,1,170,Bangunan,170100,Bangunan Berpenghuni,2023-06-07 16:08:24,2023-06-09 05:58:00,WAYAN ANGGA MARTANA YASA,https://wilkerstat.bps.go.id/api/landmark/64602365/photo,I WAYAN MANDRA,1,"[1, 4]"
64602376,3OIOOS,95,300,BANJAR NUNGNUNG,5103060006,-8.33057811,115.22311756,3.7900924682617,1,170,Bangunan,170100,Bangunan Berpenghuni,2023-06-07 16:16:34,2023-06-09 05:58:05,WAYAN ANGGA MARTANA YASA,https://wilkerstat.bps.go.id/api/landmark/64602376/photo,I WAYAN LADRA,1,[4]
64884736,3OQJY7,19,300,BANJAR NUNGNUNG,5103060006,-8.33129382,115.22325031,3.7900924682617,1,170,Bangunan,170100,Bangunan Berpenghuni,2023-06-09 11:51:55,2023-06-09 16:04:06,WAYAN ANGGA MARTANA YASA,https://wilkerstat.bps.go.id/api/landmark/64884736/photo,I GUSTI PUTU GENDRA,1,[4]
64884817,3OQK2M,20,300,BANJAR NUNGNUNG,5103060006,-8.33196819,115.2231573,3.7900924682617,1,170,Bangunan,170100,Bangunan Berpenghuni,2023-06-09 12:20:35,2023-06-09 16:04:13,WAYAN ANGGA MARTANA YASA,https://wilkerstat.bps.go.id/api/landmark/64884817/photo,I NYOMAN ADNYANA,2,[4]
64961987,3OSOW4,25,300,BANJAR NUNGNUNG,5103060006,-8.33052694,115.22323293,3.7900924682617,1,170,Bangunan,170100,Bangunan Berpenghuni,2023-06-09 13:01:52,2023-06-09 18:05:49,WAYAN ANGGA MARTANA YASA,https://wilkerstat.bps.go.id/api/landmark/64961987/photo,I NYOMAN SUARNA ,2,[4]
66435543,3Q2P2C,26,300,BANJAR NUNGNUNG,5103060006,-8.33062942,115.2234643,3.7900924682617,1,170,Bangunan,170100,Bangunan Berpenghuni,2023-06-09 13:21:14,2023-06-12 11:43:08,WAYAN ANGGA MARTANA YASA,https://wilkerstat.bps.go.id/api/landmark/66435543/photo,I GUSTI NYOMAN MERTAYASA,1,[4]
66435576,3Q2P3C,28,300,BANJAR NUNGNUNG,5103060006,-8.33016707,115.22309233,3.7900924682617,1,170,Bangunan,170100,Bangunan Berpenghuni,2023-06-09 13:36:10,2023-06-12 11:43:13,WAYAN ANGGA MARTANA YASA,https://wilkerstat.bps.go.id/api/landmark/66435576/photo,NI WAYAN MADRI,1,"[1, 4]"
66435610,3Q2P4D,30,300,BANJAR NUNGNUNG,5103060006,-8.33031487,115.2230732,3.7900924682617,1,170,Bangunan,170100,Bangunan Berpenghuni,2023-06-09 14:02:46,2023-06-12 11:43:17,WAYAN ANGGA MARTANA YASA,https://wilkerstat.bps.go.id/api/landmark/66435610/photo,I WAYAN TUMBUH,1,"[1, 4]"
66435653,3Q2P5N,32,300,BANJAR NUNGNUNG,5103060006,-8.33007245,115.22334211,3.7900924682617,1,170,Bangunan,170100,Bangunan Berpenghuni,2023-06-09 14:33:55,2023-06-12 11:43:22,WAYAN ANGGA MARTANA YASA,https://wilkerstat.bps.go.id/api/landmark/66435653/photo,I WAYAN SUDAMA,2,"[1, 4]"
66930654,3QHHOO,34,300,BANJAR NUNGNUNG,5103060006,-8.328108458672,115.22272478789,3.7900924682617,1,170,Bangunan,170100,Bangunan Berpenghuni,2023-06-12 12:10:05,2023-06-13 07:48:19,WAYAN ANGGA MARTANA YASA,https://wilkerstat.bps.go.id/api/landmark/66930654/photo,I WAYAN AMEDI SUARA,1,[4]
66930687,3QHHPO,37,300,BANJAR NUNGNUNG,5103060006,-8.328079265499,115.22238280624,3.7900924682617,1,170,Bangunan,170100,Bangunan Berpenghuni,2023-06-12 12:29:06,2023-06-13 07:48:27,WAYAN ANGGA MARTANA YASA,https://wilkerstat.bps.go.id/api/landmark/66930687/photo,I WAYAN WINARKA,1,"[1, 4]"
68324875,3RNAXS,38,300,BANJAR NUNGNUNG,5103060006,-8.3281233869983,115.22193487734,3.7900924682617,1,170,Bangunan,170100,Bangunan Berpenghuni,2023-06-12 12:37:26,2023-06-15 07:59:21,WAYAN ANGGA MARTANA YASA,https://wilkerstat.bps.go.id/api/landmark/68324875/photo,I GUSTI NGURAH DARMIKA,1,[4]
68324898,3RNAYI,40,300,BANJAR NUNGNUNG,5103060006,-8.33609047,115.22440877,3.7900924682617,1,170,Bangunan,170100,Bangunan Berpenghuni,2023-06-12 13:26:37,2023-06-15 07:59:26,WAYAN ANGGA MARTANA YASA,https://wilkerstat.bps.go.id/api/landmark/68324898/photo,I NYOMAN EKA SUDARSANA,2,[4]
68325008,3RNB3T,43,300,BANJAR NUNGNUNG,5103060006,-8.33175114,115.22369458,3.7900924682617,1,170,Bangunan,170100,Bangunan Berpenghuni,2023-06-13 11:40:20,2023-06-15 07:59:42,WAYAN ANGGA MARTANA YASA,https://wilkerstat.bps.go.id/api/landmark/68325008/photo,I GEDE BUDIARTA,1,"[1, 4]"
68325031,3RNB4J,22,300,BANJAR NUNGNUNG,5103060006,-8.33194863,115.2234828,3.7900924682617,1,170,Bangunan,170100,Bangunan Berpenghuni,2023-06-13 11:50:45,2023-06-15 07:59:46,WAYAN ANGGA MARTANA YASA,https://wilkerstat.bps.go.id/api/landmark/68325031/photo,I KETUT SUMADANA,1,[4]
69093420,3SBNP2,45,300,BANJAR NUNGNUNG,5103060006,-8.32936762,115.22309678,3.7900924682617,1,170,Bangunan,170100,Bangunan Berpenghuni,2023-06-13 12:30:22,2023-06-16 10:08:47,WAYAN ANGGA MARTANA YASA,https://wilkerstat.bps.go.id/api/landmark/69093420/photo,I NYOMAN SAPA,1,"[1, 4]"
69093455,3SBNQ4,126,300,BANJAR NUNGNUNG,5103060006,-8.3293952,115.22312701,3.7900924682617,1,170,Bangunan,170100,Bangunan Berpenghuni,2023-06-13 12:32:59,2023-06-16 10:08:52,WAYAN ANGGA MARTANA YASA,https://wilkerstat.bps.go.id/api/landmark/69093455/photo,I MADE SUDIRKA,1,"[1, 4]"
69093537,3SBNSL,47,300,BANJAR NUNGNUNG,5103060006,-8.33670964,115.22409951,3.7900924682617,1,170,Bangunan,170100,Bangunan Berpenghuni,2023-06-13 13:27:38,2023-06-16 10:08:57,WAYAN ANGGA MARTANA YASA,https://wilkerstat.bps.go.id/api/landmark/69093537/photo,I GUSTI MADE ARTA ,2,"[1, 4]"
69094742,3SBOW4,56,300,BANJAR NUNGNUNG,5103060006,-8.33183104,115.22662785,3.7900924682617,1,170,Bangunan,170100,Bangunan Berpenghuni,2023-06-15 12:17:36,2023-06-16 10:10:20,WAYAN ANGGA MARTANA YASA,https://wilkerstat.bps.go.id/api/landmark/69094742/photo,I KETUT WENDRA,1,"[1, 4]"
69094796,3SBOXQ,55,300,BANJAR NUNGNUNG,5103060006,-8.32557107,115.22210506,3.7900924682617,1,170,Bangunan,170100,Bangunan Berpenghuni,2023-06-15 12:59:07,2023-06-16 10:10:25,WAYAN ANGGA MARTANA YASA,https://wilkerstat.bps.go.id/api/landmark/69094796/photo,I MADE MARDIKA ,2,"[1, 4]"
69094834,3SBOYV,70,300,BANJAR NUNGNUNG,5103060006,-8.3259302438966,115.22222992033,3.7900924682617,1,170,Bangunan,170100,Bangunan Berpenghuni,2023-06-15 13:18:26,2023-06-16 10:10:29,WAYAN ANGGA MARTANA YASA,https://wilkerstat.bps.go.id/api/landmark/69094834/photo,I MADE KARDIARTA,2,"[1, 4]"
69094894,3SBP2P,59,300,BANJAR NUNGNUNG,5103060006,-8.32569768,115.22176268,3.7900924682617,1,170,Bangunan,170100,Bangunan Berpenghuni,2023-06-15 13:39:57,2023-06-16 10:10:35,WAYAN ANGGA MARTANA YASA,https://wilkerstat.bps.go.id/api/landmark/69094894/photo,I WAYAN YUDIANTARA,1,[1]
69094987,3SBP5J,60,300,BANJAR NUNGNUNG,5103060006,-8.3256449452976,115.22184032947,3.7900924682617,1,170,Bangunan,170100,Bangunan Berpenghuni,2023-06-15 13:40:46,2023-06-16 10:10:40,WAYAN ANGGA MARTANA YASA,https://wilkerstat.bps.go.id/api/landmark/69094987/photo,I NYOMAN DATENG,1,[4]
69095067,3SBP8X,15,300,BANJAR NUNGNUNG,5103060006,-8.3257384967216,115.22133775055,3.7900924682617,1,170,Bangunan,170100,Bangunan Berpenghuni,2023-06-15 14:10:18,2023-06-16 10:10:44,WAYAN ANGGA MARTANA YASA,https://wilkerstat.bps.go.id/api/landmark/69095067/photo,I KETUT SIMPIN,1,[4]
69095179,3SBPCD,51,300,BANJAR NUNGNUNG,5103060006,-8.33162537,115.22620608,3.7900924682617,1,170,Bangunan,170100,Bangunan Berpenghuni,2023-06-15 12:02:01,2023-06-16 10:10:52,WAYAN ANGGA MARTANA YASA,https://wilkerstat.bps.go.id/api/landmark/69095179/photo,I MADE TERIMA,1,"[1, 4]"
70408353,3TFA7I,68,300,BANJAR NUNGNUNG,5103060006,-8.3281044777849,115.22209379822,9.9350461959839,1,170,Bangunan,170100,Bangunan Berpenghuni,2023-06-16 12:06:04,2023-06-18 11:57:59,WAYAN ANGGA MARTANA YASA,https://wilkerstat.bps.go.id/api/landmark/70408353/photo,I KETUT CAWI,2,[4]
70408393,3TFA8P,72,300,BANJAR NUNGNUNG,5103060006,-8.3247051171634,115.22140245885,3.7900924682617,1,170,Bangunan,170100,Bangunan Berpenghuni,2023-06-16 12:48:11,2023-06-18 11:58:03,WAYAN ANGGA MARTANA YASA,https://wilkerstat.bps.go.id/api/landmark/70408393/photo,I WAYAN MASI,1,"[1, 4]"
70408428,3TFA9R,74,300,BANJAR NUNGNUNG,5103060006,-8.32255542,115.22103136,3.7900924682617,1,170,Bangunan,170100,Bangunan Berpenghuni,2023-06-16 13:11:34,2023-06-18 11:58:06,WAYAN ANGGA MARTANA YASA,https://wilkerstat.bps.go.id/api/landmark/70408428/photo,I MADE WIJAYA,1,[4]
70408469,3TFAAZ,76,300,BANJAR NUNGNUNG,5103060006,-8.3223978345038,115.22082880139,3.7900924682617,1,170,Bangunan,170100,Bangunan Berpenghuni,2023-06-16 13:39:49,2023-06-18 11:58:10,WAYAN ANGGA MARTANA YASA,https://wilkerstat.bps.go.id/api/landmark/70408469/photo,I WAYAN GAMA,1,"[1, 4]"
70408521,3TFACL,79,300,BANJAR NUNGNUNG,5103060006,-8.3235707,115.22040765,3.7900924682617,1,170,Bangunan,170100,Bangunan Berpenghuni,2023-06-16 14:13:54,2023-06-18 11:58:15,WAYAN ANGGA MARTANA YASA,https://wilkerstat.bps.go.id/api/landmark/70408521/photo,I KETUT WIJIANA,1,[4]
71643365,3UGMA4,88,300,BANJAR NUNGNUNG,5103060006,-8.3217930621205,115.22098470479,3.7900924682617,1,170,Bangunan,170100,Bangunan Berpenghuni,2023-06-19 12:27:07,2023-06-20 09:42:06,WAYAN ANGGA MARTANA YASA,https://wilkerstat.bps.go.id/api/landmark/71643365/photo,I GUSTI MADE SULASTRA,2,[1]
71644346,3UGN5T,92,300,BANJAR NUNGNUNG,5103060006,-8.321375062012,115.22137295455,3.7900924682617,1,170,Bangunan,170100,Bangunan Berpenghuni,2023-06-19 13:01:24,2023-06-20 09:43:28,WAYAN ANGGA MARTANA YASA,https://wilkerstat.bps.go.id/api/landmark/71644346/photo,I GUSTI NGURAH LANANG,2,[4]
71644412,3UGN8T,96,300,BANJAR NUNGNUNG,5103060006,-8.3214035921924,115.22105075419,3.7900924682617,1,170,Bangunan,170100,Bangunan Berpenghuni,2023-06-19 13:18:13,2023-06-20 09:43:33,WAYAN ANGGA MARTANA YASA,https://wilkerstat.bps.go.id/api/landmark/71644412/photo,I NYOMAN KONDRA,1,"[1, 4]"
71644447,3UGN9V,97,300,BANJAR NUNGNUNG,5103060006,-8.32155538,115.22085024,3.7900924682617,1,170,Bangunan,170100,Bangunan Berpenghuni,2023-06-19 13:29:17,2023-06-20 09:43:36,WAYAN ANGGA MARTANA YASA,https://wilkerstat.bps.go.id/api/landmark/71644447/photo,I GUSTI MADE SUWELA,1,"[1, 4]"
71644487,3UGNB4,98,300,BANJAR NUNGNUNG,5103060006,-8.32120883,115.22042286,3.7900924682617,1,170,Bangunan,170100,Bangunan Berpenghuni,2023-06-19 13:38:04,2023-06-20 09:43:41,WAYAN ANGGA MARTANA YASA,https://wilkerstat.bps.go.id/api/landmark/71644487/photo,I NYOMAN SURA,2,"[1, 4]"
71644516,3UGNBY,99,300,BANJAR NUNGNUNG,5103060006,-8.32113452,115.22079555,3.7900924682617,1,170,Bangunan,170100,Bangunan Berpenghuni,2023-06-19 13:53:55,2023-06-20 09:43:46,WAYAN ANGGA MARTANA YASA,https://wilkerstat.bps.go.id/api/landmark/71644516/photo,I GEDE WIARTANA,1,"[1, 4]"
72602016,3VABK5,100,300,BANJAR NUNGNUNG,5103060006,-8.32122401,115.22129488,3.7900924682617,1,170,Bangunan,170100,Bangunan Berpenghuni,2023-06-20 11:43:45,2023-06-21 15:52:17,WAYAN ANGGA MARTANA YASA,https://wilkerstat.bps.go.id/api/landmark/72602016/photo,I KETUT TINGGAL ,2,"[1, 4]"
72602052,3VABL9,101,300,BANJAR NUNGNUNG,5103060006,-8.32123002,115.22117517,3.7900924682617,1,170,Bangunan,170100,Bangunan Berpenghuni,2023-06-20 12:08:08,2023-06-21 15:52:21,WAYAN ANGGA MARTANA YASA,https://wilkerstat.bps.go.id/api/landmark/72602052/photo,NI WAYAN ASA,2,"[1, 4]"
72602092,3VABMG,103,300,BANJAR NUNGNUNG,5103060006,-8.3210695235553,115.22101219743,3.7900924682617,1,170,Bangunan,170100,Bangunan Berpenghuni,2023-06-20 12:31:13,2023-06-21 15:52:25,WAYAN ANGGA MARTANA YASA,https://wilkerstat.bps.go.id/api/landmark/72602092/photo,I WAYAN PASEK,1,"[1, 4]"
72602132,3VABNN,104,300,BANJAR NUNGNUNG,5103060006,-8.32127129,115.22178781,3.7900924682617,1,170,Bangunan,170100,Bangunan Berpenghuni,2023-06-20 12:58:10,2023-06-21 15:52:28,WAYAN ANGGA MARTANA YASA,https://wilkerstat.bps.go.id/api/landmark/72602132/photo,I MADE MAIN,2,"[1, 4]"
72602166,3VABOO,108,300,BANJAR NUNGNUNG,5103060006,-8.32087184,115.22070121,4.0796966552734,1,170,Bangunan,170100,Bangunan Berpenghuni,2023-06-20 13:19:55,2023-06-21 15:52:32,WAYAN ANGGA MARTANA YASA,https://wilkerstat.bps.go.id/api/landmark/72602166/photo,I NYOMAN BADRA,2,"[1, 4]"
72602224,3VABQG,110,300,BANJAR NUNGNUNG,5103060006,-8.32085828,115.22104062,3.7900924682617,1,170,Bangunan,170100,Bangunan Berpenghuni,2023-06-20 14:00:44,2023-06-21 15:52:36,WAYAN ANGGA MARTANA YASA,https://wilkerstat.bps.go.id/api/landmark/72602224/photo,I NYOMAN LIDER,1,"[1, 4]"
72602288,3VABSE,112,300,BANJAR NUNGNUNG,5103060006,-8.32086872,115.22128812,3.7900924682617,1,170,Bangunan,170100,Bangunan Berpenghuni,2023-06-20 14:05:18,2023-06-21 15:52:39,WAYAN ANGGA MARTANA YASA,https://wilkerstat.bps.go.id/api/landmark/72602288/photo,I WAYAN SUDARMA,1,"[1, 4]"
72602347,3VABU7,113,300,BANJAR NUNGNUNG,5103060006,-8.3208313294574,115.22140614688,3.7900924682617,1,170,Bangunan,170100,Bangunan Berpenghuni,2023-06-20 14:28:38,2023-06-21 15:52:43,WAYAN ANGGA MARTANA YASA,https://wilkerstat.bps.go.id/api/landmark/72602347/photo,I MADE WITRA,1,"[1, 4]"
72602421,3VABWF,114,300,BANJAR NUNGNUNG,5103060006,-8.3208207135611,115.22146951407,3.7900924682617,1,170,Bangunan,170100,Bangunan Berpenghuni,2023-06-20 14:31:01,2023-06-21 15:52:47,WAYAN ANGGA MARTANA YASA,https://wilkerstat.bps.go.id/api/landmark/72602421/photo,I KETUT WARDIKA,1,"[1, 4]"
72602472,3VABXX,80,300,BANJAR NUNGNUNG,5103060006,-8.3311209833764,115.22324077785,3.7900924682617,1,170,Bangunan,170100,Bangunan Berpenghuni,2023-06-20 14:40:46,2023-06-21 15:52:51,WAYAN ANGGA MARTANA YASA,https://wilkerstat.bps.go.id/api/landmark/72602472/photo,I NYOMAN WIJA,1,"[1, 4]"
74387501,3WQY4Q,119,300,BANJAR NUNGNUNG,5103060006,-8.32098252,115.2204782,3.7900924682617,1,170,Bangunan,170100,Bangunan Berpenghuni,2023-06-22 12:13:12,2023-06-24 08:01:10,WAYAN ANGGA MARTANA YASA,https://wilkerstat.bps.go.id/api/landmark/74387501/photo,I WAYAN PAWE,1,[4]
74387521,3WQY5D,120,300,BANJAR NUNGNUNG,5103060006,-8.32101957,115.22048725,3.7900924682617,1,170,Bangunan,170100,Bangunan Berpenghuni,2023-06-22 12:15:55,2023-06-24 08:01:13,WAYAN ANGGA MARTANA YASA,https://wilkerstat.bps.go.id/api/landmark/74387521/photo, I MADE SINDU ,1,[4]
74387549,3WQY78,125,300,BANJAR NUNGNUNG,5103060006,-8.3208353104185,115.22049989551,3.7900924682617,1,170,Bangunan,170100,Bangunan Berpenghuni,2023-06-22 12:49:00,2023-06-24 08:01:18,WAYAN ANGGA MARTANA YASA,https://wilkerstat.bps.go.id/api/landmark/74387549/photo,I KETUT JITA,1,[1]
74387601,3WQY8R,127,300,BANJAR NUNGNUNG,5103060006,-8.3207885341237,115.2206363529,3.7900924682617,1,170,Bangunan,170100,Bangunan Berpenghuni,2023-06-22 13:00:26,2023-06-24 08:01:24,WAYAN ANGGA MARTANA YASA,https://wilkerstat.bps.go.id/api/landmark/74387601/photo,I MADE LATRA,1,"[1, 4]"
74387621,3WQY9E,131,300,BANJAR NUNGNUNG,5103060006,-8.3206634,115.2213101,3.7900924682617,1,170,Bangunan,170100,Bangunan Berpenghuni,2023-06-22 13:17:15,2023-06-24 08:01:30,WAYAN ANGGA MARTANA YASA,https://wilkerstat.bps.go.id/api/landmark/74387621/photo,I WAYAN BALIK SUDARSANA,1,[4]
74387629,3WQY9M,132,300,BANJAR NUNGNUNG,5103060006,-8.3206525179155,115.22122375667,3.7900924682617,1,170,Bangunan,170100,Bangunan Berpenghuni,2023-06-22 13:18:26,2023-06-24 08:01:33,WAYAN ANGGA MARTANA YASA,https://wilkerstat.bps.go.id/api/landmark/74387629/photo,I NYOMAN SUPARTA,1,[4]
75062233,3XCQP7,134,300,BANJAR NUNGNUNG,5103060006,-8.32042981,115.22136223,3.7900924682617,1,170,Bangunan,170100,Bangunan Berpenghuni,2023-06-22 13:36:26,2023-06-25 09:21:38,WAYAN ANGGA MARTANA YASA,https://wilkerstat.bps.go.id/api/landmark/75062233/photo,I WAYAN BANDI,1,[1]
75062262,3XCQQ2,137,300,BANJAR NUNGNUNG,5103060006,-8.3205500081079,115.22136591375,3.7900924682617,1,170,Bangunan,170100,Bangunan Berpenghuni,2023-06-22 13:51:50,2023-06-25 09:21:42,WAYAN ANGGA MARTANA YASA,https://wilkerstat.bps.go.id/api/landmark/75062262/photo,I NYOMAN TAMAN ARJANA,1,"[1, 4]"
75062293,3XCQQY,140,300,BANJAR NUNGNUNG,5103060006,-8.3206598163474,115.22105075419,3.7900924682617,1,170,Bangunan,170100,Bangunan Berpenghuni,2023-06-22 14:09:08,2023-06-25 09:21:45,WAYAN ANGGA MARTANA YASA,https://wilkerstat.bps.go.id/api/landmark/75062293/photo,I WAYAN SUENA,1,"[1, 4]"
75062314,3XCQRM,141,300,BANJAR NUNGNUNG,5103060006,-8.3206943180235,115.22030778229,3.7900924682617,1,170,Bangunan,170100,Bangunan Berpenghuni,2023-06-22 14:26:55,2023-06-25 09:21:48,WAYAN ANGGA MARTANA YASA,https://wilkerstat.bps.go.id/api/landmark/75062314/photo,I MADE SUDIARKA,1,"[1, 4]"
75062339,3XCQSE,142,300,BANJAR NUNGNUNG,5103060006,-8.3206279686437,115.22062998265,3.7900924682617,1,170,Bangunan,170100,Bangunan Berpenghuni,2023-06-22 14:46:47,2023-06-25 09:21:52,WAYAN ANGGA MARTANA YASA,https://wilkerstat.bps.go.id/api/landmark/75062339/photo,I WAYAN WENA,1,"[1, 4]"
75062361,3XCQT2,148,300,BANJAR NUNGNUNG,5103060006,-8.32036195,115.22036751,3.7900924682617,1,170,Bangunan,170100,Bangunan Berpenghuni,2023-06-24 11:37:55,2023-06-25 09:21:56,WAYAN ANGGA MARTANA YASA,https://wilkerstat.bps.go.id/api/landmark/75062361/photo,I MADE SUWITA,1,"[1, 4]"
75062373,3XCQTF,153,300,BANJAR NUNGNUNG,5103060006,-8.32013628,115.22063373,3.7900924682617,1,170,Bangunan,170100,Bangunan Berpenghuni,2023-06-24 12:02:04,2023-06-25 09:21:59,WAYAN ANGGA MARTANA YASA,https://wilkerstat.bps.go.id/api/landmark/75062373/photo,I MADE SUDIARTA,1,"[3, 4]"
75062397,3XCQU5,156,300,BANJAR NUNGNUNG,5103060006,-8.31767788,115.21940808,3.7900924682617,1,170,Bangunan,170100,Bangunan Berpenghuni,2023-06-24 12:32:01,2023-06-25 09:22:03,WAYAN ANGGA MARTANA YASA,https://wilkerstat.bps.go.id/api/landmark/75062397/photo,I GUSTI MADE RAI,1,[4]
75062426,3XCQUZ,159,300,BANJAR NUNGNUNG,5103060006,-8.3174272612137,115.21956112236,3.7900924682617,1,170,Bangunan,170100,Bangunan Berpenghuni,2023-06-24 12:43:32,2023-06-25 09:22:07,WAYAN ANGGA MARTANA YASA,https://wilkerstat.bps.go.id/api/landmark/75062426/photo,I WAYAN GEDE ARTA JAYA,1,[1]
76520533,3YKCT3,161,300,BANJAR NUNGNUNG,5103060006,-8.31793066,115.21952146,3.7900924682617,1,170,Bangunan,170100,Bangunan Berpenghuni,2023-06-27 11:42:32,2023-06-27 17:17:51,WAYAN ANGGA MARTANA YASA,https://wilkerstat.bps.go.id/api/landmark/76520533/photo,I WAYAN NIK ARTANA,1,"[3, 4]"
76520564,3YKCTZ,162,300,BANJAR NUNGNUNG,5103060006,-8.3178651704904,115.21967981011,3.7900924682617,1,170,Bangunan,170100,Bangunan Berpenghuni,2023-06-27 11:48:46,2023-06-27 17:17:55,WAYAN ANGGA MARTANA YASA,https://wilkerstat.bps.go.id/api/landmark/76520564/photo,I NYOMAN BUDIASA,1,"[1, 4]"
76520628,3YKCVX,164,300,BANJAR NUNGNUNG,5103060006,-8.31854074,115.22064631,3.7900924682617,1,170,Bangunan,170100,Bangunan Berpenghuni,2023-06-27 12:07:55,2023-06-27 17:17:59,WAYAN ANGGA MARTANA YASA,https://wilkerstat.bps.go.id/api/landmark/76520628/photo,I KETUT WIRATNA,1,"[3, 4]"
76520648,3YKCWK,167,300,BANJAR NUNGNUNG,5103060006,-8.32214364,115.22075613,3.7900924682617,1,170,Bangunan,170100,Bangunan Berpenghuni,2023-06-27 12:39:06,2023-06-27 17:18:03,WAYAN ANGGA MARTANA YASA,https://wilkerstat.bps.go.id/api/landmark/76520648/photo,I MADE WIJA SUJANA,1,"[1, 4]"
76520670,3YKCX9,170,300,BANJAR NUNGNUNG,5103060006,-8.3216006494276,115.2206433937,4.4481267929077,1,170,Bangunan,170100,Bangunan Berpenghuni,2023-06-27 12:55:48,2023-06-27 17:18:07,WAYAN ANGGA MARTANA YASA,https://wilkerstat.bps.go.id/api/landmark/76520670/photo,I WAYAN TERANG,1,[4]
77311390,3Z9D2G,243,300,BANJAR NUNGNUNG,5103060006,-8.32075295,115.22103241,3.7900924682617,1,170,Bangunan,170100,Bangunan Berpenghuni,2023-06-29 11:40:47,2023-06-30 05:57:10,WAYAN ANGGA MARTANA YASA,https://wilkerstat.bps.go.id/api/landmark/77311390/photo,I KETUT RASNA,1,[1]
77311393,3Z9D2J,245,300,BANJAR NUNGNUNG,5103060006,-8.32592061,115.22217153,3.7900924682617,1,170,Bangunan,170100,Bangunan Berpenghuni,2023-06-29 12:29:48,2023-06-30 05:57:14,WAYAN ANGGA MARTANA YASA,https://wilkerstat.bps.go.id/api/landmark/77311393/photo,I GEDE HAGRA TENAYA,1,[1]
77311401,3Z9D2R,248,300,BANJAR NUNGNUNG,5103060006,-8.33145998,115.22349172,3.7900924682617,1,170,Bangunan,170100,Bangunan Berpenghuni,2023-06-29 13:10:21,2023-06-30 05:57:20,WAYAN ANGGA MARTANA YASA,https://wilkerstat.bps.go.id/api/landmark/77311401/photo,I GUSTI MADE DARMAN,1,"[1, 4]"
77710474,3ZKGIV,241,300,BANJAR NUNGNUNG,5103060006,-8.32099895,115.2203821,3.7900924682617,1,170,Bangunan,170100,Bangunan Berpenghuni,2023-06-29 11:15:35,2023-07-01 11:45:13,WAYAN ANGGA MARTANA YASA,https://wilkerstat.bps.go.id/api/landmark/77710474/photo,I WAYAN SUDIKA,1,"[1, 4]"
77710477,3ZKGIY,247,300,BANJAR NUNGNUNG,5103060006,-8.32641795,115.22234814,3.7900924682617,1,170,Bangunan,170100,Bangunan Berpenghuni,2023-06-29 12:36:39,2023-07-01 11:45:13,WAYAN ANGGA MARTANA YASA,https://wilkerstat.bps.go.id/api/landmark/77710477/photo,GUSTI NYOMAN DANA,1,[1]
80713920,443ZIF,255,300,BANJAR NUNGNUNG,5103060006,-8.3297223733154,115.22354755551,3.7900924682617,1,170,Bangunan,170100,Bangunan Berpenghuni,2023-07-04 11:42:15,2023-07-11 05:25:55,WAYAN ANGGA MARTANA YASA,https://wilkerstat.bps.go.id/api/landmark/80713920/photo,NI NYOMAN WINARSIH,1,"[1, 4]"
80713924,443ZIJ,256,300,BANJAR NUNGNUNG,5103060006,-8.32204688,115.22091635,3.7900924682617,1,170,Bangunan,170100,Bangunan Berpenghuni,2023-07-06 12:33:03,2023-07-11 05:26:00,WAYAN ANGGA MARTANA YASA,https://wilkerstat.bps.go.id/api/landmark/80713924/photo,I MADE POPOK,1,"[1, 4]"
63400545,3NIA3O,2,800,Banjar Auman,5103060006,-8.32476757,115.21302525,3.7900924682617,1,170,Bangunan,170100,Bangunan Berpenghuni,2023-06-06 17:28:28,2023-06-06 19:14:25,I MADE ANDI WIRATAMA,https://wilkerstat.bps.go.id/api/landmark/63400545/photo,I MADE SUDINA,2,"[2, 3, 4, 5]"
63400548,3NIA3R,3,800,Banjar Auman,5103060006,-8.3245416,115.2128161,3.414999961853,1,170,Bangunan,170100,Bangunan Berpenghuni,2023-06-06 18:01:47,2023-06-06 19:14:25,I MADE ANDI WIRATAMA,https://wilkerstat.bps.go.id/api/landmark/63400548/photo,I WAYAN GEDE SUDIRA ATMAJA,1,"[2, 3, 4]"
63400550,3NIA3T,1,800,Banjar Auman,5103060006,-8.32531657,115.21210631,3.7900924682617,1,170,Bangunan,170100,Bangunan Berpenghuni,2023-06-06 18:27:21,2023-06-06 19:14:26,I MADE ANDI WIRATAMA,https://wilkerstat.bps.go.id/api/landmark/63400550/photo,I MADE BAKTAYASA,1,[4]
65113288,3OWVTY,5,800,Banjar Auman,5103060006,-8.3212058713651,115.21258637309,3.7900924682617,1,170,Bangunan,170100,Bangunan Berpenghuni,2023-06-09 17:22:36,2023-06-09 22:36:33,I MADE ANDI WIRATAMA,https://wilkerstat.bps.go.id/api/landmark/65113288/photo,NYOMAN SUKRISNA,1,[4]
65113289,3OWVTZ,6,800,Banjar Auman,5103060006,-8.32121393,115.21211649,3.7900924682617,1,170,Bangunan,170100,Bangunan Berpenghuni,2023-06-09 17:49:10,2023-06-09 22:36:33,I MADE ANDI WIRATAMA,https://wilkerstat.bps.go.id/api/landmark/65113289/photo,I MADE ASTAWA,1,"[2, 3, 4]"
65113290,3OWVU2,7,800,Banjar Auman,5103060006,-8.32106941,115.21183983,3.7900924682617,1,170,Bangunan,170100,Bangunan Berpenghuni,2023-06-09 18:04:58,2023-06-09 22:36:33,I MADE ANDI WIRATAMA,https://wilkerstat.bps.go.id/api/landmark/65113290/photo,WAYAN BUDIARTA,1,[2]
65113294,3OWVU7,10,800,Banjar Auman,5103060006,-8.32077268,115.21261165,3.7900924682617,1,170,Bangunan,170100,Bangunan Berpenghuni,2023-06-09 18:34:45,2023-06-09 22:36:33,I MADE ANDI WIRATAMA,https://wilkerstat.bps.go.id/api/landmark/65113294/photo,I WAYAN GEDE SUARDIPA,1,"[2, 5]"
66241827,3PVC75,11,800,Banjar Auman,5103060006,-8.32079471,115.21255912,3.7900924682617,1,170,Bangunan,170100,Bangunan Berpenghuni,2023-06-10 07:43:56,2023-06-11 22:49:12,I MADE ANDI WIRATAMA,https://wilkerstat.bps.go.id/api/landmark/66241827/photo,I KETUT JAYA SUTANGKAS,1,[4]
66241828,3PVC77,12,800,Banjar Auman,5103060006,-8.31718132,115.21262501,3.7900924682617,1,170,Bangunan,170100,Bangunan Berpenghuni,2023-06-10 08:03:29,2023-06-11 22:49:12,I MADE ANDI WIRATAMA,https://wilkerstat.bps.go.id/api/landmark/66241828/photo,I KETUT SUYASA,1,"[2, 4]"
66241832,3PVC7B,14,800,Banjar Auman,5103060006,-8.3166734,115.21267923,3.7900924682617,1,170,Bangunan,170100,Bangunan Berpenghuni,2023-06-10 08:13:26,2023-06-11 22:49:13,I MADE ANDI WIRATAMA,https://wilkerstat.bps.go.id/api/landmark/66241832/photo,I GUSTI KETUT SUBRATA,1,"[2, 4]"
66241835,3PVC7E,15,800,Banjar Auman,5103060006,-8.3162161,115.2127495,3.7070000171661,1,170,Bangunan,170100,Bangunan Berpenghuni,2023-06-10 08:23:10,2023-06-11 22:49:13,I MADE ANDI WIRATAMA,https://wilkerstat.bps.go.id/api/landmark/66241835/photo,I MADE PURNABAWA,2,"[2, 3, 4]"
66241838,3PVC7H,16,800,Banjar Auman,5103060006,-8.3162749,115.2127853,3.7190001010895,1,170,Bangunan,170100,Bangunan Berpenghuni,2023-06-10 08:40:56,2023-06-11 22:49:13,I MADE ANDI WIRATAMA,https://wilkerstat.bps.go.id/api/landmark/66241838/photo,I KETUT WIJI,1,"[2, 3, 4]"
66241839,3PVC7I,18,800,Banjar Auman,5103060006,-8.3158338,115.2125301,3.7049999237061,1,170,Bangunan,170100,Bangunan Berpenghuni,2023-06-10 08:57:20,2023-06-11 22:49:13,I MADE ANDI WIRATAMA,https://wilkerstat.bps.go.id/api/landmark/66241839/photo,I MADE GUNUNG,1,"[2, 4, 5]"
66241842,3PVC7L,19,800,Banjar Auman,5103060006,-8.31583535,115.21258156,3.7900924682617,1,170,Bangunan,170100,Bangunan Berpenghuni,2023-06-10 09:06:05,2023-06-11 22:49:13,I MADE ANDI WIRATAMA,https://wilkerstat.bps.go.id/api/landmark/66241842/photo,I WAYAN SRIARTHA,1,"[2, 3, 4, 5]"
66241844,3PVC7N,20,800,Banjar Auman,5103060006,-8.31572139,115.21270006,3.7900924682617,1,170,Bangunan,170100,Bangunan Berpenghuni,2023-06-10 09:16:51,2023-06-11 22:49:14,I MADE ANDI WIRATAMA,https://wilkerstat.bps.go.id/api/landmark/66241844/photo,I MADE MURJANA,1,"[1, 2, 3, 4]"
66241846,3PVC7P,21,800,Banjar Auman,5103060006,-8.31573823,115.21280249,3.7900924682617,1,170,Bangunan,170100,Bangunan Berpenghuni,2023-06-10 09:26:07,2023-06-11 22:49:14,I MADE ANDI WIRATAMA,https://wilkerstat.bps.go.id/api/landmark/66241846/photo,I GUSTI NGURAH PALGUNA,1,"[2, 3, 4, 5]"
66241849,3PVC7S,22,800,Banjar Auman,5103060006,-8.31571159,115.21281887,3.7900924682617,1,170,Bangunan,170100,Bangunan Berpenghuni,2023-06-10 09:39:44,2023-06-11 22:49:14,I MADE ANDI WIRATAMA,https://wilkerstat.bps.go.id/api/landmark/66241849/photo,NI GUSTI AYU RAI,1,"[2, 3, 4]"
66241852,3PVC7V,23,800,Banjar Auman,5103060006,-8.31575355,115.2129048,3.7900924682617,1,170,Bangunan,170100,Bangunan Berpenghuni,2023-06-10 09:45:28,2023-06-11 22:49:14,I MADE ANDI WIRATAMA,https://wilkerstat.bps.go.id/api/landmark/66241852/photo,I GUSTI KETUT SUDANA,1,"[2, 3, 4, 5]"
66241853,3PVC7W,24,800,Banjar Auman,5103060006,-8.31537016,115.21274884,3.7900924682617,1,170,Bangunan,170100,Bangunan Berpenghuni,2023-06-10 09:50:11,2023-06-11 22:49:15,I MADE ANDI WIRATAMA,https://wilkerstat.bps.go.id/api/landmark/66241853/photo,IR. I NYOMAN SUALA,1,"[2, 4]"
66241856,3PVC7Z,25,800,Banjar Auman,5103060006,-8.31539922,115.21260825,3.9544417858124,1,170,Bangunan,170100,Bangunan Berpenghuni,2023-06-10 10:04:03,2023-06-11 22:49:15,I MADE ANDI WIRATAMA,https://wilkerstat.bps.go.id/api/landmark/66241856/photo,I NYOMAN CALO ANTARA,1,"[2, 4]"
66241859,3PVC84,32,800,Banjar Auman,5103060006,-8.3150648,115.2126064,3.5820000171661,1,170,Bangunan,170100,Bangunan Berpenghuni,2023-06-10 12:45:44,2023-06-11 22:49:15,I MADE ANDI WIRATAMA,https://wilkerstat.bps.go.id/api/landmark/66241859/photo,I WAYAN SUKA,1,"[2, 3, 4]"
66241861,3PVC87,31,800,Banjar Auman,5103060006,-8.31509578,115.21282394,3.7900924682617,1,170,Bangunan,170100,Bangunan Berpenghuni,2023-06-10 12:50:07,2023-06-11 22:49:15,I MADE ANDI WIRATAMA,https://wilkerstat.bps.go.id/api/landmark/66241861/photo,I WAYAN NARTA BOGA,1,[2]
66241862,3PVC88,36,800,Banjar Auman,5103060006,-8.31474426,115.21272142,3.7900924682617,1,170,Bangunan,170100,Bangunan Berpenghuni,2023-06-10 13:09:31,2023-06-11 22:49:16,I MADE ANDI WIRATAMA,https://wilkerstat.bps.go.id/api/landmark/66241862/photo,NI KETUT RUMA,1,"[2, 3]"
66241865,3PVC8B,37,800,Banjar Auman,5103060006,-8.3147994,115.2125643,3.5620000362396,1,170,Bangunan,170100,Bangunan Berpenghuni,2023-06-10 13:24:32,2023-06-11 22:49:16,I MADE ANDI WIRATAMA,https://wilkerstat.bps.go.id/api/landmark/66241865/photo,I WAYAN SADRA,1,"[1, 2, 4]"
66241867,3PVC8D,43,800,Banjar Auman,5103060006,-8.314793,115.2126686,3.5590000152588,1,170,Bangunan,170100,Bangunan Berpenghuni,2023-06-10 13:25:36,2023-06-11 22:49:16,I MADE ANDI WIRATAMA,https://wilkerstat.bps.go.id/api/landmark/66241867/photo,I NYOMAN WIDANA,1,"[2, 4]"
66241870,3PVC8G,38,800,Banjar Auman,5103060006,-8.31470385,115.21264263,3.7900924682617,1,170,Bangunan,170100,Bangunan Berpenghuni,2023-06-10 13:43:13,2023-06-11 22:49:17,I MADE ANDI WIRATAMA,https://wilkerstat.bps.go.id/api/landmark/66241870/photo,I WAYAN TAMI,1,"[2, 3, 4, 5]"
66241872,3PVC8I,39,800,Banjar Auman,5103060006,-8.3149162,115.21286813,3.7900924682617,1,170,Bangunan,170100,Bangunan Berpenghuni,2023-06-10 13:51:25,2023-06-11 22:49:17,I MADE ANDI WIRATAMA,https://wilkerstat.bps.go.id/api/landmark/66241872/photo,I MADE WARTANA PUTRA,1,"[2, 3, 4, 5]"
66241876,3PVC8M,40,800,Banjar Auman,5103060006,-8.3148762,115.21276517,3.7900924682617,1,170,Bangunan,170100,Bangunan Berpenghuni,2023-06-10 14:00:46,2023-06-11 22:49:17,I MADE ANDI WIRATAMA,https://wilkerstat.bps.go.id/api/landmark/66241876/photo,I MADE DARTA,1,"[2, 3, 4]"
66241878,3PVC8O,41,800,Banjar Auman,5103060006,-8.3147854,115.2125792,3.5209999084473,1,170,Bangunan,170100,Bangunan Berpenghuni,2023-06-10 14:14:30,2023-06-11 22:49:17,I MADE ANDI WIRATAMA,https://wilkerstat.bps.go.id/api/landmark/66241878/photo,I MADE MUDITA,1,[4]
66241882,3PVC8S,17,800,Banjar Auman,5103060006,-8.3160076,115.21272381,3.7900924682617,1,170,Bangunan,170100,Bangunan Berpenghuni,2023-06-11 07:22:09,2023-06-11 22:49:17,I MADE ANDI WIRATAMA,https://wilkerstat.bps.go.id/api/landmark/66241882/photo,I MADE YASA,1,"[2, 3, 4]"
66241886,3PVC8W,28,800,Banjar Auman,5103060006,-8.31506486,115.21295552,3.7900924682617,1,170,Bangunan,170100,Bangunan Berpenghuni,2023-06-11 07:38:58,2023-06-11 22:49:18,I MADE ANDI WIRATAMA,https://wilkerstat.bps.go.id/api/landmark/66241886/photo,I MADE SUKRAYASA,1,"[4, 5]"
66241887,3PVC8X,42,800,Banjar Auman,5103060006,-8.31487983,115.21272666,3.7900924682617,1,170,Bangunan,170100,Bangunan Berpenghuni,2023-06-11 07:46:28,2023-06-11 22:49:18,I MADE ANDI WIRATAMA,https://wilkerstat.bps.go.id/api/landmark/66241887/photo,I MADE SUMASTRA,1,"[2, 4]"
66241890,3PVC92,34,800,Banjar Auman,5103060006,-8.31505854,115.21249488,3.8400454521179,1,170,Bangunan,170100,Bangunan Berpenghuni,2023-06-11 07:55:37,2023-06-11 22:49:18,I MADE ANDI WIRATAMA,https://wilkerstat.bps.go.id/api/landmark/66241890/photo,I WAYAN KARTAYASA,1,[5]
66241893,3PVC95,33,800,Banjar Auman,5103060006,-8.3149974,115.2125555,3.7569999694824,1,170,Bangunan,170100,Bangunan Berpenghuni,2023-06-11 07:56:15,2023-06-11 22:49:18,I MADE ANDI WIRATAMA,https://wilkerstat.bps.go.id/api/landmark/66241893/photo,I MADE WARTA,1,"[2, 3, 4]"
66241894,3PVC97,35,800,Banjar Auman,5103060006,-8.31516085,115.2125603,3.7900924682617,1,170,Bangunan,170100,Bangunan Berpenghuni,2023-06-11 07:57:08,2023-06-11 22:49:18,I MADE ANDI WIRATAMA,https://wilkerstat.bps.go.id/api/landmark/66241894/photo,I NYOMAN SINDU,1,"[2, 3, 4]"
70606806,3TKRF9,49,800,Banjar Auman,5103060006,-8.3143635,115.21289817,3.7900924682617,1,170,Bangunan,170100,Bangunan Berpenghuni,2023-06-13 16:03:52,2023-06-18 17:03:55,I MADE ANDI WIRATAMA,https://wilkerstat.bps.go.id/api/landmark/70606806/photo,I WAYAN SUPARTA,1,"[2, 4]"
70606863,3TKRGX,50,800,Banjar Auman,5103060006,-8.309647,115.2126379,3.7379999160767,1,170,Bangunan,170100,Bangunan Berpenghuni,2023-06-13 16:25:38,2023-06-18 17:04:00,I MADE ANDI WIRATAMA,https://wilkerstat.bps.go.id/api/landmark/70606863/photo,I MADE RIKAN,1,"[2, 4]"
70606964,3TKRJZ,51,800,Banjar Auman,5103060006,-8.30949355,115.21262819,3.7900924682617,1,170,Bangunan,170100,Bangunan Berpenghuni,2023-06-13 16:26:16,2023-06-18 17:04:12,I MADE ANDI WIRATAMA,https://wilkerstat.bps.go.id/api/landmark/70606964/photo,I WAYAN SUGIANA,1,"[2, 4]"
70607043,3TKRMF,52,800,Banjar Auman,5103060006,-8.30861905,115.21275596,3.7900924682617,1,170,Bangunan,170100,Bangunan Berpenghuni,2023-06-13 16:59:46,2023-06-18 17:04:17,I MADE ANDI WIRATAMA,https://wilkerstat.bps.go.id/api/landmark/70607043/photo,NI KETUT NADI,1,[2]
70607108,3TKROE,53,800,Banjar Auman,5103060006,-8.30805465,115.21234929,3.7900924682617,1,170,Bangunan,170100,Bangunan Berpenghuni,2023-06-13 17:13:41,2023-06-18 17:04:21,I MADE ANDI WIRATAMA,https://wilkerstat.bps.go.id/api/landmark/70607108/photo,I KETUT RUKUN,1,"[2, 4, 5]"
70607171,3TKRQB,54,800,Banjar Auman,5103060006,-8.30679214,115.21229302,3.7900924682617,1,170,Bangunan,170100,Bangunan Berpenghuni,2023-06-13 17:30:43,2023-06-18 17:04:25,I MADE ANDI WIRATAMA,https://wilkerstat.bps.go.id/api/landmark/70607171/photo,I KETUT RAWAN,1,"[2, 3, 4]"
70607221,3TKRRS,55,800,Banjar Auman,5103060006,-8.30237528,115.21212431,3.7900924682617,1,170,Bangunan,170100,Bangunan Berpenghuni,2023-06-13 17:50:10,2023-06-18 17:04:29,I MADE ANDI WIRATAMA,https://wilkerstat.bps.go.id/api/landmark/70607221/photo,I NYOMAN SUARDANA,2,"[1, 2]"
70607272,3TKRTD,56,800,Banjar Auman,5103060006,-8.30324718,115.20942748,3.7900924682617,1,170,Bangunan,170100,Bangunan Berpenghuni,2023-06-13 18:08:28,2023-06-18 17:04:37,I MADE ANDI WIRATAMA,https://wilkerstat.bps.go.id/api/landmark/70607272/photo,I NYOMAN JAMAN,1,"[2, 3, 4]"
70607312,3TKRUK,57,800,Banjar Auman,5103060006,-8.30323058,115.20948424,3.7900924682617,1,170,Bangunan,170100,Bangunan Berpenghuni,2023-06-13 18:12:10,2023-06-18 17:04:41,I MADE ANDI WIRATAMA,https://wilkerstat.bps.go.id/api/landmark/70607312/photo,I WAYAN RAHAYUANA,1,"[2, 3, 4]"
70607353,3TKRVS,58,800,Banjar Auman,5103060006,-8.30138494,115.2087469,3.7900924682617,1,170,Bangunan,170100,Bangunan Berpenghuni,2023-06-13 18:32:33,2023-06-18 17:04:45,I MADE ANDI WIRATAMA,https://wilkerstat.bps.go.id/api/landmark/70607353/photo,I WAYAN GAWA ASTAWA,1,[4]
71749534,3UJKQD,59,800,Banjar Auman,5103060006,-8.302508,115.2091822,3.654000043869,1,170,Bangunan,170100,Bangunan Berpenghuni,2023-06-13 18:52:44,2023-06-20 12:13:26,I MADE ANDI WIRATAMA,https://wilkerstat.bps.go.id/api/landmark/71749534/photo,NI MADE RATNA,1,"[2, 3]"
71749585,3UJKRV,60,800,Banjar Auman,5103060006,-8.29940976,115.21143166,3.7900924682617,1,170,Bangunan,170100,Bangunan Berpenghuni,2023-06-13 19:05:12,2023-06-20 12:13:30,I MADE ANDI WIRATAMA,https://wilkerstat.bps.go.id/api/landmark/71749585/photo,I NYOMAN MARDIKA,1,"[2, 4]"
71749631,3UJKTB,61,800,Banjar Auman,5103060006,-8.2985949,115.2113757,3.6389999389648,1,170,Bangunan,170100,Bangunan Berpenghuni,2023-06-15 16:45:37,2023-06-20 12:13:34,I MADE ANDI WIRATAMA,https://wilkerstat.bps.go.id/api/landmark/71749631/photo,I MADE KARYAWAN,1,[2]
71749669,3UJKUG,62,800,Banjar Auman,5103060006,-8.29866183,115.21138219,3.7900924682617,1,170,Bangunan,170100,Bangunan Berpenghuni,2023-06-15 16:46:04,2023-06-20 12:13:38,I MADE ANDI WIRATAMA,https://wilkerstat.bps.go.id/api/landmark/71749669/photo,I WAYAN BRATI,1,"[1, 4, 5]"
71749726,3UJKW7,63,800,Banjar Auman,5103060006,-8.29875073,115.20873415,3.7900924682617,1,170,Bangunan,170100,Bangunan Berpenghuni,2023-06-15 17:41:37,2023-06-20 12:13:43,I MADE ANDI WIRATAMA,https://wilkerstat.bps.go.id/api/landmark/71749726/photo,I NYOMAN SUENA,1,"[2, 3, 4]"
71749761,3UJKX9,64,800,Banjar Auman,5103060006,-8.29815022,115.21100624,3.7900924682617,1,170,Bangunan,170100,Bangunan Berpenghuni,2023-06-15 17:58:16,2023-06-20 12:13:47,I MADE ANDI WIRATAMA,https://wilkerstat.bps.go.id/api/landmark/71749761/photo,I KETUT MAWI,1,"[1, 3, 4]"
71749794,3UJKY9,69,800,Banjar Auman,5103060006,-8.29632396,115.21080013,3.7900924682617,1,170,Bangunan,170100,Bangunan Berpenghuni,2023-06-15 18:12:25,2023-06-20 12:13:50,I MADE ANDI WIRATAMA,https://wilkerstat.bps.go.id/api/landmark/71749794/photo,I GUSTI NGURAH ARTAWAN,1,"[2, 4]"
71749853,3UJKZZ,70,800,Banjar Auman,5103060006,-8.29635355,115.21076311,3.7900924682617,1,170,Bangunan,170100,Bangunan Berpenghuni,2023-06-15 18:19:35,2023-06-20 12:13:55,I MADE ANDI WIRATAMA,https://wilkerstat.bps.go.id/api/landmark/71749853/photo,I GUSTI NGURAH PUTU ASTAWA,1,[4]
71749886,3UJL2Z,72,800,Banjar Auman,5103060006,-8.2983692,115.2116533,3.6229999065399,1,170,Bangunan,170100,Bangunan Berpenghuni,2023-06-15 18:42:20,2023-06-20 12:13:58,I MADE ANDI WIRATAMA,https://wilkerstat.bps.go.id/api/landmark/71749886/photo,NI NYOMAN SUNDRI,1,"[2, 3, 4, 5]"
71749941,3UJL4O,73,800,Banjar Auman,5103060006,-8.29850391,115.21171409,3.7900924682617,1,170,Bangunan,170100,Bangunan Berpenghuni,2023-06-15 18:45:20,2023-06-20 12:14:02,I MADE ANDI WIRATAMA,https://wilkerstat.bps.go.id/api/landmark/71749941/photo,I MADE BALAYASA,1,"[3, 4, 5]"
71750043,3UJL8R,71,800,Banjar Auman,5103060006,-8.29648634,115.21083308,3.7900924682617,1,170,Bangunan,170100,Bangunan Berpenghuni,2023-06-16 17:06:59,2023-06-20 12:14:07,I MADE ANDI WIRATAMA,https://wilkerstat.bps.go.id/api/landmark/71750043/photo,JERO PUTU SEKAR,1,[2]
71750082,3UJL9X,74,800,Banjar Auman,5103060006,-8.29670911,115.2103388,3.7900924682617,1,170,Bangunan,170100,Bangunan Berpenghuni,2023-06-16 17:21:43,2023-06-20 12:14:10,I MADE ANDI WIRATAMA,https://wilkerstat.bps.go.id/api/landmark/71750082/photo,I GUSTI NGURAH WIRASENA,1,"[2, 4]"
71750141,3UJLBQ,75,800,Banjar Auman,5103060006,-8.29875374,115.21188983,3.7900924682617,1,170,Bangunan,170100,Bangunan Berpenghuni,2023-06-16 18:01:58,2023-06-20 12:14:14,I MADE ANDI WIRATAMA,https://wilkerstat.bps.go.id/api/landmark/71750141/photo,I MADE DANA,1,"[2, 4]"
71750213,3UJLDW,76,800,Banjar Auman,5103060006,-8.2988832,115.2119114,3.4549999237061,1,170,Bangunan,170100,Bangunan Berpenghuni,2023-06-16 18:04:05,2023-06-20 12:14:18,I MADE ANDI WIRATAMA,https://wilkerstat.bps.go.id/api/landmark/71750213/photo,I WAYAN GENAH YASA,1,"[2, 4]"
71750267,3UJLFK,77,800,Banjar Auman,5103060006,-8.30779898,115.21292311,3.7900924682617,1,170,Bangunan,170100,Bangunan Berpenghuni,2023-06-16 18:23:02,2023-06-20 12:14:21,I MADE ANDI WIRATAMA,https://wilkerstat.bps.go.id/api/landmark/71750267/photo,I KETUT KASNA,1,"[3, 4]"
72704672,3VD5SW,79,800,Banjar Auman,5103060006,-8.30801147,115.21295587,3.7900924682617,1,170,Bangunan,170100,Bangunan Berpenghuni,2023-06-16 18:36:31,2023-06-21 17:57:57,I MADE ANDI WIRATAMA,https://wilkerstat.bps.go.id/api/landmark/72704672/photo,I KETUT GAMA,1,[4]
72704683,3VD5TA,80,800,Banjar Auman,5103060006,-8.30810583,115.21299038,3.7900924682617,1,170,Bangunan,170100,Bangunan Berpenghuni,2023-06-16 18:41:34,2023-06-21 17:57:57,I MADE ANDI WIRATAMA,https://wilkerstat.bps.go.id/api/landmark/72704683/photo,I MADE MADIA,1,[4]
72704708,3VD5TZ,82,800,Banjar Auman,5103060006,-8.31448508,115.21348959,3.7900924682617,1,170,Bangunan,170100,Bangunan Berpenghuni,2023-06-17 07:39:11,2023-06-21 17:57:58,I MADE ANDI WIRATAMA,https://wilkerstat.bps.go.id/api/landmark/72704708/photo,I WAYAN SIUNG,1,"[2, 3, 4]"
72704722,3VD5UG,81,800,Banjar Auman,5103060006,-8.31447329,115.213538,3.7900924682617,1,170,Bangunan,170100,Bangunan Berpenghuni,2023-06-17 07:42:48,2023-06-21 17:57:59,I MADE ANDI WIRATAMA,https://wilkerstat.bps.go.id/api/landmark/72704722/photo,I WAYAN LABAJAYA,1,"[2, 4]"
72704727,3VD5UL,85,800,Banjar Auman,5103060006,-8.31467476,115.21327253,3.7900924682617,1,170,Bangunan,170100,Bangunan Berpenghuni,2023-06-17 07:57:21,2023-06-21 17:57:59,I MADE ANDI WIRATAMA,https://wilkerstat.bps.go.id/api/landmark/72704727/photo,I WAYAN TERIMA BE,1,"[2, 3, 4]"
72704735,3VD5UT,86,800,Banjar Auman,5103060006,-8.31465971,115.21354018,3.7900924682617,1,170,Bangunan,170100,Bangunan Berpenghuni,2023-06-17 08:14:04,2023-06-21 17:57:59,I MADE ANDI WIRATAMA,https://wilkerstat.bps.go.id/api/landmark/72704735/photo,I MADE SABURATA,1,"[2, 4]"
72704740,3VD5UY,87,800,Banjar Auman,5103060006,-8.31462846,115.21349626,3.7900924682617,1,170,Bangunan,170100,Bangunan Berpenghuni,2023-06-17 08:17:13,2023-06-21 17:58:00,I MADE ANDI WIRATAMA,https://wilkerstat.bps.go.id/api/landmark/72704740/photo,I WAYAN SUKAYASA,1,[2]
72704746,3VD5V7,88,800,Banjar Auman,5103060006,-8.31482541,115.21323004,3.7900924682617,1,170,Bangunan,170100,Bangunan Berpenghuni,2023-06-17 08:28:04,2023-06-21 17:58:00,I MADE ANDI WIRATAMA,https://wilkerstat.bps.go.id/api/landmark/72704746/photo,I NYOMAN RIBU,1,"[2, 4]"
72704750,3VD5VB,89,800,Banjar Auman,5103060006,-8.31474176,115.21320969,3.7900924682617,1,170,Bangunan,170100,Bangunan Berpenghuni,2023-06-17 08:31:58,2023-06-21 17:58:00,I MADE ANDI WIRATAMA,https://wilkerstat.bps.go.id/api/landmark/72704750/photo,I MADE KANDRA,1,"[2, 4, 5]"
72704754,3VD5VF,90,800,Banjar Auman,5103060006,-8.31471669,115.21328342,3.7900924682617,1,170,Bangunan,170100,Bangunan Berpenghuni,2023-06-17 08:32:32,2023-06-21 17:58:01,I MADE ANDI WIRATAMA,https://wilkerstat.bps.go.id/api/landmark/72704754/photo,NI MADE TINGGAL,1,"[1, 2, 4]"
72704760,3VD5VL,91,800,Banjar Auman,5103060006,-8.31479203,115.2133723,3.7900924682617,1,170,Bangunan,170100,Bangunan Berpenghuni,2023-06-17 08:33:37,2023-06-21 17:58:01,I MADE ANDI WIRATAMA,https://wilkerstat.bps.go.id/api/landmark/72704760/photo,I KOMANG SUGITA,1,"[1, 2, 3, 4]"
72704770,3VD5VV,100,800,Banjar Auman,5103060006,-8.31544285,115.21342461,3.7900924682617,1,170,Bangunan,170100,Bangunan Berpenghuni,2023-06-17 17:32:15,2023-06-21 17:58:02,I MADE ANDI WIRATAMA,https://wilkerstat.bps.go.id/api/landmark/72704770/photo,I MADE RAYUAN,1,"[4, 5]"
72704774,3VD5VZ,101,800,Banjar Auman,5103060006,-8.31554306,115.21333623,3.7900924682617,1,170,Bangunan,170100,Bangunan Berpenghuni,2023-06-17 17:50:49,2023-06-21 17:58:02,I MADE ANDI WIRATAMA,https://wilkerstat.bps.go.id/api/landmark/72704774/photo,I KETUT SUARJAYA,1,[2]
72704777,3VD5W4,103,800,Banjar Auman,5103060006,-8.3155072,115.21322259,3.7900924682617,1,170,Bangunan,170100,Bangunan Berpenghuni,2023-06-17 17:56:06,2023-06-21 17:58:02,I MADE ANDI WIRATAMA,https://wilkerstat.bps.go.id/api/landmark/72704777/photo,I NYOMAN SUSILA,1,"[2, 3, 4]"
72704783,3VD5WB,102,800,Banjar Auman,5103060006,-8.31557646,115.21334264,3.7900924682617,1,170,Bangunan,170100,Bangunan Berpenghuni,2023-06-17 18:04:49,2023-06-21 17:58:02,I MADE ANDI WIRATAMA,https://wilkerstat.bps.go.id/api/landmark/72704783/photo,NI MADE TILIS,1,"[1, 4, 5]"
72704789,3VD5WH,104,800,Banjar Auman,5103060006,-8.31556818,115.21349983,3.7900924682617,1,170,Bangunan,170100,Bangunan Berpenghuni,2023-06-17 18:12:25,2023-06-21 17:58:03,I MADE ANDI WIRATAMA,https://wilkerstat.bps.go.id/api/landmark/72704789/photo,I NYOMAN CACAP,1,"[4, 5]"
72704800,3VD5WS,106,800,Banjar Auman,5103060006,-8.31540308,115.21348145,3.7900924682617,1,170,Bangunan,170100,Bangunan Berpenghuni,2023-06-17 18:21:45,2023-06-21 17:58:03,I MADE ANDI WIRATAMA,https://wilkerstat.bps.go.id/api/landmark/72704800/photo,I WAYAN KASTA,1,"[2, 3, 4, 5]"
72704810,3VD5X4,92,800,Banjar Auman,5103060006,-8.31519727,115.21317658,3.7900924682617,1,170,Bangunan,170100,Bangunan Berpenghuni,2023-06-21 17:04:58,2023-06-21 17:58:03,I MADE ANDI WIRATAMA,https://wilkerstat.bps.go.id/api/landmark/72704810/photo,I NYOMAN SUANA,1,"[2, 3, 4, 5]"
72704816,3VD5XB,93,800,Banjar Auman,5103060006,-8.31519252,115.21315791,3.7900924682617,1,170,Bangunan,170100,Bangunan Berpenghuni,2023-06-21 17:11:34,2023-06-21 17:58:04,I MADE ANDI WIRATAMA,https://wilkerstat.bps.go.id/api/landmark/72704816/photo,I WAYAN WITARKA,1,[3]
72704822,3VD5XH,94,800,Banjar Auman,5103060006,-8.3150374,115.2134767,3.789999961853,1,170,Bangunan,170100,Bangunan Berpenghuni,2023-06-21 17:22:44,2023-06-21 17:58:04,I MADE ANDI WIRATAMA,https://wilkerstat.bps.go.id/api/landmark/72704822/photo,I MADE MALEN,1,"[4, 5]"
72704834,3VD5XT,96,800,Banjar Auman,5103060006,-8.31512102,115.21347115,3.7900924682617,1,170,Bangunan,170100,Bangunan Berpenghuni,2023-06-21 17:27:30,2023-06-21 17:58:04,I MADE ANDI WIRATAMA,https://wilkerstat.bps.go.id/api/landmark/72704834/photo,I KETUT GIRINARTA,1,"[1, 4]"
72704845,3VD5Y7,97,800,Banjar Auman,5103060006,-8.31519232,115.21345778,3.7900924682617,1,170,Bangunan,170100,Bangunan Berpenghuni,2023-06-21 17:40:26,2023-06-21 17:58:05,I MADE ANDI WIRATAMA,https://wilkerstat.bps.go.id/api/landmark/72704845/photo,I MADE RENYEP,1,[4]
72704849,3VD5YB,99,800,Banjar Auman,5103060006,-8.31525064,115.21318536,3.7900924682617,1,170,Bangunan,170100,Bangunan Berpenghuni,2023-06-21 17:54:40,2023-06-21 17:58:05,I MADE ANDI WIRATAMA,https://wilkerstat.bps.go.id/api/landmark/72704849/photo,NI NYOMAN GRIYANI,1,"[2, 3, 4]"
72704857,3VD5YJ,109,800,Banjar Auman,5103060006,-8.3159522995505,115.21318215877,3.7900924682617,1,170,Bangunan,170100,Bangunan Berpenghuni,2023-06-21 18:10:09,2023-06-21 17:58:05,I MADE ANDI WIRATAMA,https://wilkerstat.bps.go.id/api/landmark/72704857/photo,I WAYAN DARSANA,1,[2]
72704863,3VD5YP,111,800,Banjar Auman,5103060006,-8.31569499,115.21317296,3.7900924682617,1,170,Bangunan,170100,Bangunan Berpenghuni,2023-06-21 18:17:32,2023-06-21 17:58:06,I MADE ANDI WIRATAMA,https://wilkerstat.bps.go.id/api/landmark/72704863/photo,I MADE DARMA,1,"[2, 4, 6]"
72705570,3VD7N5,112,800,Banjar Auman,5103060006,-8.3159456645327,115.2133853361,3.7900924682617,1,170,Bangunan,170100,Bangunan Berpenghuni,2023-06-21 18:33:22,2023-06-21 17:58:58,I MADE ANDI WIRATAMA,https://wilkerstat.bps.go.id/api/landmark/72705570/photo,I KETUT GITA,1,[4]
72705577,3VD7ND,114,800,Banjar Auman,5103060006,-8.3163817,115.2131214,3.6710000038147,1,170,Bangunan,170100,Bangunan Berpenghuni,2023-06-21 18:50:22,2023-06-21 17:58:58,I MADE ANDI WIRATAMA,https://wilkerstat.bps.go.id/api/landmark/72705577/photo,DRS I WAYAN WITA,1,"[2, 3, 4]"
72705583,3VD7NJ,115,800,Banjar Auman,5103060006,-8.3162669,115.2131038,3.7030000686646,1,170,Bangunan,170100,Bangunan Berpenghuni,2023-06-21 18:52:00,2023-06-21 17:58:59,I MADE ANDI WIRATAMA,https://wilkerstat.bps.go.id/api/landmark/72705583/photo,I MADE TIRTA YASA,2,"[1, 2, 3, 4, 5]"
75025056,3XBPKL,118,800,Banjar Auman,5103060006,-8.31678108,115.21291636,3.7900924682617,1,170,Bangunan,170100,Bangunan Berpenghuni,2023-06-22 16:23:26,2023-06-25 07:53:16,I MADE ANDI WIRATAMA,https://wilkerstat.bps.go.id/api/landmark/75025056/photo,I KETUT KANJI,1,"[1, 2, 4]"
75025062,3XBPKR,119,800,Banjar Auman,5103060006,-8.31680247,115.21295255,3.7900924682617,1,170,Bangunan,170100,Bangunan Berpenghuni,2023-06-22 16:24:55,2023-06-25 07:53:17,I MADE ANDI WIRATAMA,https://wilkerstat.bps.go.id/api/landmark/75025062/photo,I WAYAN SUKASADA,1,"[2, 4]"
75025064,3XBPKT,120,800,Banjar Auman,5103060006,-8.31710575,115.21290031,3.7900924682617,1,170,Bangunan,170100,Bangunan Berpenghuni,2023-06-22 16:32:35,2023-06-25 07:53:17,I MADE ANDI WIRATAMA,https://wilkerstat.bps.go.id/api/landmark/75025064/photo,I KETUT WIJA,1,"[1, 2, 3, 4, 5]"
75025067,3XBPKW,116,800,Banjar Auman,5103060006,-8.3165823,115.21294874,3.7900924682617,1,170,Bangunan,170100,Bangunan Berpenghuni,2023-06-22 16:52:38,2023-06-25 07:53:17,I MADE ANDI WIRATAMA,https://wilkerstat.bps.go.id/api/landmark/75025067/photo,I WAYAN SUPARTA,1,"[1, 4]"
75025069,3XBPKY,122,800,Banjar Auman,5103060006,-8.31936101,115.21281201,3.7900924682617,1,170,Bangunan,170100,Bangunan Berpenghuni,2023-06-25 06:58:30,2023-06-25 07:53:17,I MADE ANDI WIRATAMA,https://wilkerstat.bps.go.id/api/landmark/75025069/photo,I WAYAN SUDANA,1,"[2, 4]"
75025072,3XBPL3,121,800,Banjar Auman,5103060006,-8.31872322,115.21268828,3.7900924682617,1,170,Bangunan,170100,Bangunan Berpenghuni,2023-06-25 07:02:17,2023-06-25 07:53:17,I MADE ANDI WIRATAMA,https://wilkerstat.bps.go.id/api/landmark/75025072/photo,I NYOMAN SUARKA,1,"[2, 4]"
75025074,3XBPL5,125,800,Banjar Auman,5103060006,-8.32071646,115.2128477,4.0607171058655,1,170,Bangunan,170100,Bangunan Berpenghuni,2023-06-25 07:18:47,2023-06-25 07:53:18,I MADE ANDI WIRATAMA,https://wilkerstat.bps.go.id/api/landmark/75025074/photo,NI WAYAN MUSI,1,[2]
75025077,3XBPL9,126,800,Banjar Auman,5103060006,-8.32097548,115.21304925,3.7900924682617,1,170,Bangunan,170100,Bangunan Berpenghuni,2023-06-25 07:27:09,2023-06-25 07:53:18,I MADE ANDI WIRATAMA,https://wilkerstat.bps.go.id/api/landmark/75025077/photo,I MADE WARTANA,1,"[2, 4]"
75025079,3XBPLB,127,800,Banjar Auman,5103060006,-8.3218986,115.2126802,3.7599999904633,1,170,Bangunan,170100,Bangunan Berpenghuni,2023-06-25 07:42:38,2023-06-25 07:53:18,I MADE ANDI WIRATAMA,https://wilkerstat.bps.go.id/api/landmark/75025079/photo,DRS I KETUT ARDANA M.PD,1,"[2, 3, 4]"
75025082,3XBPLE,129,800,Banjar Auman,5103060006,-8.3232049,115.2127803,3.6970000267029,1,170,Bangunan,170100,Bangunan Berpenghuni,2023-06-25 08:11:55,2023-06-25 07:53:18,I MADE ANDI WIRATAMA,https://wilkerstat.bps.go.id/api/landmark/75025082/photo,I MADE SUGANDI,2,"[3, 4, 5]"
75025083,3XBPLF,131,800,Banjar Auman,5103060006,-8.32346236,115.21287061,3.7900924682617,1,170,Bangunan,170100,Bangunan Berpenghuni,2023-06-25 08:25:02,2023-06-25 07:53:19,I MADE ANDI WIRATAMA,https://wilkerstat.bps.go.id/api/landmark/75025083/photo,I MADE SUKARMEN,1,"[2, 5]"
76709634,3YPLHF,133,800,Banjar Auman,5103060006,-8.30258074,115.21316534,3.7900924682617,1,170,Bangunan,170100,Bangunan Berpenghuni,2023-06-27 18:19:06,2023-06-28 07:38:42,I MADE ANDI WIRATAMA,https://wilkerstat.bps.go.id/api/landmark/76709634/photo,I KETUT YUTA,1,"[2, 3, 4]"
76709636,3YPLHH,135,800,Banjar Auman,5103060006,-8.31384868,115.2138847,3.7900924682617,1,170,Bangunan,170100,Bangunan Berpenghuni,2023-06-27 18:39:57,2023-06-28 07:38:42,I MADE ANDI WIRATAMA,https://wilkerstat.bps.go.id/api/landmark/76709636/photo,I WAYAN WIRTAYASA,2,"[4, 5]"
76709637,3YPLHI,137,800,Banjar Auman,5103060006,-8.31523154,115.21336536,3.7900924682617,1,170,Bangunan,170100,Bangunan Berpenghuni,2023-06-27 18:53:03,2023-06-28 07:38:42,I MADE ANDI WIRATAMA,https://wilkerstat.bps.go.id/api/landmark/76709637/photo,I NYOMAN UMUM,1,"[3, 4]"
76709638,3YPLHJ,138,800,Banjar Auman,5103060006,-8.3148269989306,115.21298401058,3.7900924682617,1,170,Bangunan,170100,Bangunan Berpenghuni,2023-06-27 18:54:50,2023-06-28 07:38:42,I MADE ANDI WIRATAMA,https://wilkerstat.bps.go.id/api/landmark/76709638/photo,I NYOMAN SUTA,1,"[3, 4]"
76709640,3YPLHL,139,800,Banjar Auman,5103060006,-8.31790102,115.212909,3.7900924682617,1,170,Bangunan,170100,Bangunan Berpenghuni,2023-06-27 19:30:06,2023-06-28 07:38:43,I MADE ANDI WIRATAMA,https://wilkerstat.bps.go.id/api/landmark/76709640/photo,I WAYAN LILA SE,1,"[2, 3, 4, 5]"
86307215,49SNO8,140,800,Banjar Auman,5103060006,-8.30638734,115.21285164,3.7900924682617,1,170,Bangunan,170100,Bangunan Berpenghuni,2023-07-19 08:26:41,2023-07-23 14:06:15,I MADE ANDI WIRATAMA,https://wilkerstat.bps.go.id/api/landmark/86307215/photo,I KETUT SUDA,1,"[2, 3, 4]"
86307219,49SNOC,45,800,Banjar Auman,5103060006,-8.30473846,115.2124224,3.7900924682617,1,170,Bangunan,170100,Bangunan Berpenghuni,2023-07-19 08:47:46,2023-07-23 14:06:15,I MADE ANDI WIRATAMA,https://wilkerstat.bps.go.id/api/landmark/86307219/photo,I MADE SUBAWA,1,"[2, 4, 5]"
86307222,49SNOF,141,800,Banjar Auman,5103060006,-8.3067175731543,115.20857345313,3.7900924682617,1,170,Bangunan,170100,Bangunan Berpenghuni,2023-07-19 09:10:12,2023-07-23 14:06:15,I MADE ANDI WIRATAMA,https://wilkerstat.bps.go.id/api/landmark/86307222/photo,I MADE TEDUN,1,"[1, 2, 3, 4, 5]"
86307225,49SNOI,142,800,Banjar Auman,5103060006,-8.2993766798213,115.21206736565,3.7900924682617,1,170,Bangunan,170100,Bangunan Berpenghuni,2023-07-19 09:30:46,2023-07-23 14:06:16,I MADE ANDI WIRATAMA,https://wilkerstat.bps.go.id/api/landmark/86307225/photo,I MADE CATRA,1,"[2, 4]"
86307227,49SNOK,143,800,Banjar Auman,5103060006,-8.315132874006,115.21295920014,3.7900924682617,1,170,Bangunan,170100,Bangunan Berpenghuni,2023-07-20 18:31:59,2023-07-23 14:06:16,I MADE ANDI WIRATAMA,https://wilkerstat.bps.go.id/api/landmark/86307227/photo,I MADE SABUH,1,[1]
86307229,49SNOM,105,800,Banjar Auman,5103060006,-8.3155843876455,115.21316941828,3.7900924682617,1,170,Bangunan,170100,Bangunan Berpenghuni,2023-07-20 18:36:12,2023-07-23 14:06:16,I MADE ANDI WIRATAMA,https://wilkerstat.bps.go.id/api/landmark/86307229/photo,I MADE BUDIARSA,1,[2]
86307233,49SNOQ,110,800,Banjar Auman,5103060006,-8.3158793143488,115.21306481212,3.6259999275208,1,170,Bangunan,170100,Bangunan Berpenghuni,2023-07-20 18:38:21,2023-07-23 14:06:16,I MADE ANDI WIRATAMA,https://wilkerstat.bps.go.id/api/landmark/86307233/photo,I PUTU WIJANA PUTRA,1,[4]
86307235,49SNOS,117,800,Banjar Auman,5103060006,-8.3166094975043,115.21304033697,3.7900924682617,1,170,Bangunan,170100,Bangunan Berpenghuni,2023-07-20 18:39:45,2023-07-23 14:06:17,I MADE ANDI WIRATAMA,https://wilkerstat.bps.go.id/api/landmark/86307235/photo,I MADE ARI WIGUNA,1,[4]
71277575,3U5GDK,71,600,SEMANIK,5103060006,-8.276145,115.207655,1.3999999761581,1,170,Bangunan,170100,Bangunan Berpenghuni,2023-06-19 18:07:18,2023-06-19 17:07:28,Ni Luh De Nukarimasih,https://wilkerstat.bps.go.id/api/landmark/71277575/photo,I NYOMAN TOMBLOS,1,"[2, 4]"
71290254,3U5RYR,72,600,SEMANIK,5103060006,-8.2751016666667,115.20860833333,1.5,1,170,Bangunan,170100,Bangunan Berpenghuni,2023-06-19 18:22:00,2023-06-19 17:22:10,Ni Luh De Nukarimasih,https://wilkerstat.bps.go.id/api/landmark/71290254/photo,I MADE TAMAYASA,1,"[2, 3, 4]"
71302892,3U75LQ,65,600,SEMANIK,5103060006,-8.2768216666667,115.20969666667,1.2999999523163,1,170,Bangunan,170100,Bangunan Berpenghuni,2023-06-19 18:36:34,2023-06-19 17:36:44,Ni Luh De Nukarimasih,https://wilkerstat.bps.go.id/api/landmark/71302892/photo,I MADE SIUN ,1,"[2, 3, 4]"
71312342,3U7FB4,87,600,SEMANIK,5103060006,-8.27702,115.210305,1.3999999761581,1,170,Bangunan,170100,Bangunan Berpenghuni,2023-06-19 18:46:29,2023-06-19 17:47:44,Ni Luh De Nukarimasih,https://wilkerstat.bps.go.id/api/landmark/71312342/photo,I WAYAN SUDIARSA,1,"[2, 4]"
71312436,3U7FDX,85,600,SEMANIK,5103060006,-8.2769216666667,115.21034666667,1.7000000476837,1,170,Bangunan,170100,Bangunan Berpenghuni,2023-06-19 18:47:34,2023-06-19 17:47:52,Ni Luh De Nukarimasih,https://wilkerstat.bps.go.id/api/landmark/71312436/photo,I PUTU WIASTRA,1,"[2, 3, 4]"
71313861,3U7GO5,83,600,SEMANIK,5103060006,-8.276925,115.210475,1.6000000238419,1,170,Bangunan,170100,Bangunan Berpenghuni,2023-06-19 18:49:18,2023-06-19 17:49:29,Ni Luh De Nukarimasih,https://wilkerstat.bps.go.id/api/landmark/71313861/photo,I NYOMAN WARTA YASA,1,"[2, 4]"
71325816,3U7RNF,96,600,SEMANIK,5103060006,-8.27715,115.21050666667,1.2000000476837,1,170,Bangunan,170100,Bangunan Berpenghuni,2023-06-19 19:05:23,2023-06-19 18:05:33,Ni Luh De Nukarimasih,https://wilkerstat.bps.go.id/api/landmark/71325816/photo,I NYOMAN PASTI ,1,"[2, 3, 4]"
71390471,3U9KZN,98,600,SEMANIK,5103060006,-8.2772983333333,115.210545,1.5,1,170,Bangunan,170100,Bangunan Berpenghuni,2023-06-19 20:30:39,2023-06-19 19:30:55,Ni Luh De Nukarimasih,https://wilkerstat.bps.go.id/api/landmark/71390471/photo,I GEDE SUTRA YASA,1,"[2, 3, 4]"
71417633,3UACXQ,101,600,SEMANIK,5103060006,-8.2774816666667,115.21028333333,1.7000000476837,1,170,Bangunan,170100,Bangunan Berpenghuni,2023-06-19 21:08:22,2023-06-19 20:08:47,Ni Luh De Nukarimasih,https://wilkerstat.bps.go.id/api/landmark/71417633/photo,NI WAYAN RIBEK ,1,"[2, 4]"
71431652,3UAPTK,102,600,SEMANIK,5103060006,-8.2774683333333,115.210345,1.7000000476837,1,170,Bangunan,170100,Bangunan Berpenghuni,2023-06-19 21:28:32,2023-06-19 20:28:45,Ni Luh De Nukarimasih,https://wilkerstat.bps.go.id/api/landmark/71431652/photo, I NYOMAN NYAMUN ,1,"[2, 4]"
72019031,3UR38W,105,600,SEMANIK,5103060006,-8.2775666666667,115.21043,2.0,1,170,Bangunan,170100,Bangunan Berpenghuni,2023-06-20 19:16:46,2023-06-20 18:16:56,Ni Luh De Nukarimasih,https://wilkerstat.bps.go.id/api/landmark/72019031/photo,I WAYAN TEBLE,1,"[2, 4]"
72034706,3URILW,107,600,SEMANIK,5103060006,-8.27758,115.21062333333,2.0999999046326,1,170,Bangunan,170100,Bangunan Berpenghuni,2023-06-20 19:36:11,2023-06-20 18:36:20,Ni Luh De Nukarimasih,https://wilkerstat.bps.go.id/api/landmark/72034706/photo,I MADE WARSA,1,"[2, 3, 4]"
72071793,3USJNR,109,600,SEMANIK,5103060006,-8.2775066666667,115.21059166667,1.6000000238419,1,170,Bangunan,170100,Bangunan Berpenghuni,2023-06-20 20:21:23,2023-06-20 19:21:35,Ni Luh De Nukarimasih,https://wilkerstat.bps.go.id/api/landmark/72071793/photo,I MADE SUKADAYASA,1,"[1, 2, 3, 4]"
72125344,3UTZTJ,113,600,SEMANIK,5103060006,-8.2775183333333,115.2108,1.7000000476837,1,170,Bangunan,170100,Bangunan Berpenghuni,2023-06-20 21:26:23,2023-06-20 20:26:31,Ni Luh De Nukarimasih,https://wilkerstat.bps.go.id/api/landmark/72125344/photo,I NYOMAN NYENENG ,1,"[2, 3, 4]"
75359989,3XL253,97,600,SEMANIK,5103060006,-8.27722,115.21072333333,1.5,1,170,Bangunan,170100,Bangunan Berpenghuni,2023-06-21 21:37:01,2023-06-25 17:25:32,Ni Luh De Nukarimasih,https://wilkerstat.bps.go.id/api/landmark/75359989/photo,I PUTU SUARJA,1,"[2, 3, 4]"
77075502,3YZRGC,94,600,SEMANIK,5103060006,-8.2771933333333,115.210355,1.6000000238419,1,170,Bangunan,170100,Bangunan Berpenghuni,2023-06-27 19:37:06,2023-06-29 05:29:24,Ni Luh De Nukarimasih,https://wilkerstat.bps.go.id/api/landmark/77075502/photo,I KETUT JEKI PUTRA,1,"[2, 4]"
77075503,3YZRGD,132,600,SEMANIK,5103060006,-8.27722,115.21151833333,1.7999999523163,1,170,Bangunan,170100,Bangunan Berpenghuni,2023-06-27 21:31:43,2023-06-29 05:29:24,Ni Luh De Nukarimasih,https://wilkerstat.bps.go.id/api/landmark/77075503/photo,I MADE LUDRA,1,"[2, 3, 4]"
77075504,3YZRGE,129,600,SEMANIK,5103060006,-8.277215,115.211235,1.7999999523163,1,170,Bangunan,170100,Bangunan Berpenghuni,2023-06-28 07:04:17,2023-06-29 05:29:24,Ni Luh De Nukarimasih,https://wilkerstat.bps.go.id/api/landmark/77075504/photo,I KETUT SUJANA,1,"[2, 3, 4]"
77075505,3YZRGF,133,600,SEMANIK,5103060006,-8.276985,115.210655,2.2000000476837,1,170,Bangunan,170100,Bangunan Berpenghuni,2023-06-28 07:26:02,2023-06-29 05:29:24,Ni Luh De Nukarimasih,https://wilkerstat.bps.go.id/api/landmark/77075505/photo,I MADE  SUJANA,1,"[2, 3, 4]"
79378930,42XUM7,135,600,SEMANIK,5103060006,-8.2770933333333,115.211015,2.4000000953674,1,170,Bangunan,170100,Bangunan Berpenghuni,2023-07-05 18:47:54,2023-07-07 13:32:49,Ni Luh De Nukarimasih,https://wilkerstat.bps.go.id/api/landmark/79378930/photo,I MADE PUTRA,1,"[2, 3, 4]"
79378933,42XUMA,138,600,SEMANIK,5103060006,-8.276795,115.211055,2.7000000476837,1,170,Bangunan,170100,Bangunan Berpenghuni,2023-07-05 19:42:49,2023-07-07 13:32:50,Ni Luh De Nukarimasih,https://wilkerstat.bps.go.id/api/landmark/79378933/photo,I NYOMAN RAJIN ,1,"[2, 3, 4]"
79378937,42XUME,140,600,SEMANIK,5103060006,-8.276885,115.21066833333,2.4000000953674,1,170,Bangunan,170100,Bangunan Berpenghuni,2023-07-05 20:12:55,2023-07-07 13:32:50,Ni Luh De Nukarimasih,https://wilkerstat.bps.go.id/api/landmark/79378937/photo,I NYOMAN GIRI,1,"[2, 4]"
81189532,44IA9V,145,600,SEMANIK,5103060006,-8.276655,115.21075,1.8999999761581,1,170,Bangunan,170100,Bangunan Berpenghuni,2023-07-12 08:15:57,2023-07-12 08:42:55,Ni Luh De Nukarimasih,https://wilkerstat.bps.go.id/api/landmark/81189532/photo,SANG KETUT NADI ,1,"[2, 3, 4]"
81189534,44IA9X,149,600,SEMANIK,5103060006,-8.2767683333333,115.210625,1.5,1,170,Bangunan,170100,Bangunan Berpenghuni,2023-07-12 08:19:00,2023-07-12 08:42:55,Ni Luh De Nukarimasih,https://wilkerstat.bps.go.id/api/landmark/81189534/photo,I MADE WANA ,1,"[2, 4]"
81189535,44IA9Y,144,600,SEMANIK,5103060006,-8.2764733333333,115.21115333333,1.8999999761581,1,170,Bangunan,170100,Bangunan Berpenghuni,2023-07-12 08:31:54,2023-07-12 08:42:55,Ni Luh De Nukarimasih,https://wilkerstat.bps.go.id/api/landmark/81189535/photo,I MADE KASUB ,1,"[2, 3, 4]"
81189537,44IAA2,115,600,SEMANIK,5103060006,-8.27762,115.210705,1.6000000238419,1,170,Bangunan,170100,Bangunan Berpenghuni,2023-07-12 08:49:37,2023-07-12 08:42:55,Ni Luh De Nukarimasih,https://wilkerstat.bps.go.id/api/landmark/81189537/photo,NI KETUT BONTOK ,1,"[2, 3, 4]"
81422433,44OQ4I,160,600,SEMANIK,5103060006,-8.2739666666667,115.21643333333,1.7999999523163,1,170,Bangunan,170100,Bangunan Berpenghuni,2023-07-12 13:19:02,2023-07-12 17:38:36,Ni Luh De Nukarimasih,https://wilkerstat.bps.go.id/api/landmark/81422433/photo,I NYOMAN KERTI,1,"[2, 4]"
81422437,44OQ4M,161,600,SEMANIK,5103060006,-8.2739933333333,115.216295,1.5,1,170,Bangunan,170100,Bangunan Berpenghuni,2023-07-12 13:20:29,2023-07-12 17:38:37,Ni Luh De Nukarimasih,https://wilkerstat.bps.go.id/api/landmark/81422437/photo,I MADE PASEK ,1,"[2, 4]"
81422463,44OQ5F,159,600,SEMANIK,5103060006,-8.2743366666667,115.21701666667,1.8999999761581,1,170,Bangunan,170100,Bangunan Berpenghuni,2023-07-12 13:34:35,2023-07-12 17:38:38,Ni Luh De Nukarimasih,https://wilkerstat.bps.go.id/api/landmark/81422463/photo,I MADE OKA ARIANA ,1,"[2, 3, 4]"
81422466,44OQ5I,156,600,SEMANIK,5103060006,-8.2853133333333,115.22083833333,1.7000000476837,1,170,Bangunan,170100,Bangunan Berpenghuni,2023-07-12 16:42:18,2023-07-12 17:38:38,Ni Luh De Nukarimasih,https://wilkerstat.bps.go.id/api/landmark/81422466/photo,I NYOMAN TARUB,1,"[2, 3, 4]"
81422470,44OQ5M,158,600,SEMANIK,5103060006,-8.280805,115.21829333333,1.5,1,170,Bangunan,170100,Bangunan Berpenghuni,2023-07-12 17:39:16,2023-07-12 17:38:39,Ni Luh De Nukarimasih,https://wilkerstat.bps.go.id/api/landmark/81422470/photo,JOKO RIATNO ,1,"[2, 3, 4]"
81443092,44PC3J,147,600,SEMANIK,5103060006,-8.2767166666667,115.21067666667,2.0999999046326,1,170,Bangunan,170100,Bangunan Berpenghuni,2023-07-12 19:12:54,2023-07-12 18:16:31,Ni Luh De Nukarimasih,https://wilkerstat.bps.go.id/api/landmark/81443092/photo,I NYOMAN WENA ,1,"[2, 3, 4]"
81457594,44PPEY,141,600,SEMANIK,5103060006,-8.2767833333333,115.21086666667,1.5,1,170,Bangunan,170100,Bangunan Berpenghuni,2023-07-12 19:34:47,2023-07-12 18:44:10,Ni Luh De Nukarimasih,https://wilkerstat.bps.go.id/api/landmark/81457594/photo,I MADE DIARTA ,1,"[2, 3, 4]"
81662648,44VFOQ,78,600,SEMANIK,5103060006,-8.2767583333333,115.21014333333,1.5,1,170,Bangunan,170100,Bangunan Berpenghuni,2023-07-13 07:43:51,2023-07-13 09:48:33,Ni Luh De Nukarimasih,https://wilkerstat.bps.go.id/api/landmark/81662648/photo,I MADE KARTA,1,"[2, 3, 4]"
81662650,44VFOS,48,600,SEMANIK,5103060006,-8.2775116666667,115.21002333333,1.7000000476837,1,170,Bangunan,170100,Bangunan Berpenghuni,2023-07-13 07:46:58,2023-07-13 09:48:33,Ni Luh De Nukarimasih,https://wilkerstat.bps.go.id/api/landmark/81662650/photo,I MADE PAGEH ,1,"[2, 3, 4]"
81662651,44VFOT,152,600,SEMANIK,5103060006,-8.2829316666667,115.21579666667,1.7999999523163,1,170,Bangunan,170100,Bangunan Berpenghuni,2023-07-13 08:01:20,2023-07-13 09:48:34,Ni Luh De Nukarimasih,https://wilkerstat.bps.go.id/api/landmark/81662651/photo,I NYOMAN PUJA,1,"[2, 3, 4]"
81662653,44VFOV,162,600,SEMANIK,5103060006,-8.271725,115.21440666667,1.7000000476837,1,170,Bangunan,170100,Bangunan Berpenghuni,2023-07-13 08:22:06,2023-07-13 09:48:34,Ni Luh De Nukarimasih,https://wilkerstat.bps.go.id/api/landmark/81662653/photo,SANG PUTU OKA,1,"[2, 4]"
81662656,44VFOY,163,600,SEMANIK,5103060006,-8.2703683333333,115.21558333333,1.6000000238419,1,170,Bangunan,170100,Bangunan Berpenghuni,2023-07-13 08:32:48,2023-07-13 09:48:34,Ni Luh De Nukarimasih,https://wilkerstat.bps.go.id/api/landmark/81662656/photo,I KETUT WIDASTRA,1,"[2, 3, 4]"
81720628,44WZWP,99,600,SEMANIK,5103060006,-8.2773666666667,115.210535,1.7000000476837,1,170,Bangunan,170100,Bangunan Berpenghuni,2023-07-13 12:26:33,2023-07-13 11:50:09,Ni Luh De Nukarimasih,https://wilkerstat.bps.go.id/api/landmark/81720628/photo,I WAYAN SELAMAT,1,"[2, 3, 4]"
81720632,44WZWT,153,600,SEMANIK,5103060006,-8.2855716666667,115.217495,1.7000000476837,1,170,Bangunan,170100,Bangunan Berpenghuni,2023-07-13 12:30:29,2023-07-13 11:50:09,Ni Luh De Nukarimasih,https://wilkerstat.bps.go.id/api/landmark/81720632/photo,I MADE MUDUNG,1,"[2, 4]"
66275821,3PWAEA,1,200,BANJARKIADAN,5103060006,-8.3155661413292,115.2193344757,1.7000000476837,1,170,Bangunan,170100,Bangunan Berpenghuni,2023-06-12 06:26:28,2023-06-12 05:27:25,Ni Made Sri purwantini,https://wilkerstat.bps.go.id/api/landmark/66275821/photo,I MADE SUSRAMA,1,"[2, 3, 4]"
66275967,3PWAIO,2,200,BANJARKIADAN,5103060006,-8.3153415456939,115.21932307631,1.6000000238419,1,170,Bangunan,170100,Bangunan Berpenghuni,2023-06-12 06:28:28,2023-06-12 05:28:49,Ni Made Sri purwantini,https://wilkerstat.bps.go.id/api/landmark/66275967/photo,NYOMAN SUPARTA,1,"[3, 4]"
66276831,3PWBBU,3,200,BANJARKIADAN,5103060006,-8.3149530646088,115.2192684263,1.7000000476837,1,170,Bangunan,170100,Bangunan Berpenghuni,2023-06-12 06:29:46,2023-06-12 05:36:03,Ni Made Sri purwantini,https://wilkerstat.bps.go.id/api/landmark/66276831/photo,WAYAN JAMAN,1,"[3, 4]"
66276832,3PWBBV,4,200,BANJARKIADAN,5103060006,-8.3124254400193,115.21913599223,2.0,1,170,Bangunan,170100,Bangunan Berpenghuni,2023-06-12 06:31:06,2023-06-12 05:36:03,Ni Made Sri purwantini,https://wilkerstat.bps.go.id/api/landmark/66276832/photo,WAYAN SABAR,1,"[3, 4]"
66276833,3PWBBW,5,200,BANJARKIADAN,5103060006,-8.3121043021415,115.21918594837,2.0,1,170,Bangunan,170100,Bangunan Berpenghuni,2023-06-12 06:32:51,2023-06-12 05:36:03,Ni Made Sri purwantini,https://wilkerstat.bps.go.id/api/landmark/66276833/photo,MADE GANDRA,1,"[2, 3, 4]"
66276834,3PWBBX,6,200,BANJARKIADAN,5103060006,-8.3091622953783,115.2201012522,1.2999999523163,1,170,Bangunan,170100,Bangunan Berpenghuni,2023-06-12 06:34:42,2023-06-12 05:36:03,Ni Made Sri purwantini,https://wilkerstat.bps.go.id/api/landmark/66276834/photo,NYOMAN TAGA,1,"[3, 4]"
66276835,3PWBBY,7,200,BANJARKIADAN,5103060006,-8.3082104844518,115.22030308843,1.1000000238419,1,170,Bangunan,170100,Bangunan Berpenghuni,2023-06-12 06:35:44,2023-06-12 05:36:04,Ni Made Sri purwantini,https://wilkerstat.bps.go.id/api/landmark/66276835/photo,MADE ANTANA YASA,2,"[2, 3, 4]"
66278052,3PWCFU,8,200,BANJARKIADAN,5103060006,-8.3081325214469,115.22035874426,1.7999999523163,1,170,Bangunan,170100,Bangunan Berpenghuni,2023-06-12 06:37:37,2023-06-12 05:45:50,Ni Made Sri purwantini,https://wilkerstat.bps.go.id/api/landmark/66278052/photo,I KETUT SABA,1,"[3, 4]"
66278053,3PWCFV,9,200,BANJARKIADAN,5103060006,-8.3075194331062,115.22030308843,1.2000000476837,1,170,Bangunan,170100,Bangunan Berpenghuni,2023-06-12 06:38:57,2023-06-12 05:45:50,Ni Made Sri purwantini,https://wilkerstat.bps.go.id/api/landmark/66278053/photo,KETUT RAKA,1,"[3, 4]"
66278054,3PWCFW,10,200,BANJARKIADAN,5103060006,-8.3066117421157,115.21993931383,1.7000000476837,1,170,Bangunan,170100,Bangunan Berpenghuni,2023-06-12 06:40:18,2023-06-12 05:45:51,Ni Made Sri purwantini,https://wilkerstat.bps.go.id/api/landmark/66278054/photo,WAYAN TERIMA,1,"[2, 3, 4]"
66278055,3PWCFX,13,200,BANJARKIADAN,5103060006,-8.3058961377604,115.21965567023,1.6000000238419,1,170,Bangunan,170100,Bangunan Berpenghuni,2023-06-12 06:41:31,2023-06-12 05:45:51,Ni Made Sri purwantini,https://wilkerstat.bps.go.id/api/landmark/66278055/photo,I MADE LILIN,1,"[3, 4]"
66278056,3PWCFY,14,200,BANJARKIADAN,5103060006,-8.3057803537156,115.21961510181,1.5,1,170,Bangunan,170100,Bangunan Berpenghuni,2023-06-12 06:42:03,2023-06-12 05:45:51,Ni Made Sri purwantini,https://wilkerstat.bps.go.id/api/landmark/66278056/photo,I WAYAN JUANA,1,"[3, 4]"
66278057,3PWCFZ,15,200,BANJARKIADAN,5103060006,-8.3056166666667,115.21953166667,1.1000000238419,1,170,Bangunan,170100,Bangunan Berpenghuni,2023-06-12 06:45:42,2023-06-12 05:45:51,Ni Made Sri purwantini,https://wilkerstat.bps.go.id/api/landmark/66278057/photo,I MADE RIMUN,1,"[1, 2, 3, 4]"
66278544,3PWCUR,16,200,BANJARKIADAN,5103060006,-8.3047033333333,115.21937833333,2.9000000953674,1,170,Bangunan,170100,Bangunan Berpenghuni,2023-06-12 06:49:26,2023-06-12 05:49:32,Ni Made Sri purwantini,https://wilkerstat.bps.go.id/api/landmark/66278544/photo,I NYOMAN WATA,1,"[3, 4]"
66280779,3PWEWI,17,200,BANJARKIADAN,5103060006,-8.3048,115.21933666667,1.8999999761581,1,170,Bangunan,170100,Bangunan Berpenghuni,2023-06-12 06:52:40,2023-06-12 06:01:56,Ni Made Sri purwantini,https://wilkerstat.bps.go.id/api/landmark/66280779/photo,WAYAN SUDIARTA,1,"[2, 3, 4]"
66280781,3PWEWK,18,200,BANJARKIADAN,5103060006,-8.30448,115.21933833333,2.4000000953674,1,170,Bangunan,170100,Bangunan Berpenghuni,2023-06-12 06:55:40,2023-06-12 06:01:56,Ni Made Sri purwantini,https://wilkerstat.bps.go.id/api/landmark/66280781/photo,WAYAN TANGGU,1,"[3, 4]"
66280783,3PWEWM,19,200,BANJARKIADAN,5103060006,-8.3045133333333,115.21925833333,1.6000000238419,1,170,Bangunan,170100,Bangunan Berpenghuni,2023-06-12 06:58:47,2023-06-12 06:01:56,Ni Made Sri purwantini,https://wilkerstat.bps.go.id/api/landmark/66280783/photo,WAYAN KUWIT,2,"[2, 3, 4]"
66280785,3PWEWO,20,200,BANJARKIADAN,5103060006,-8.3045216666667,115.219235,1.7000000476837,1,170,Bangunan,170100,Bangunan Berpenghuni,2023-06-12 07:00:54,2023-06-12 06:01:56,Ni Made Sri purwantini,https://wilkerstat.bps.go.id/api/landmark/66280785/photo,MADE SUKANADI,2,"[3, 4]"
66280788,3PWEWR,21,200,BANJARKIADAN,5103060006,-8.3045766666667,115.21932666667,1.5,1,170,Bangunan,170100,Bangunan Berpenghuni,2023-06-12 07:01:50,2023-06-12 06:01:57,Ni Made Sri purwantini,https://wilkerstat.bps.go.id/api/landmark/66280788/photo,KETUT RUPA,1,"[3, 4]"
66723272,3QBPAE,22,200,BANJARKIADAN,5103060006,-8.3046366666667,115.21929666667,1.7999999523163,1,170,Bangunan,170100,Bangunan Berpenghuni,2023-06-12 16:36:27,2023-06-12 18:56:02,Ni Made Sri purwantini,https://wilkerstat.bps.go.id/api/landmark/66723272/photo,WAYAN SEPUK,2,[4]
66723397,3QBPE7,28,200,BANJARKIADAN,5103060006,-8.3042133333333,115.21915833333,1.5,1,170,Bangunan,170100,Bangunan Berpenghuni,2023-06-12 16:39:26,2023-06-12 18:56:12,Ni Made Sri purwantini,https://wilkerstat.bps.go.id/api/landmark/66723397/photo,WAYAN SUKADANA,1,"[2, 3, 4]"
66723434,3QBPFB,27,200,BANJARKIADAN,5103060006,-8.3042466666667,115.21914666667,1.3999999761581,1,170,Bangunan,170100,Bangunan Berpenghuni,2023-06-12 16:40:26,2023-06-12 18:56:15,Ni Made Sri purwantini,https://wilkerstat.bps.go.id/api/landmark/66723434/photo,I KETUT ADNYA,1,"[2, 3, 4]"
66723534,3QBPIC,26,200,BANJARKIADAN,5103060006,-8.30427,115.21914666667,1.5,1,170,Bangunan,170100,Bangunan Berpenghuni,2023-06-12 16:43:44,2023-06-12 18:56:21,Ni Made Sri purwantini,https://wilkerstat.bps.go.id/api/landmark/66723534/photo,NI MADE MURDI,1,"[3, 4]"
66723597,3QBPK9,25,200,BANJARKIADAN,5103060006,-8.3042616666667,115.21927,1.7000000476837,1,170,Bangunan,170100,Bangunan Berpenghuni,2023-06-12 16:50:06,2023-06-12 18:56:24,Ni Made Sri purwantini,https://wilkerstat.bps.go.id/api/landmark/66723597/photo,NYOMAN SANDYA,2,"[1, 3, 4]"
66723602,3QBPKE,24,200,BANJARKIADAN,5103060006,-8.30433,115.21926833333,1.6000000238419,1,170,Bangunan,170100,Bangunan Berpenghuni,2023-06-12 16:51:45,2023-06-12 18:56:24,Ni Made Sri purwantini,https://wilkerstat.bps.go.id/api/landmark/66723602/photo,WAYAN SURATA,1,"[3, 4]"
66723628,3QBPL7,23,200,BANJARKIADAN,5103060006,-8.3043566666667,115.21938166667,1.5,1,170,Bangunan,170100,Bangunan Berpenghuni,2023-06-12 16:52:17,2023-06-12 18:56:26,Ni Made Sri purwantini,https://wilkerstat.bps.go.id/api/landmark/66723628/photo,I KETUT REMPUN,1,"[3, 4]"
67028371,3QK8FS,29,200,BANJARKIADAN,5103060006,-8.3038942964864,115.21917790174,1.2999999523163,1,170,Bangunan,170100,Bangunan Berpenghuni,2023-06-13 06:56:13,2023-06-13 10:45:01,Ni Made Sri purwantini,https://wilkerstat.bps.go.id/api/landmark/67028371/photo,MADE MANDYU,1,"[3, 4]"
67028377,3QK8FY,30,200,BANJARKIADAN,5103060006,-8.3038660967933,115.2192627266,1.6000000238419,1,170,Bangunan,170100,Bangunan Berpenghuni,2023-06-13 06:57:52,2023-06-13 10:45:01,Ni Made Sri purwantini,https://wilkerstat.bps.go.id/api/landmark/67028377/photo,WAYAN ASA,1,"[2, 3, 4]"
67028384,3QK8G8,31,200,BANJARKIADAN,5103060006,-8.3039883333333,115.21931333333,1.3999999761581,1,170,Bangunan,170100,Bangunan Berpenghuni,2023-06-13 06:58:28,2023-06-13 10:45:02,Ni Made Sri purwantini,https://wilkerstat.bps.go.id/api/landmark/67028384/photo,I NYOMAN MUNENG,2,"[2, 3, 4]"
67028385,3QK8G9,32,200,BANJARKIADAN,5103060006,-8.3040066666667,115.21944666667,1.6000000238419,1,170,Bangunan,170100,Bangunan Berpenghuni,2023-06-13 06:59:05,2023-06-13 10:45:02,Ni Made Sri purwantini,https://wilkerstat.bps.go.id/api/landmark/67028385/photo,MADE LANDES,1,"[2, 3, 4]"
67028387,3QK8GB,33,200,BANJARKIADAN,5103060006,-8.3036316666667,115.21910666667,2.2000000476837,1,170,Bangunan,170100,Bangunan Berpenghuni,2023-06-13 07:03:09,2023-06-13 10:45:02,Ni Made Sri purwantini,https://wilkerstat.bps.go.id/api/landmark/67028387/photo,KT SUARDANA,1,"[4, 5]"
67028392,3QK8GG,34,200,BANJARKIADAN,5103060006,-8.3036333333333,115.21910333333,1.7999999523163,1,170,Bangunan,170100,Bangunan Berpenghuni,2023-06-13 07:04:46,2023-06-13 10:45:03,Ni Made Sri purwantini,https://wilkerstat.bps.go.id/api/landmark/67028392/photo,MD TIRTA,1,"[2, 3, 4]"
67028396,3QK8GK,35,200,BANJARKIADAN,5103060006,-8.3035366666667,115.21915,1.2000000476837,1,170,Bangunan,170100,Bangunan Berpenghuni,2023-06-13 07:06:46,2023-06-13 10:45:03,Ni Made Sri purwantini,https://wilkerstat.bps.go.id/api/landmark/67028396/photo,WAYAN SUPARTA,1,"[2, 3, 4]"
67028402,3QK8GQ,36,200,BANJARKIADAN,5103060006,-8.3036166666667,115.21927833333,1.8999999761581,1,170,Bangunan,170100,Bangunan Berpenghuni,2023-06-13 07:10:29,2023-06-13 10:45:03,Ni Made Sri purwantini,https://wilkerstat.bps.go.id/api/landmark/67028402/photo,KETUT  SAYA ,1,"[2, 3, 4]"
67028409,3QK8GX,37,200,BANJARKIADAN,5103060006,-8.3037283333333,115.21931333333,1.7000000476837,1,170,Bangunan,170100,Bangunan Berpenghuni,2023-06-13 07:11:08,2023-06-13 10:45:03,Ni Made Sri purwantini,https://wilkerstat.bps.go.id/api/landmark/67028409/photo,WAYAN GAMIARTA,1,"[2, 3, 4]"
67028414,3QK8H4,38,200,BANJARKIADAN,5103060006,-8.3037716666667,115.21939666667,1.8999999761581,1,170,Bangunan,170100,Bangunan Berpenghuni,2023-06-13 07:15:02,2023-06-13 10:45:04,Ni Made Sri purwantini,https://wilkerstat.bps.go.id/api/landmark/67028414/photo,MADE MAHARDIKA,1,"[3, 4]"
67028417,3QK8H8,39,200,BANJARKIADAN,5103060006,-8.3034783333333,115.21926333333,1.2000000476837,1,170,Bangunan,170100,Bangunan Berpenghuni,2023-06-13 07:19:15,2023-06-13 10:45:04,Ni Made Sri purwantini,https://wilkerstat.bps.go.id/api/landmark/67028417/photo,MADE RAUH,1,"[3, 4]"
67028422,3QK8HD,40,200,BANJARKIADAN,5103060006,-8.3034483333333,115.21902333333,1.7000000476837,1,170,Bangunan,170100,Bangunan Berpenghuni,2023-06-13 07:22:25,2023-06-13 10:45:04,Ni Made Sri purwantini,https://wilkerstat.bps.go.id/api/landmark/67028422/photo,WAYAN SUGIANTO,1,"[1, 3]"
67028426,3QK8HH,41,200,BANJARKIADAN,5103060006,-8.3032812015252,115.21919801831,1.7999999523163,1,170,Bangunan,170100,Bangunan Berpenghuni,2023-06-13 07:25:31,2023-06-13 10:45:05,Ni Made Sri purwantini,https://wilkerstat.bps.go.id/api/landmark/67028426/photo,WAYAN SUARDA,1,"[3, 4]"
67028428,3QK8HJ,42,200,BANJARKIADAN,5103060006,-8.3034016309681,115.2192459628,1.1000000238419,1,170,Bangunan,170100,Bangunan Berpenghuni,2023-06-13 07:27:55,2023-06-13 10:45:05,Ni Made Sri purwantini,https://wilkerstat.bps.go.id/api/landmark/67028428/photo,NYOMAN SARKU,1,[4]
67821720,3R9AWO,47,200,BANJARKIADAN,5103060006,-8.3029966666667,115.21904166667,2.0999999046326,1,170,Bangunan,170100,Bangunan Berpenghuni,2023-06-14 07:18:06,2023-06-14 12:29:10,Ni Made Sri purwantini,https://wilkerstat.bps.go.id/api/landmark/67821720/photo,NI WAYAN SENIN,1,"[3, 4]"
67821728,3R9AWW,48,200,BANJARKIADAN,5103060006,-8.302985,115.21903166667,1.1000000238419,1,170,Bangunan,170100,Bangunan Berpenghuni,2023-06-14 07:18:43,2023-06-14 12:29:10,Ni Made Sri purwantini,https://wilkerstat.bps.go.id/api/landmark/67821728/photo,I KADEK WIRANATA,1,"[3, 4]"
67821734,3R9AX4,49,200,BANJARKIADAN,5103060006,-8.303055,115.21917166667,1.5,1,170,Bangunan,170100,Bangunan Berpenghuni,2023-06-14 07:19:45,2023-06-14 12:29:10,Ni Made Sri purwantini,https://wilkerstat.bps.go.id/api/landmark/67821734/photo,I NYOMAN ARDANA,1,"[3, 4, 5]"
67821737,3R9AX8,50,200,BANJARKIADAN,5103060006,-8.303145,115.219255,1.3999999761581,1,170,Bangunan,170100,Bangunan Berpenghuni,2023-06-14 07:22:15,2023-06-14 12:29:11,Ni Made Sri purwantini,https://wilkerstat.bps.go.id/api/landmark/67821737/photo,I WAYAN SEMBAH,1,"[3, 4, 5]"
67821742,3R9AXD,51,200,BANJARKIADAN,5103060006,-8.30301,115.21931833333,2.2000000476837,1,170,Bangunan,170100,Bangunan Berpenghuni,2023-06-14 07:25:33,2023-06-14 12:29:11,Ni Made Sri purwantini,https://wilkerstat.bps.go.id/api/landmark/67821742/photo,KOMANG BUDIASA,1,"[2, 3, 4]"
67821749,3R9AXK,52,200,BANJARKIADAN,5103060006,-8.3031716666667,115.2194,1.6000000238419,1,170,Bangunan,170100,Bangunan Berpenghuni,2023-06-14 07:31:41,2023-06-14 12:29:11,Ni Made Sri purwantini,https://wilkerstat.bps.go.id/api/landmark/67821749/photo,WAYAN BUSANA,1,"[3, 4]"
67821751,3R9AXM,53,200,BANJARKIADAN,5103060006,-8.3031833333333,115.21955333333,1.3999999761581,1,170,Bangunan,170100,Bangunan Berpenghuni,2023-06-14 07:34:24,2023-06-14 12:29:12,Ni Made Sri purwantini,https://wilkerstat.bps.go.id/api/landmark/67821751/photo,NYOMAN SUDIARSA,1,"[2, 3, 4]"
67821754,3R9AXP,46,200,BANJARKIADAN,5103060006,-8.3033399233243,115.21956380457,1.2000000476837,1,170,Bangunan,170100,Bangunan Berpenghuni,2023-06-14 07:35:26,2023-06-14 12:29:12,Ni Made Sri purwantini,https://wilkerstat.bps.go.id/api/landmark/67821754/photo,KT MENDRA,1,"[2, 3, 4, 5]"
67821758,3R9AXT,45,200,BANJARKIADAN,5103060006,-8.3034464187681,115.21945249289,1.6000000238419,1,170,Bangunan,170100,Bangunan Berpenghuni,2023-06-14 07:35:53,2023-06-14 12:29:12,Ni Made Sri purwantini,https://wilkerstat.bps.go.id/api/landmark/67821758/photo,WAYAN SUKANA,1,"[3, 4]"
67821761,3R9AXW,44,200,BANJARKIADAN,5103060006,-8.3033737630011,115.21949775517,1.0,1,170,Bangunan,170100,Bangunan Berpenghuni,2023-06-14 07:36:28,2023-06-14 12:29:13,Ni Made Sri purwantini,https://wilkerstat.bps.go.id/api/landmark/67821761/photo,KADEK SUDARMA,1,"[3, 4]"
67821766,3R9AY3,43,200,BANJARKIADAN,5103060006,-8.3034334800708,115.21953698248,1.2000000476837,1,170,Bangunan,170100,Bangunan Berpenghuni,2023-06-14 07:36:57,2023-06-14 12:29:13,Ni Made Sri purwantini,https://wilkerstat.bps.go.id/api/landmark/67821766/photo,WAYAN SUKAYASA,1,"[3, 4]"
68496582,3RS2N2,56,200,BANJARKIADAN,5103060006,-8.303008161632,115.21951820701,1.7999999523163,1,170,Bangunan,170100,Bangunan Berpenghuni,2023-06-15 10:21:34,2023-06-15 12:21:11,Ni Made Sri purwantini,https://wilkerstat.bps.go.id/api/landmark/68496582/photo,NYOMAN JENU YADNYA,1,"[2, 3, 4]"
68496588,3RS2N9,55,200,BANJARKIADAN,5103060006,-8.3029676866863,115.21959498525,1.6000000238419,1,170,Bangunan,170100,Bangunan Berpenghuni,2023-06-15 10:22:00,2023-06-15 12:21:11,Ni Made Sri purwantini,https://wilkerstat.bps.go.id/api/landmark/68496588/photo,I MADE WARGA,1,"[2, 3, 4]"
68496594,3RS2NF,57,200,BANJARKIADAN,5103060006,-8.30264,115.21944166667,2.2999999523163,1,170,Bangunan,170100,Bangunan Berpenghuni,2023-06-15 10:30:20,2023-06-15 12:21:11,Ni Made Sri purwantini,https://wilkerstat.bps.go.id/api/landmark/68496594/photo,I WAYAN KADER,1,"[2, 3, 4, 5]"
68496598,3RS2NJ,58,200,BANJARKIADAN,5103060006,-8.3027216666667,115.21952833333,1.7000000476837,1,170,Bangunan,170100,Bangunan Berpenghuni,2023-06-15 10:40:19,2023-06-15 12:21:11,Ni Made Sri purwantini,https://wilkerstat.bps.go.id/api/landmark/68496598/photo,KETUT SUMERTA,1,"[3, 4]"
68496602,3RS2NN,59,200,BANJARKIADAN,5103060006,-8.3027503826035,115.21958626807,1.7000000476837,1,170,Bangunan,170100,Bangunan Berpenghuni,2023-06-15 10:41:04,2023-06-15 12:21:12,Ni Made Sri purwantini,https://wilkerstat.bps.go.id/api/landmark/68496602/photo,WAYAN GATRA,1,"[3, 4]"
68496604,3RS2NP,61,200,BANJARKIADAN,5103060006,-8.3024899493077,115.21947093308,1.7000000476837,1,170,Bangunan,170100,Bangunan Berpenghuni,2023-06-15 11:00:30,2023-06-15 12:21:12,Ni Made Sri purwantini,https://wilkerstat.bps.go.id/api/landmark/68496604/photo,WAYAN SUMA,1,"[2, 3, 4]"
68496609,3RS2NU,62,200,BANJARKIADAN,5103060006,-8.3025058738963,115.21954402328,1.8999999761581,1,170,Bangunan,170100,Bangunan Berpenghuni,2023-06-15 11:01:21,2023-06-15 12:21:12,Ni Made Sri purwantini,https://wilkerstat.bps.go.id/api/landmark/68496609/photo,WAYAN REKEN ,1,"[3, 4]"
68496612,3RS2NX,63,200,BANJARKIADAN,5103060006,-8.3023774818819,115.21948970854,1.7999999523163,1,170,Bangunan,170100,Bangunan Berpenghuni,2023-06-15 11:03:23,2023-06-15 12:21:13,Ni Made Sri purwantini,https://wilkerstat.bps.go.id/api/landmark/68496612/photo,WAYAN BALIK NUANDI,1,"[3, 4]"
68496615,3RS2O2,64,200,BANJARKIADAN,5103060006,-8.3024839775868,115.21962583065,1.8999999761581,1,170,Bangunan,170100,Bangunan Berpenghuni,2023-06-15 11:04:17,2023-06-15 12:21:13,Ni Made Sri purwantini,https://wilkerstat.bps.go.id/api/landmark/68496615/photo,MADE WIRAWAN,1,"[2, 3, 4]"
69179759,3SE2YE,65,200,BANJARKIADAN,5103060006,-8.3023512726542,115.21971434355,1.7999999523163,1,170,Bangunan,170100,Bangunan Berpenghuni,2023-06-16 09:15:45,2023-06-16 12:13:28,Ni Made Sri purwantini,https://wilkerstat.bps.go.id/api/landmark/69179759/photo,NYOMAN MEJI,1,"[2, 3, 4]"
69179760,3SE2YF,66,200,BANJARKIADAN,5103060006,-8.3023233333333,115.21964666667,1.2000000476837,1,170,Bangunan,170100,Bangunan Berpenghuni,2023-06-16 09:25:09,2023-06-16 12:13:29,Ni Made Sri purwantini,https://wilkerstat.bps.go.id/api/landmark/69179760/photo,PUTU NYADNYA,1,"[3, 4]"
69179765,3SE2YK,67,200,BANJARKIADAN,5103060006,-8.302298522431,115.21959498525,1.0,1,170,Bangunan,170100,Bangunan Berpenghuni,2023-06-16 09:25:40,2023-06-16 12:13:29,Ni Made Sri purwantini,https://wilkerstat.bps.go.id/api/landmark/69179765/photo,KETUT RAI TIRTA,1,"[2, 3, 4]"
69179770,3SE2YP,68,200,BANJARKIADAN,5103060006,-8.3024123169288,115.21958258003,1.7999999523163,1,170,Bangunan,170100,Bangunan Berpenghuni,2023-06-16 09:26:12,2023-06-16 12:13:29,Ni Made Sri purwantini,https://wilkerstat.bps.go.id/api/landmark/69179770/photo,GEDE WIRATA,1,"[3, 4]"
69179774,3SE2YT,71,200,BANJARKIADAN,5103060006,-8.3016383333333,115.21916,1.5,1,170,Bangunan,170100,Bangunan Berpenghuni,2023-06-16 09:32:45,2023-06-16 12:13:29,Ni Made Sri purwantini,https://wilkerstat.bps.go.id/api/landmark/69179774/photo,KETUT GUNARTA YASA,1,"[3, 4]"
69179777,3SE2YW,73,200,BANJARKIADAN,5103060006,-8.3019466666667,115.21907,1.5,1,170,Bangunan,170100,Bangunan Berpenghuni,2023-06-16 09:37:26,2023-06-16 12:13:30,Ni Made Sri purwantini,https://wilkerstat.bps.go.id/api/landmark/69179777/photo,NYOMAN ALAM,1,"[1, 4]"
69179780,3SE2YZ,72,200,BANJARKIADAN,5103060006,-8.30192,115.21903166667,1.7999999523163,1,170,Bangunan,170100,Bangunan Berpenghuni,2023-06-16 09:39:14,2023-06-16 12:13:30,Ni Made Sri purwantini,https://wilkerstat.bps.go.id/api/landmark/69179780/photo,WAYAN  DARMIKA,1,"[3, 4, 5]"
69179787,3SE2Z9,74,200,BANJARKIADAN,5103060006,-8.3020483333333,115.219235,1.8999999761581,1,170,Bangunan,170100,Bangunan Berpenghuni,2023-06-16 09:42:28,2023-06-16 12:13:30,Ni Made Sri purwantini,https://wilkerstat.bps.go.id/api/landmark/69179787/photo,MADE ARI ANTARA,1,"[3, 4]"
69179793,3SE2ZF,75,200,BANJARKIADAN,5103060006,-8.301935,115.21932833333,1.7000000476837,1,170,Bangunan,170100,Bangunan Berpenghuni,2023-06-16 09:45:54,2023-06-16 12:13:30,Ni Made Sri purwantini,https://wilkerstat.bps.go.id/api/landmark/69179793/photo,MADE SUDIANA,2,"[2, 3, 4]"
69179797,3SE2ZJ,76,200,BANJARKIADAN,5103060006,-8.3020566666667,115.21939166667,1.2999999523163,1,170,Bangunan,170100,Bangunan Berpenghuni,2023-06-16 09:49:34,2023-06-16 12:13:31,Ni Made Sri purwantini,https://wilkerstat.bps.go.id/api/landmark/69179797/photo,I WAYAN SUWITRA,1,"[1, 3, 4, 5]"
69179805,3SE2ZR,77,200,BANJARKIADAN,5103060006,-8.3020798909274,115.2195802331,1.2000000476837,1,170,Bangunan,170100,Bangunan Berpenghuni,2023-06-16 09:53:37,2023-06-16 12:13:31,Ni Made Sri purwantini,https://wilkerstat.bps.go.id/api/landmark/69179805/photo,NYOMAN WARNA ANTARA,1,"[1, 4]"
69450531,3SLLML,78,200,BANJARKIADAN,5103060006,-8.2997771198521,115.22091362625,2.0,1,170,Bangunan,170100,Bangunan Berpenghuni,2023-06-16 18:56:39,2023-06-16 18:47:21,Ni Made Sri purwantini,https://wilkerstat.bps.go.id/api/landmark/69450531/photo,MADE SELEM ,1,"[3, 4, 5]"
69450533,3SLLMN,79,200,BANJARKIADAN,5103060006,-8.299635,115.22103833333,1.7999999523163,1,170,Bangunan,170100,Bangunan Berpenghuni,2023-06-16 19:01:38,2023-06-16 18:47:21,Ni Made Sri purwantini,https://wilkerstat.bps.go.id/api/landmark/69450533/photo,WAYAN MURDA,1,"[1, 3, 4]"
69450534,3SLLMO,80,200,BANJARKIADAN,5103060006,-8.2978754407777,115.22158082575,2.0999999046326,1,170,Bangunan,170100,Bangunan Berpenghuni,2023-06-16 19:10:08,2023-06-16 18:47:22,Ni Made Sri purwantini,https://wilkerstat.bps.go.id/api/landmark/69450534/photo,NYOMAN SUPARTA,1,"[3, 4]"
69450536,3SLLMQ,81,200,BANJARKIADAN,5103060006,-8.298982874687,115.22124186158,1.6000000238419,1,170,Bangunan,170100,Bangunan Berpenghuni,2023-06-16 19:15:28,2023-06-16 18:47:22,Ni Made Sri purwantini,https://wilkerstat.bps.go.id/api/landmark/69450536/photo,KETUT RUMIA,1,"[3, 4]"
69450538,3SLLMS,60,200,BANJARKIADAN,5103060006,-8.3025018927492,115.21975692362,1.7000000476837,1,170,Bangunan,170100,Bangunan Berpenghuni,2023-06-16 19:17:08,2023-06-16 18:47:22,Ni Made Sri purwantini,https://wilkerstat.bps.go.id/api/landmark/69450538/photo,WAYAN NEMBER,1,"[2, 3]"
69708103,3SSR5S,82,200,BANJARKIADAN,5103060006,-8.29716,115.22122333333,1.5,1,170,Bangunan,170100,Bangunan Berpenghuni,2023-06-17 09:15:10,2023-06-17 09:46:15,Ni Made Sri purwantini,https://wilkerstat.bps.go.id/api/landmark/69708103/photo,I NYOMAN LOMBOK,1,"[2, 3, 4]"
69708108,3SSR5X,84,200,BANJARKIADAN,5103060006,-8.29672,115.22182166667,1.5,1,170,Bangunan,170100,Bangunan Berpenghuni,2023-06-17 09:24:45,2023-06-17 09:46:15,Ni Made Sri purwantini,https://wilkerstat.bps.go.id/api/landmark/69708108/photo,I MADE GEDE SISWANATA NAPRIANA,1,"[2, 3]"
69708111,3SSR72,85,200,BANJARKIADAN,5103060006,-8.29607,115.2223,2.5999999046326,1,170,Bangunan,170100,Bangunan Berpenghuni,2023-06-17 09:29:54,2023-06-17 09:46:15,Ni Made Sri purwantini,https://wilkerstat.bps.go.id/api/landmark/69708111/photo,NI  MD CATRA,1,[4]
69708120,3SSR7C,96,200,BANJARKIADAN,5103060006,-8.2956595682901,115.22296283394,2.2000000476837,1,170,Bangunan,170100,Bangunan Berpenghuni,2023-06-17 09:34:12,2023-06-17 09:46:15,Ni Made Sri purwantini,https://wilkerstat.bps.go.id/api/landmark/69708120/photo,MADE SUGIANTA,1,"[2, 3, 4]"
69708127,3SSR7J,87,200,BANJARKIADAN,5103060006,-8.29653,115.22231666667,1.1000000238419,1,170,Bangunan,170100,Bangunan Berpenghuni,2023-06-17 09:37:48,2023-06-17 09:46:16,Ni Made Sri purwantini,https://wilkerstat.bps.go.id/api/landmark/69708127/photo,I KETUT LAUH,1,"[3, 4]"
69708133,3SSR7P,89,200,BANJARKIADAN,5103060006,-8.29706,115.222175,1.8999999761581,1,170,Bangunan,170100,Bangunan Berpenghuni,2023-06-17 09:44:25,2023-06-17 09:46:16,Ni Made Sri purwantini,https://wilkerstat.bps.go.id/api/landmark/69708133/photo,I WAYAN PASEK,1,"[2, 3, 4]"
69708140,3SSR7W,88,200,BANJARKIADAN,5103060006,-8.2969183333333,115.22213,1.5,1,170,Bangunan,170100,Bangunan Berpenghuni,2023-06-17 09:46:18,2023-06-17 09:46:16,Ni Made Sri purwantini,https://wilkerstat.bps.go.id/api/landmark/69708140/photo,I WAYAN SUKADANA,1,"[3, 4]"
70388004,3TEOHU,90,200,BANJARKIADAN,5103060006,-8.2972866666667,115.22208,2.2999999523163,1,170,Bangunan,170100,Bangunan Berpenghuni,2023-06-18 06:46:26,2023-06-18 11:27:31,Ni Made Sri purwantini,https://wilkerstat.bps.go.id/api/landmark/70388004/photo,NI NYOMAN KERNI,1,"[2, 3, 4]"
70388007,3TEOHX,91,200,BANJARKIADAN,5103060006,-8.29773,115.22197333333,1.2999999523163,1,170,Bangunan,170100,Bangunan Berpenghuni,2023-06-18 06:50:45,2023-06-18 11:27:31,Ni Made Sri purwantini,https://wilkerstat.bps.go.id/api/landmark/70388007/photo,I MADE TEJA,1,"[2, 3, 4]"
70388012,3TEOI4,92,200,BANJARKIADAN,5103060006,-8.29791,115.22203166667,1.0,1,170,Bangunan,170100,Bangunan Berpenghuni,2023-06-18 06:55:00,2023-06-18 11:27:31,Ni Made Sri purwantini,https://wilkerstat.bps.go.id/api/landmark/70388012/photo,NI KETUT PUTRIANI,1,"[2, 3, 4]"
70388014,3TEOI7,93,200,BANJARKIADAN,5103060006,-8.2979716666667,115.22178333333,1.3999999761581,1,170,Bangunan,170100,Bangunan Berpenghuni,2023-06-18 07:00:17,2023-06-18 11:27:32,Ni Made Sri purwantini,https://wilkerstat.bps.go.id/api/landmark/70388014/photo,WAYAN RONI SUPADMAN,1,"[2, 3, 4]"
70388016,3TEOI9,95,200,BANJARKIADAN,5103060006,-8.2985583333333,115.22170166667,1.2999999523163,1,170,Bangunan,170100,Bangunan Berpenghuni,2023-06-18 09:30:54,2023-06-18 11:27:32,Ni Made Sri purwantini,https://wilkerstat.bps.go.id/api/landmark/70388016/photo,WAYAN NASIB,1,"[2, 3, 4]"
70388023,3TEOIG,94,200,BANJARKIADAN,5103060006,-8.2982833333333,115.22164666667,1.6000000238419,1,170,Bangunan,170100,Bangunan Berpenghuni,2023-06-18 09:35:22,2023-06-18 11:27:32,Ni Made Sri purwantini,https://wilkerstat.bps.go.id/api/landmark/70388023/photo,I MADE MARDIASA,1,"[2, 3, 4]"
70388025,3TEOII,98,200,BANJARKIADAN,5103060006,-8.2995083333333,115.22139666667,1.0,1,170,Bangunan,170100,Bangunan Berpenghuni,2023-06-18 09:42:26,2023-06-18 11:27:33,Ni Made Sri purwantini,https://wilkerstat.bps.go.id/api/landmark/70388025/photo,WAYAN SUKADA,1,"[3, 4]"
70388031,3TEOIO,97,200,BANJARKIADAN,5103060006,-8.2991066666667,115.22142166667,1.3999999761581,1,170,Bangunan,170100,Bangunan Berpenghuni,2023-06-18 09:45:37,2023-06-18 11:27:33,Ni Made Sri purwantini,https://wilkerstat.bps.go.id/api/landmark/70388031/photo,I MADE SUKADI,1,"[2, 3, 4]"
70388032,3TEOIP,99,200,BANJARKIADAN,5103060006,-8.3002016666667,115.22118166667,1.0,1,170,Bangunan,170100,Bangunan Berpenghuni,2023-06-18 09:53:05,2023-06-18 11:27:33,Ni Made Sri purwantini,https://wilkerstat.bps.go.id/api/landmark/70388032/photo,I NYOMAN ENDRA DINAMIKA,1,"[2, 3, 4, 5]"
70388034,3TEOIR,100,200,BANJARKIADAN,5103060006,-8.3007383333333,115.22103,2.2000000476837,1,170,Bangunan,170100,Bangunan Berpenghuni,2023-06-18 09:59:01,2023-06-18 11:27:33,Ni Made Sri purwantini,https://wilkerstat.bps.go.id/api/landmark/70388034/photo,MADE TARAM,1,"[2, 3, 4, 5]"
70388037,3TEOIU,101,200,BANJARKIADAN,5103060006,-8.30132,115.22074833333,2.2999999523163,1,170,Bangunan,170100,Bangunan Berpenghuni,2023-06-18 10:02:09,2023-06-18 11:27:34,Ni Made Sri purwantini,https://wilkerstat.bps.go.id/api/landmark/70388037/photo,KETUT SOMO,1,"[1, 3, 5]"
70388041,3TEOIY,102,200,BANJARKIADAN,5103060006,-8.30152,115.22084,1.1000000238419,1,170,Bangunan,170100,Bangunan Berpenghuni,2023-06-18 10:06:18,2023-06-18 11:27:34,Ni Made Sri purwantini,https://wilkerstat.bps.go.id/api/landmark/70388041/photo,I WAYAN SUKRA,1,"[2, 3, 4]"
70388046,3TEOJ5,104,200,BANJARKIADAN,5103060006,-8.3020083333333,115.22049666667,1.3999999761581,1,170,Bangunan,170100,Bangunan Berpenghuni,2023-06-18 10:12:25,2023-06-18 11:27:34,Ni Made Sri purwantini,https://wilkerstat.bps.go.id/api/landmark/70388046/photo,MADE ARTANA,1,"[3, 4]"
70388051,3TEOJB,105,200,BANJARKIADAN,5103060006,-8.3023583333333,115.22042666667,1.0,1,170,Bangunan,170100,Bangunan Berpenghuni,2023-06-18 10:20:01,2023-06-18 11:27:34,Ni Made Sri purwantini,https://wilkerstat.bps.go.id/api/landmark/70388051/photo,NI WAYAN INTAN,1,[3]
70388055,3TEOJF,106,200,BANJARKIADAN,5103060006,-8.3023133333333,115.22051,1.7000000476837,1,170,Bangunan,170100,Bangunan Berpenghuni,2023-06-18 10:20:53,2023-06-18 11:27:35,Ni Made Sri purwantini,https://wilkerstat.bps.go.id/api/landmark/70388055/photo,I NYOMAN KARANG,1,"[2, 3, 4]"
70820814,3TQPWC,107,200,BANJARKIADAN,5103060006,-8.302575,115.22043833333,2.0999999046326,1,170,Bangunan,170100,Bangunan Berpenghuni,2023-06-18 18:02:39,2023-06-18 22:03:15,Ni Made Sri purwantini,https://wilkerstat.bps.go.id/api/landmark/70820814/photo,WAYAN BAGIARTA,1,"[2, 3]"
70820818,3TQPWG,108,200,BANJARKIADAN,5103060006,-8.30316,115.220325,2.0999999046326,1,170,Bangunan,170100,Bangunan Berpenghuni,2023-06-18 18:10:53,2023-06-18 22:03:15,Ni Made Sri purwantini,https://wilkerstat.bps.go.id/api/landmark/70820818/photo,KETUT NURJA,1,"[3, 4]"
70820821,3TQPWJ,109,200,BANJARKIADAN,5103060006,-8.3032783333333,115.22019,2.2999999523163,1,170,Bangunan,170100,Bangunan Berpenghuni,2023-06-18 18:15:12,2023-06-18 22:03:15,Ni Made Sri purwantini,https://wilkerstat.bps.go.id/api/landmark/70820821/photo,I KETUT GARA,1,"[2, 3, 4]"
70820824,3TQPWM,110,200,BANJARKIADAN,5103060006,-8.3034533333333,115.220225,2.0999999046326,1,170,Bangunan,170100,Bangunan Berpenghuni,2023-06-18 18:19:37,2023-06-18 22:03:15,Ni Made Sri purwantini,https://wilkerstat.bps.go.id/api/landmark/70820824/photo,MADE WEDA YADNYA,1,"[2, 3, 4, 5]"
70820827,3TQPWP,111,200,BANJARKIADAN,5103060006,-8.3034733333333,115.22053166667,1.7999999523163,1,170,Bangunan,170100,Bangunan Berpenghuni,2023-06-18 18:25:59,2023-06-18 22:03:16,Ni Made Sri purwantini,https://wilkerstat.bps.go.id/api/landmark/70820827/photo,I KETUT GAWA,1,"[2, 3, 4]"
70820831,3TQPWT,112,200,BANJARKIADAN,5103060006,-8.3035016666667,115.220715,1.5,1,170,Bangunan,170100,Bangunan Berpenghuni,2023-06-18 18:29:45,2023-06-18 22:03:16,Ni Made Sri purwantini,https://wilkerstat.bps.go.id/api/landmark/70820831/photo,I NYOMAN LABA,1,"[2, 3, 4]"
70820835,3TQPWX,113,200,BANJARKIADAN,5103060006,-8.30291,115.22033333333,1.7999999523163,1,170,Bangunan,170100,Bangunan Berpenghuni,2023-06-18 18:34:57,2023-06-18 22:03:16,Ni Made Sri purwantini,https://wilkerstat.bps.go.id/api/landmark/70820835/photo,WAYAN DIBIASA,1,"[2, 3, 4]"
70820841,3TQPX5,114,200,BANJARKIADAN,5103060006,-8.3027683333333,115.22034166667,1.8999999761581,1,170,Bangunan,170100,Bangunan Berpenghuni,2023-06-18 18:38:36,2023-06-18 22:03:16,Ni Made Sri purwantini,https://wilkerstat.bps.go.id/api/landmark/70820841/photo,I KETUT BERIT,1,"[3, 4, 5]"
70820849,3TQPXE,115,200,BANJARKIADAN,5103060006,-8.3027133333333,115.22037333333,1.7000000476837,1,170,Bangunan,170100,Bangunan Berpenghuni,2023-06-18 18:40:57,2023-06-18 22:03:17,Ni Made Sri purwantini,https://wilkerstat.bps.go.id/api/landmark/70820849/photo,MADE PASEK,1,"[3, 4]"
79330876,42WJHY,117,200,BANJARKIADAN,5103060006,-8.3034616666667,115.22008833333,1.7000000476837,1,170,Bangunan,170100,Bangunan Berpenghuni,2023-07-04 11:28:50,2023-07-07 10:48:48,Ni Made Sri purwantini,https://wilkerstat.bps.go.id/api/landmark/79330876/photo,NI MADE SITI,1,"[3, 4]"
79335377,42WNME,116,200,BANJARKIADAN,5103060006,-8.3034833333333,115.22112833333,1.7999999523163,1,170,Bangunan,170100,Bangunan Berpenghuni,2023-07-04 11:24:50,2023-07-07 11:01:21,Ni Made Sri purwantini,https://wilkerstat.bps.go.id/api/landmark/79335377/photo,NYOMAN BADJRA,1,"[3, 4, 5]"
79347435,42WYOR,118,200,BANJARKIADAN,5103060006,-8.3036179394065,115.22009924054,1.6000000238419,1,170,Bangunan,170100,Bangunan Berpenghuni,2023-07-04 11:29:47,2023-07-07 11:37:56,Ni Made Sri purwantini,https://wilkerstat.bps.go.id/api/landmark/79347435/photo,MADE YASTRA,1,"[2, 3, 4]"
79356929,42XAFH,119,200,BANJARKIADAN,5103060006,-8.3037241030136,115.22009354085,1.5,1,170,Bangunan,170100,Bangunan Berpenghuni,2023-07-04 11:31:01,2023-07-07 12:09:46,Ni Made Sri purwantini,https://wilkerstat.bps.go.id/api/landmark/79356929/photo,MADE WILARTA,1,"[2, 3, 4]"
79356934,42XAFM,121,200,BANJARKIADAN,5103060006,-8.3039659568739,115.22003486753,1.5,1,170,Bangunan,170100,Bangunan Berpenghuni,2023-07-04 11:32:02,2023-07-07 12:09:47,Ni Made Sri purwantini,https://wilkerstat.bps.go.id/api/landmark/79356934/photo,WAYAN WARSA,1,"[2, 3, 4]"
79356936,42XAFO,122,200,BANJARKIADAN,5103060006,-8.3038627791822,115.22005666047,1.3999999761581,1,170,Bangunan,170100,Bangunan Berpenghuni,2023-07-04 11:32:27,2023-07-07 12:09:47,Ni Made Sri purwantini,https://wilkerstat.bps.go.id/api/landmark/79356936/photo,MADE SUKERNA,1,"[3, 4, 5]"
79356938,42XAFQ,123,200,BANJARKIADAN,5103060006,-8.3046205208267,115.21997284144,1.1000000238419,1,170,Bangunan,170100,Bangunan Berpenghuni,2023-07-04 11:33:38,2023-07-07 12:09:47,Ni Made Sri purwantini,https://wilkerstat.bps.go.id/api/landmark/79356938/photo,MADE SUASTIKA,1,"[2, 3, 4]"
79356941,42XAFT,125,200,BANJARKIADAN,5103060006,-8.302455,115.21999666667,1.7999999523163,1,170,Bangunan,170100,Bangunan Berpenghuni,2023-07-04 11:36:38,2023-07-07 12:09:48,Ni Made Sri purwantini,https://wilkerstat.bps.go.id/api/landmark/79356941/photo,KETUT BANDUNG,1,"[2, 3, 4]"
79356945,42XAFX,124,200,BANJARKIADAN,5103060006,-8.3024693800464,115.2199453488,1.3999999761581,1,170,Bangunan,170100,Bangunan Berpenghuni,2023-07-04 11:38:46,2023-07-07 12:09:48,Ni Made Sri purwantini,https://wilkerstat.bps.go.id/api/landmark/79356945/photo,KADEK MERTA,1,"[2, 3, 4]"
79356947,42XAFZ,150,200,BANJARKIADAN,5103060006,-8.30252,115.22020833333,1.7999999523163,1,170,Bangunan,170100,Bangunan Berpenghuni,2023-07-04 11:42:10,2023-07-07 12:09:48,Ni Made Sri purwantini,https://wilkerstat.bps.go.id/api/landmark/79356947/photo,MADE JAPA,1,"[2, 3, 4]"
79356952,42XAG7,120,200,BANJARKIADAN,5103060006,-8.302485,115.22018833333,1.2000000476837,1,170,Bangunan,170100,Bangunan Berpenghuni,2023-07-04 11:43:49,2023-07-07 12:09:49,Ni Made Sri purwantini,https://wilkerstat.bps.go.id/api/landmark/79356952/photo,I GEDE ARIMBAWA,1,"[2, 3, 4]"
79356956,42XAGB,126,200,BANJARKIADAN,5103060006,-8.30268,115.22017,1.7999999523163,1,170,Bangunan,170100,Bangunan Berpenghuni,2023-07-04 11:48:06,2023-07-07 12:09:49,Ni Made Sri purwantini,https://wilkerstat.bps.go.id/api/landmark/79356956/photo,MADE DANIA,1,"[3, 4, 5]"
79356959,42XAGE,127,200,BANJARKIADAN,5103060006,-8.3026866666667,115.22012166667,1.7999999523163,1,170,Bangunan,170100,Bangunan Berpenghuni,2023-07-04 11:48:45,2023-07-07 12:09:49,Ni Made Sri purwantini,https://wilkerstat.bps.go.id/api/landmark/79356959/photo,MADE SUGIARTA,1,"[3, 4, 5]"
79356963,42XAGI,128,200,BANJARKIADAN,5103060006,-8.3026681056064,115.21994601935,1.8999999761581,1,170,Bangunan,170100,Bangunan Berpenghuni,2023-07-04 11:49:26,2023-07-07 12:09:49,Ni Made Sri purwantini,https://wilkerstat.bps.go.id/api/landmark/79356963/photo,WAYAN GUNARTA,1,"[3, 4, 5]"
79356967,42XAGM,129,200,BANJARKIADAN,5103060006,-8.3026333333333,115.21999666667,1.6000000238419,1,170,Bangunan,170100,Bangunan Berpenghuni,2023-07-04 11:49:52,2023-07-07 12:09:50,Ni Made Sri purwantini,https://wilkerstat.bps.go.id/api/landmark/79356967/photo,NTOMAN JUTA,1,"[3, 4, 5]"
79356973,42XAGS,130,200,BANJARKIADAN,5103060006,-8.302902993117,115.21989606321,1.0,1,170,Bangunan,170100,Bangunan Berpenghuni,2023-07-04 11:51:26,2023-07-07 12:09:50,Ni Made Sri purwantini,https://wilkerstat.bps.go.id/api/landmark/79356973/photo,I GEDE GUNAWAN,2,"[3, 4]"
79356976,42XAGV,131,200,BANJARKIADAN,5103060006,-8.302878774496,115.2200268209,1.0,1,170,Bangunan,170100,Bangunan Berpenghuni,2023-07-04 11:52:00,2023-07-07 12:09:50,Ni Made Sri purwantini,https://wilkerstat.bps.go.id/api/landmark/79356976/photo,NYOMAN SUKAWENA,1,"[3, 4, 5]"
79356981,42XAH2,132,200,BANJARKIADAN,5103060006,-8.3029802936371,115.21991349757,1.0,1,170,Bangunan,170100,Bangunan Berpenghuni,2023-07-04 11:52:26,2023-07-07 12:09:51,Ni Made Sri purwantini,https://wilkerstat.bps.go.id/api/landmark/79356981/photo,NYOMAN SUGIANYAR,1,"[3, 4, 5]"
79356992,42XAHE,133,200,BANJARKIADAN,5103060006,-8.3028566666667,115.21984333333,1.0,1,170,Bangunan,170100,Bangunan Berpenghuni,2023-07-04 11:52:47,2023-07-07 12:09:52,Ni Made Sri purwantini,https://wilkerstat.bps.go.id/api/landmark/79356992/photo,KETUT NAWA,1,"[1, 2, 3, 4]"
79356996,42XAHI,134,200,BANJARKIADAN,5103060006,-8.3029524256402,115.21982431412,1.7000000476837,1,170,Bangunan,170100,Bangunan Berpenghuni,2023-07-04 11:53:09,2023-07-07 12:09:52,Ni Made Sri purwantini,https://wilkerstat.bps.go.id/api/landmark/79356996/photo,WAYAN BAKTI,1,"[2, 3, 4, 5]"
79356999,42XAHL,135,200,BANJARKIADAN,5103060006,-8.3028319960594,115.21995607764,1.7000000476837,1,170,Bangunan,170100,Bangunan Berpenghuni,2023-07-04 11:53:29,2023-07-07 12:09:52,Ni Made Sri purwantini,https://wilkerstat.bps.go.id/api/landmark/79356999/photo,KETUT SUADA,1,"[2, 3, 4]"
79357001,42XAHN,136,200,BANJARKIADAN,5103060006,-8.3029431363074,115.21997150034,1.2999999523163,1,170,Bangunan,170100,Bangunan Berpenghuni,2023-07-04 11:54:00,2023-07-07 12:09:53,Ni Made Sri purwantini,https://wilkerstat.bps.go.id/api/landmark/79357001/photo,WAYAN UDANA,1,"[2, 3, 4, 5]"
79357003,42XAHP,137,200,BANJARKIADAN,5103060006,-8.303045,115.21974333333,1.7999999523163,1,170,Bangunan,170100,Bangunan Berpenghuni,2023-07-04 13:24:13,2023-07-07 12:09:53,Ni Made Sri purwantini,https://wilkerstat.bps.go.id/api/landmark/79357003/photo,MADE SUKA ARSANA,1,"[3, 4, 5]"
79357006,42XAHS,138,200,BANJARKIADAN,5103060006,-8.3032294467119,115.21986421198,2.2000000476837,1,170,Bangunan,170100,Bangunan Berpenghuni,2023-07-04 13:28:17,2023-07-07 12:09:53,Ni Made Sri purwantini,https://wilkerstat.bps.go.id/api/landmark/79357006/photo,KETUT SUKA,1,"[3, 4]"
79357011,42XAHX,139,200,BANJARKIADAN,5103060006,-8.3031800142236,115.21994501352,2.0,1,170,Bangunan,170100,Bangunan Berpenghuni,2023-07-04 13:28:37,2023-07-07 12:09:54,Ni Made Sri purwantini,https://wilkerstat.bps.go.id/api/landmark/79357011/photo,KETUT WENDRA,1,"[2, 3, 4]"
79357015,42XAI3,140,200,BANJARKIADAN,5103060006,-8.3033090694987,115.21999061108,2.0,1,170,Bangunan,170100,Bangunan Berpenghuni,2023-07-04 13:29:08,2023-07-07 12:09:54,Ni Made Sri purwantini,https://wilkerstat.bps.go.id/api/landmark/79357015/photo,NYOMAN KARTU,2,"[3, 4, 5]"
79357019,42XAI8,141,200,BANJARKIADAN,5103060006,-8.3033359421856,115.219893381,1.8999999761581,1,170,Bangunan,170100,Bangunan Berpenghuni,2023-07-04 13:30:01,2023-07-07 12:09:54,Ni Made Sri purwantini,https://wilkerstat.bps.go.id/api/landmark/79357019/photo,KOMANG KERTIASA,1,"[3, 4]"
79357020,42XAI9,142,200,BANJARKIADAN,5103060006,-8.3035542412284,115.21985884756,1.8999999761581,1,170,Bangunan,170100,Bangunan Berpenghuni,2023-07-04 13:33:23,2023-07-07 12:09:55,Ni Made Sri purwantini,https://wilkerstat.bps.go.id/api/landmark/79357020/photo,NI MADE RUSNI,1,"[3, 4]"
79357023,42XAIC,143,200,BANJARKIADAN,5103060006,-8.303528695602,115.21979212761,1.7999999523163,1,170,Bangunan,170100,Bangunan Berpenghuni,2023-07-04 13:34:39,2023-07-07 12:09:55,Ni Made Sri purwantini,https://wilkerstat.bps.go.id/api/landmark/79357023/photo,WAYAN TIASA,1,"[3, 4, 5]"
79357025,42XAIE,144,200,BANJARKIADAN,5103060006,-8.30349054304,115.21970964968,1.1000000238419,1,170,Bangunan,170100,Bangunan Berpenghuni,2023-07-04 13:35:11,2023-07-07 12:09:55,Ni Made Sri purwantini,https://wilkerstat.bps.go.id/api/landmark/79357025/photo,KT YASA,1,"[3, 4]"
79357027,42XAIG,151,200,BANJARKIADAN,5103060006,-8.3034358024011,115.21982498467,1.2999999523163,1,170,Bangunan,170100,Bangunan Berpenghuni,2023-07-04 13:35:41,2023-07-07 12:09:55,Ni Made Sri purwantini,https://wilkerstat.bps.go.id/api/landmark/79357027/photo,MADE DAWAN,1,"[3, 4]"
79357032,42XAIL,145,200,BANJARKIADAN,5103060006,-8.3036939127408,115.21968282759,1.8999999761581,1,170,Bangunan,170100,Bangunan Berpenghuni,2023-07-04 13:38:08,2023-07-07 12:09:56,Ni Made Sri purwantini,https://wilkerstat.bps.go.id/api/landmark/79357032/photo,MADE SUAMBA,1,"[2, 3, 4]"
79357034,42XAIN,146,200,BANJARKIADAN,5103060006,-8.3037493168661,115.21985817701,1.2999999523163,1,170,Bangunan,170100,Bangunan Berpenghuni,2023-07-04 13:39:04,2023-07-07 12:09:56,Ni Made Sri purwantini,https://wilkerstat.bps.go.id/api/landmark/79357034/photo,KT DIKY SUDARSANA,1,"[3, 4]"
79357037,42XAIQ,147,200,BANJARKIADAN,5103060006,-8.3036872775157,115.21978475153,1.8999999761581,1,170,Bangunan,170100,Bangunan Berpenghuni,2023-07-04 13:39:58,2023-07-07 12:09:56,Ni Made Sri purwantini,https://wilkerstat.bps.go.id/api/landmark/79357037/photo,MADE GUNARTA,1,"[3, 4]"
79357038,42XAIR,148,200,BANJARKIADAN,5103060006,-8.3038342477257,115.21982431412,1.8999999761581,1,170,Bangunan,170100,Bangunan Berpenghuni,2023-07-04 13:40:52,2023-07-07 12:09:57,Ni Made Sri purwantini,https://wilkerstat.bps.go.id/api/landmark/79357038/photo,WAYAN LEBIH,1,"[3, 4]"
79357039,42XAIS,149,200,BANJARKIADAN,5103060006,-8.3038007398497,115.21970696747,1.7999999523163,1,170,Bangunan,170100,Bangunan Berpenghuni,2023-07-04 13:41:20,2023-07-07 12:09:57,Ni Made Sri purwantini,https://wilkerstat.bps.go.id/api/landmark/79357039/photo,KETUT KARNU,1,"[3, 4]"
79357043,42XAIW,152,200,BANJARKIADAN,5103060006,-8.304895,115.22025833333,2.5999999046326,1,170,Bangunan,170100,Bangunan Berpenghuni,2023-07-04 17:53:15,2023-07-07 12:09:57,Ni Made Sri purwantini,https://wilkerstat.bps.go.id/api/landmark/79357043/photo,GEDE SUPRAPTA,1,"[2, 3, 5]"
79357046,42XAIZ,153,200,BANJARKIADAN,5103060006,-8.3050633333333,115.21993833333,1.3999999761581,1,170,Bangunan,170100,Bangunan Berpenghuni,2023-07-04 17:56:55,2023-07-07 12:09:57,Ni Made Sri purwantini,https://wilkerstat.bps.go.id/api/landmark/79357046/photo,WAYAN SUWIRTA,1,"[3, 4, 5]"
79357048,42XAJ3,154,200,BANJARKIADAN,5103060006,-8.3012166666667,115.221495,1.1000000238419,1,170,Bangunan,170100,Bangunan Berpenghuni,2023-07-04 18:02:37,2023-07-07 12:09:58,Ni Made Sri purwantini,https://wilkerstat.bps.go.id/api/landmark/79357048/photo,I MADE PANDE SUMARA,1,[4]
79798361,43CJR8,155,200,BANJARKIADAN,5103060006,-8.3039066666667,115.22240333333,1.7999999523163,1,170,Bangunan,170100,Bangunan Berpenghuni,2023-07-08 07:42:32,2023-07-08 17:20:50,Ni Made Sri purwantini,https://wilkerstat.bps.go.id/api/landmark/79798361/photo,MADE WIRIANTA,1,"[2, 3, 4, 5]"
79798364,43CJRB,156,200,BANJARKIADAN,5103060006,-8.3041616666667,115.21963833333,1.7000000476837,1,170,Bangunan,170100,Bangunan Berpenghuni,2023-07-08 07:49:20,2023-07-08 17:20:50,Ni Made Sri purwantini,https://wilkerstat.bps.go.id/api/landmark/79798364/photo,WAYAN WINDYU,1,"[3, 4, 5]"
79798367,43CJRE,157,200,BANJARKIADAN,5103060006,-8.3043086658612,115.21972876042,1.6000000238419,1,170,Bangunan,170100,Bangunan Berpenghuni,2023-07-08 07:55:45,2023-07-08 17:20:50,Ni Made Sri purwantini,https://wilkerstat.bps.go.id/api/landmark/79798367/photo,WAYAN SUDARMA,1,"[2, 3, 5]"
79798370,43CJRH,158,200,BANJARKIADAN,5103060006,-8.3042459630775,115.21973680705,1.2999999523163,1,170,Bangunan,170100,Bangunan Berpenghuni,2023-07-08 07:57:37,2023-07-08 17:20:50,Ni Made Sri purwantini,https://wilkerstat.bps.go.id/api/landmark/79798370/photo,MADE  SILA,1,[4]
79798373,43CJRK,159,200,BANJARKIADAN,5103060006,-8.3042446360344,115.21982297301,1.2999999523163,1,170,Bangunan,170100,Bangunan Berpenghuni,2023-07-08 07:59:30,2023-07-08 17:20:51,Ni Made Sri purwantini,https://wilkerstat.bps.go.id/api/landmark/79798373/photo,WAYAN MEJA,1,"[3, 4, 5]"
79798377,43CJRO,161,200,BANJARKIADAN,5103060006,-8.30434,115.219555,1.3999999761581,1,170,Bangunan,170100,Bangunan Berpenghuni,2023-07-08 08:03:08,2023-07-08 17:20:51,Ni Made Sri purwantini,https://wilkerstat.bps.go.id/api/landmark/79798377/photo,NI NYOMAN SUWITA,1,"[2, 3]"
79798381,43CJRS,162,200,BANJARKIADAN,5103060006,-8.3043348749582,115.21984040737,2.2999999523163,1,170,Bangunan,170100,Bangunan Berpenghuni,2023-07-08 08:05:39,2023-07-08 17:20:51,Ni Made Sri purwantini,https://wilkerstat.bps.go.id/api/landmark/79798381/photo,WAYAN MANDIA,1,"[3, 4]"
79798383,43CJRU,164,200,BANJARKIADAN,5103060006,-8.3064066666667,115.21980166667,1.1000000238419,1,170,Bangunan,170100,Bangunan Berpenghuni,2023-07-08 08:11:44,2023-07-08 17:20:51,Ni Made Sri purwantini,https://wilkerstat.bps.go.id/api/landmark/79798383/photo,WAYAN GEDE SUBAWA,1,"[2, 3, 4]"
80414199,43TOAX,160,200,BANJARKIADAN,5103060006,-8.3041643499156,115.21988566965,2.0999999046326,1,170,Bangunan,170100,Bangunan Berpenghuni,2023-07-09 10:13:24,2023-07-10 11:56:15,Ni Made Sri purwantini,https://wilkerstat.bps.go.id/api/landmark/80414199/photo,KETUT SUKA WIJAYA,1,"[2, 3, 4, 5]"
80414201,43TOAZ,163,200,BANJARKIADAN,5103060006,-8.3044071987866,115.21987024695,1.7000000476837,1,170,Bangunan,170100,Bangunan Berpenghuni,2023-07-09 10:14:00,2023-07-10 11:56:15,Ni Made Sri purwantini,https://wilkerstat.bps.go.id/api/landmark/80414201/photo,WAYAN DARMAWAN,1,"[3, 4]"
80414202,43TOB2,165,200,BANJARKIADAN,5103060006,-8.3053258429519,115.21966606379,1.0,1,170,Bangunan,170100,Bangunan Berpenghuni,2023-07-09 10:17:38,2023-07-10 11:56:15,Ni Made Sri purwantini,https://wilkerstat.bps.go.id/api/landmark/80414202/photo,WAYAN SUDITA,1,"[2, 3, 4, 5]"
80414204,43TOB4,166,200,BANJARKIADAN,5103060006,-8.305645,115.21987333333,1.7000000476837,1,170,Bangunan,170100,Bangunan Berpenghuni,2023-07-09 10:20:40,2023-07-10 11:56:15,Ni Made Sri purwantini,https://wilkerstat.bps.go.id/api/landmark/80414204/photo,I MADE SUGIANA,1,"[2, 3]"
80414205,43TOB5,167,200,BANJARKIADAN,5103060006,-8.3059433333333,115.2199,1.0,1,170,Bangunan,170100,Bangunan Berpenghuni,2023-07-09 10:24:26,2023-07-10 11:56:16,Ni Made Sri purwantini,https://wilkerstat.bps.go.id/api/landmark/80414205/photo,MADE MAWAR,1,"[3, 4]"
80414207,43TOB8,169,200,BANJARKIADAN,5103060006,-8.3062418308942,115.2199916169,1.7000000476837,1,170,Bangunan,170100,Bangunan Berpenghuni,2023-07-09 10:28:29,2023-07-10 11:56:16,Ni Made Sri purwantini,https://wilkerstat.bps.go.id/api/landmark/80414207/photo,NYOMAN BUDIASA,1,"[2, 3, 4]"
80414208,43TOB9,170,200,BANJARKIADAN,5103060006,-8.3063091779856,115.22005867213,1.5,1,170,Bangunan,170100,Bangunan Berpenghuni,2023-07-09 10:29:35,2023-07-10 11:56:16,Ni Made Sri purwantini,https://wilkerstat.bps.go.id/api/landmark/80414208/photo,WAYAN SIDA LAKSANA,1,"[2, 3, 4, 5]"
80414209,43TOBA,54,200,BANJARKIADAN,5103060006,-8.3070033333333,115.22066333333,1.2000000476837,1,170,Bangunan,170100,Bangunan Berpenghuni,2023-07-09 10:41:40,2023-07-10 11:56:17,Ni Made Sri purwantini,https://wilkerstat.bps.go.id/api/landmark/80414209/photo,KETUT SUMARSA,1,"[2, 3, 4]"
80414211,43TOBC,171,200,BANJARKIADAN,5103060006,-8.3070340708239,115.22049419582,1.8999999761581,1,170,Bangunan,170100,Bangunan Berpenghuni,2023-07-09 10:49:31,2023-07-10 11:56:17,Ni Made Sri purwantini,https://wilkerstat.bps.go.id/api/landmark/80414211/photo,NYOMAN GEDE ANTARA YASA,1,"[2, 3, 4, 5]"
80414214,43TOBF,172,200,BANJARKIADAN,5103060006,-8.3069328844898,115.22048212588,2.0,1,170,Bangunan,170100,Bangunan Berpenghuni,2023-07-09 10:51:08,2023-07-10 11:56:17,Ni Made Sri purwantini,https://wilkerstat.bps.go.id/api/landmark/80414214/photo,NI NYOMAN ANTARI,1,"[1, 3, 4]"
80414215,43TOBG,173,200,BANJARKIADAN,5103060006,-8.307535,115.220595,1.0,1,170,Bangunan,170100,Bangunan Berpenghuni,2023-07-09 10:55:56,2023-07-10 11:56:17,Ni Made Sri purwantini,https://wilkerstat.bps.go.id/api/landmark/80414215/photo,KETUT NAUSA,1,"[2, 3, 4, 5]"
80414217,43TOBI,174,200,BANJARKIADAN,5103060006,-8.308372713804,115.22071145475,1.1000000238419,1,170,Bangunan,170100,Bangunan Berpenghuni,2023-07-09 11:11:13,2023-07-10 11:56:18,Ni Made Sri purwantini,https://wilkerstat.bps.go.id/api/landmark/80414217/photo,WAYAN SUKARTA,1,"[2, 3, 4, 5]"
80414220,43TOBL,168,200,BANJARKIADAN,5103060006,-8.3083829982801,115.22063300014,1.7000000476837,1,170,Bangunan,170100,Bangunan Berpenghuni,2023-07-09 11:12:05,2023-07-10 11:56:18,Ni Made Sri purwantini,https://wilkerstat.bps.go.id/api/landmark/80414220/photo,WAYAN WARDIKA,1,"[2, 3, 4, 5]"
80414223,43TOBO,175,200,BANJARKIADAN,5103060006,-8.3083153197873,115.2206658572,1.7000000476837,1,170,Bangunan,170100,Bangunan Berpenghuni,2023-07-09 11:12:07,2023-07-10 11:56:18,Ni Made Sri purwantini,https://wilkerstat.bps.go.id/api/landmark/80414223/photo,KADEK TONI HERMAWAN,1,"[2, 3, 4, 5]"
80414226,43TOBR,69,200,BANJARKIADAN,5103060006,-8.301255,115.21975666667,1.0,1,170,Bangunan,170100,Bangunan Berpenghuni,2023-07-09 11:16:35,2023-07-10 11:56:18,Ni Made Sri purwantini,https://wilkerstat.bps.go.id/api/landmark/80414226/photo,WAYAN SUDIKA ARSANA,1,"[3, 4]"
80414229,43TOBU,176,200,BANJARKIADAN,5103060006,-8.3019416666667,115.22340166667,1.1000000238419,1,170,Bangunan,170100,Bangunan Berpenghuni,2023-07-09 11:22:05,2023-07-10 11:56:19,Ni Made Sri purwantini,https://wilkerstat.bps.go.id/api/landmark/80414229/photo,NYOMAN WIJANTARA,1,"[2, 3, 4, 5]"
85088743,48RQRS,179,200,BANJARKIADAN,5103060006,-8.3037783333333,115.21950833333,1.7000000476837,1,170,Bangunan,170100,Bangunan Berpenghuni,2023-07-20 12:52:13,2023-07-20 18:16:41,Ni Made Sri purwantini,https://wilkerstat.bps.go.id/api/landmark/85088743/photo,NI WAYAN RUSA,1,"[3, 4]"
85090152,48RS3I,180,200,BANJARKIADAN,5103060006,-8.2990516666667,115.22181666667,1.1000000238419,1,170,Bangunan,170100,Bangunan Berpenghuni,2023-07-20 12:55:04,2023-07-20 18:19:03,Ni Made Sri purwantini,https://wilkerstat.bps.go.id/api/landmark/85090152/photo,NI MADE SENDRI,1,"[3, 4, 5]"
85099767,48S2VU,178,200,BANJARKIADAN,5103060006,-8.3024033333333,115.21985,1.6000000238419,1,170,Bangunan,170100,Bangunan Berpenghuni,2023-07-20 12:53:20,2023-07-20 18:39:03,Ni Made Sri purwantini,https://wilkerstat.bps.go.id/api/landmark/85099767/photo,I NYOMAN CAYA,1,"[2, 3, 4]"
85101078,48S44L,177,200,BANJARKIADAN,5103060006,-8.3055183333333,115.21958333333,1.6000000238419,1,170,Bangunan,170100,Bangunan Berpenghuni,2023-07-20 12:50:37,2023-07-20 18:41:10,Ni Made Sri purwantini,https://wilkerstat.bps.go.id/api/landmark/85101078/photo,I NYOMAN SRIDANA,1,"[2, 3, 4]"
88093004,4BCDIZ,195,400,br bukian,5103060006,-8.3059163158759,115.22987111472,4.0,1,170,Bangunan,170100,Bangunan Berpenghuni,2023-07-26 15:20:58,2023-07-27 18:12:06,i komang adi darmawan,https://wilkerstat.bps.go.id/api/landmark/88093004/photo,IDA BAGUS ALIT MANUABA,1,[4]
88093029,4BCDJR,193,400,br bukian,5103060006,-8.3219737373292,115.22537648678,5.0,1,170,Bangunan,170100,Bangunan Berpenghuni,2023-07-26 12:08:46,2023-07-27 18:12:15,i komang adi darmawan,https://wilkerstat.bps.go.id/api/landmark/88093029/photo,I GUSTI PUTU TAMAN,1,"[3, 4]"
88093033,4BCDJV,194,400,br bukian,5103060006,-8.3163115102798,115.22824108601,7.5,1,170,Bangunan,170100,Bangunan Berpenghuni,2023-07-26 12:41:32,2023-07-27 18:12:16,i komang adi darmawan,https://wilkerstat.bps.go.id/api/landmark/88093033/photo,I NYOMAN WARGA,1,"[2, 3, 4]"
88093034,4BCDJW,191,400,br bukian,5103060006,-8.3198753697798,115.22990028374,8.0,1,170,Bangunan,170100,Bangunan Berpenghuni,2023-07-26 13:23:38,2023-07-27 18:12:16,i komang adi darmawan,https://wilkerstat.bps.go.id/api/landmark/88093034/photo,I NYOMAN TAMBIR,1,"[3, 4, 5]"
88093036,4BCDJY,192,400,br bukian,5103060006,-8.3103000512347,115.22869563662,8.5,1,170,Bangunan,170100,Bangunan Berpenghuni,2023-07-26 13:56:11,2023-07-27 18:12:17,i komang adi darmawan,https://wilkerstat.bps.go.id/api/landmark/88093036/photo,NI WAYAN KARNI,1,[4]
88093041,4BCDK5,202,400,br bukian,5103060006,-8.3063498698175,115.23006213829,3.0,1,170,Bangunan,170100,Bangunan Berpenghuni,2023-07-26 15:07:54,2023-07-27 18:12:17,i komang adi darmawan,https://wilkerstat.bps.go.id/api/landmark/88093041/photo,I WAYAN REMPON,1,"[3, 4]"
88093042,4BCDK7,201,400,br bukian,5103060006,-8.3063065239132,115.22993724793,3.5,1,170,Bangunan,170100,Bangunan Berpenghuni,2023-07-26 15:08:13,2023-07-27 18:12:17,i komang adi darmawan,https://wilkerstat.bps.go.id/api/landmark/88093042/photo,I MADE SIRIT,1,"[3, 4]"
88093044,4BCDK9,199,400,br bukian,5103060006,-8.306231546362,115.22959694266,8.5,1,170,Bangunan,170100,Bangunan Berpenghuni,2023-07-26 15:10:20,2023-07-27 18:12:18,i komang adi darmawan,https://wilkerstat.bps.go.id/api/landmark/88093044/photo,SUBUR,1,"[3, 4]"
88093046,4BCDKB,196,400,br bukian,5103060006,-8.3061267016456,115.22978159599,6.5,1,170,Bangunan,170100,Bangunan Berpenghuni,2023-07-26 15:10:46,2023-07-27 18:12:18,i komang adi darmawan,https://wilkerstat.bps.go.id/api/landmark/88093046/photo,KETUT SORE,1,"[3, 4]"
88093130,4BCDMT,198,400,br bukian,5103060006,-8.3061587624252,115.22976701148,4.5,1,170,Bangunan,170100,Bangunan Berpenghuni,2023-07-26 15:11:30,2023-07-27 18:12:34,i komang adi darmawan,https://wilkerstat.bps.go.id/api/landmark/88093130/photo,NYOAN MESIR,1,"[2, 3, 4]"
88093133,4BCDMW,200,400,br bukian,5103060006,-8.3062102273107,115.22976382636,3.5,1,170,Bangunan,170100,Bangunan Berpenghuni,2023-07-26 15:14:02,2023-07-27 18:12:34,i komang adi darmawan,https://wilkerstat.bps.go.id/api/landmark/88093133/photo,WAYAN MANDRA,1,"[3, 4]"
88093135,4BCDMY,197,400,br bukian,5103060006,-8.3059305232018,115.22987714969,6.0,1,170,Bangunan,170100,Bangunan Berpenghuni,2023-07-26 15:20:25,2023-07-27 18:12:34,i komang adi darmawan,https://wilkerstat.bps.go.id/api/landmark/88093135/photo,IDA BAGUS RAKA ,1,[4]
88201828,4BFEGP,180,300,BANJAR NUNGNUNG,5103060006,-8.3270651331255,115.22231575102,3.7900924682617,1,170,Bangunan,170100,Bangunan Berpenghuni,2023-07-26 18:09:27,2023-07-28 06:03:31,I MADE ANDI WIRATAMA,https://wilkerstat.bps.go.id/api/landmark/88201828/photo,I MADE SARIANA,1,[4]
88201832,4BFEGT,270,300,BANJAR NUNGNUNG,5103060006,-8.3315708198951,115.22317808121,3.7900924682617,1,170,Bangunan,170100,Bangunan Berpenghuni,2023-07-26 18:12:41,2023-07-28 06:03:35,I MADE ANDI WIRATAMA,https://wilkerstat.bps.go.id/api/landmark/88201832/photo,I WAYAN SIMPIR,1,[3]
88201835,4BFEGW,271,300,BANJAR NUNGNUNG,5103060006,-8.3315675025185,115.22320188582,4.142915725708,1,170,Bangunan,170100,Bangunan Berpenghuni,2023-07-26 18:13:18,2023-07-28 06:03:40,I MADE ANDI WIRATAMA,https://wilkerstat.bps.go.id/api/landmark/88201835/photo,I KETUT SUPARTA,1,[4]
88201844,4BFEH8,272,300,BANJAR NUNGNUNG,5103060006,-8.3315001597682,115.22330515087,3.7900924682617,1,170,Bangunan,170100,Bangunan Berpenghuni,2023-07-26 18:14:08,2023-07-28 06:03:44,I MADE ANDI WIRATAMA,https://wilkerstat.bps.go.id/api/landmark/88201844/photo,I NYOMAN BAKTIYASA,1,[4]
88201864,4BFEHS,273,300,BANJAR NUNGNUNG,5103060006,-8.3316786346181,115.22364042699,3.7900924682617,1,170,Bangunan,170100,Bangunan Berpenghuni,2023-07-26 18:18:18,2023-07-28 06:03:48,I MADE ANDI WIRATAMA,https://wilkerstat.bps.go.id/api/landmark/88201864/photo,I MADE EDI ANTARA,1,[4]
88201888,4BFEIJ,186,300,BANJAR NUNGNUNG,5103060006,-8.33170209,115.22347443,3.7900924682617,1,170,Bangunan,170100,Bangunan Berpenghuni,2023-07-26 18:18:54,2023-07-28 06:03:54,I MADE ANDI WIRATAMA,https://wilkerstat.bps.go.id/api/landmark/88201888/photo,NI NYOMAN MARDIANI,1,[4]
88201648,4BFEBA,187,200,BANJAR KIADAN,5103060006,-8.303391678123,115.21952793002,3.7630000114441,1,170,Bangunan,170100,Bangunan Berpenghuni,2023-07-26 17:48:25,2023-07-28 06:02:34,I MADE ANDI WIRATAMA,https://wilkerstat.bps.go.id/api/landmark/88201648/photo,I WAYAN SUMBERDANA,1,[4]
88201649,4BFEBB,184,200,BANJAR KIADAN,5103060006,-8.3024116534041,115.21974820644,3.7900924682617,1,170,Bangunan,170100,Bangunan Berpenghuni,2023-07-26 17:50:33,2023-07-28 06:02:34,I MADE ANDI WIRATAMA,https://wilkerstat.bps.go.id/api/landmark/88201649/photo,NI MADE BUNTER,1,[4]
88201651,4BFEBD,185,200,BANJAR KIADAN,5103060006,-8.3024093310677,115.21980889142,3.7900924682617,1,170,Bangunan,170100,Bangunan Berpenghuni,2023-07-26 17:51:09,2023-07-28 06:02:34,I MADE ANDI WIRATAMA,https://wilkerstat.bps.go.id/api/landmark/88201651/photo,NI WAYAN RAME,1,[4]
87793471,4B2ZHA,161,400,BUKIAN,5103060006,-8.3168433333333,115.22707166667,1.3999999761581,1,170,Bangunan,170100,Bangunan Berpenghuni,2023-07-26 12:29:58,2023-07-26 20:06:40,Ni Luh De Nukarimasih,https://wilkerstat.bps.go.id/api/landmark/87793471/photo,NI NYOMAN MUGLUNG,1,"[1, 2, 3, 4]"
87793473,4B2ZHC,162,400,BUKIAN,5103060006,-8.31453,115.22786833333,1.2999999523163,1,170,Bangunan,170100,Bangunan Berpenghuni,2023-07-26 12:47:59,2023-07-26 20:06:40,Ni Luh De Nukarimasih,https://wilkerstat.bps.go.id/api/landmark/87793473/photo,I KADEK SUGIANTARA,1,[4]
87793476,4B2ZHF,163,400,BUKIAN,5103060006,-8.3125033333333,115.23105666667,1.3999999761581,1,170,Bangunan,170100,Bangunan Berpenghuni,2023-07-26 13:37:42,2023-07-26 20:06:40,Ni Luh De Nukarimasih,https://wilkerstat.bps.go.id/api/landmark/87793476/photo,I KETUT WIRYA ANTARA,1,[4]
87793477,4B2ZHG,164,400,BUKIAN,5103060006,-8.3193216666667,115.22695833333,1.3999999761581,1,170,Bangunan,170100,Bangunan Berpenghuni,2023-07-26 14:11:10,2023-07-26 20:06:41,Ni Luh De Nukarimasih,https://wilkerstat.bps.go.id/api/landmark/87793477/photo,I GEDE ARTANA,1,"[2, 4]"
87793478,4B2ZHH,165,400,BUKIAN,5103060006,-8.3073033333333,115.22924666667,1.7999999523163,1,170,Bangunan,170100,Bangunan Berpenghuni,2023-07-26 14:57:17,2023-07-26 20:06:41,Ni Luh De Nukarimasih,https://wilkerstat.bps.go.id/api/landmark/87793478/photo,I WAYAN MARDANA ,1,"[1, 4]"
87793480,4B2ZHJ,173,400,BUKIAN,5103060006,-8.3074533333333,115.22984666667,1.3999999761581,1,170,Bangunan,170100,Bangunan Berpenghuni,2023-07-26 15:00:15,2023-07-26 20:06:41,Ni Luh De Nukarimasih,https://wilkerstat.bps.go.id/api/landmark/87793480/photo,I MADE LENGAR ,1,[4]
87793481,4B2ZHK,166,400,BUKIAN,5103060006,-8.30742,115.22994333333,1.5,1,170,Bangunan,170100,Bangunan Berpenghuni,2023-07-26 15:05:22,2023-07-26 20:06:41,Ni Luh De Nukarimasih,https://wilkerstat.bps.go.id/api/landmark/87793481/photo,I MADE SUARSA,1,"[1, 4]"
87793482,4B2ZHL,167,400,BUKIAN,5103060006,-8.3075033333333,115.23005,1.5,1,170,Bangunan,170100,Bangunan Berpenghuni,2023-07-26 15:05:52,2023-07-26 20:06:42,Ni Luh De Nukarimasih,https://wilkerstat.bps.go.id/api/landmark/87793482/photo,I GEDE ARTANA,1,[4]
87793483,4B2ZHM,168,400,BUKIAN,5103060006,-8.3068066666667,115.2302,1.7999999523163,1,170,Bangunan,170100,Bangunan Berpenghuni,2023-07-26 15:07:39,2023-07-26 20:06:42,Ni Luh De Nukarimasih,https://wilkerstat.bps.go.id/api/landmark/87793483/photo,I MADE ARNAYA ,1,"[1, 4]"
87793485,4B2ZHO,169,400,BUKIAN,5103060006,-8.3067816666667,115.23028833333,1.7000000476837,1,170,Bangunan,170100,Bangunan Berpenghuni,2023-07-26 15:09:13,2023-07-26 20:06:42,Ni Luh De Nukarimasih,https://wilkerstat.bps.go.id/api/landmark/87793485/photo,I MADE CENIK ,1,"[2, 3, 4]"
87793486,4B2ZHP,170,400,BUKIAN,5103060006,-8.306695,115.23005666667,1.7999999523163,1,170,Bangunan,170100,Bangunan Berpenghuni,2023-07-26 15:15:36,2023-07-26 20:06:42,Ni Luh De Nukarimasih,https://wilkerstat.bps.go.id/api/landmark/87793486/photo,I WAYAN SUANTIKA ,1,[4]
87793487,4B2ZHQ,171,400,BUKIAN,5103060006,-8.3067583333333,115.23016333333,1.7000000476837,1,170,Bangunan,170100,Bangunan Berpenghuni,2023-07-26 15:21:28,2023-07-26 20:06:43,Ni Luh De Nukarimasih,https://wilkerstat.bps.go.id/api/landmark/87793487/photo,I NYOMAN ARI DIATMIKA ,1,"[1, 2, 4]"
88629923,4BRBKB,172,400,BUKIAN,5103060006,-8.3068166666667,115.23056333333,2.4000000953674,1,170,Bangunan,170100,Bangunan Berpenghuni,2023-07-29 10:56:17,2023-07-29 17:10:28,Ni Luh De Nukarimasih,https://wilkerstat.bps.go.id/api/landmark/88629923/photo,I NYOMAN DARMA ,2,"[1, 2, 4]"
88629925,4BRBKD,174,400,BUKIAN,5103060006,-8.3066933333333,115.229615,1.2999999523163,1,170,Bangunan,170100,Bangunan Berpenghuni,2023-07-29 11:01:24,2023-07-29 17:10:28,Ni Luh De Nukarimasih,https://wilkerstat.bps.go.id/api/landmark/88629925/photo,I MADE SUKRA ,1,"[2, 4]"
88629926,4BRBKE,175,400,BUKIAN,5103060006,-8.3066533333333,115.22951833333,1.6000000238419,1,170,Bangunan,170100,Bangunan Berpenghuni,2023-07-29 11:02:15,2023-07-29 17:10:28,Ni Luh De Nukarimasih,https://wilkerstat.bps.go.id/api/landmark/88629926/photo,I NYOMAN SUDAR ,1,"[2, 3, 4]"
88629928,4BRBKG,176,400,BUKIAN,5103060006,-8.3062266666667,115.230075,1.8999999761581,1,170,Bangunan,170100,Bangunan Berpenghuni,2023-07-29 11:20:45,2023-07-29 17:10:28,Ni Luh De Nukarimasih,https://wilkerstat.bps.go.id/api/landmark/88629928/photo,I PUTU AGUS SUNARYA ,1,"[2, 4]"
88629930,4BRBKI,177,400,BUKIAN,5103060006,-8.3021716666667,115.22864166667,1.6000000238419,1,170,Bangunan,170100,Bangunan Berpenghuni,2023-07-29 11:33:50,2023-07-29 17:10:28,Ni Luh De Nukarimasih,https://wilkerstat.bps.go.id/api/landmark/88629930/photo,I MADE SEBENG ,1,"[2, 4]"
88629931,4BRBKJ,178,400,BUKIAN,5103060006,-8.3022616666667,115.229565,1.2999999523163,1,170,Bangunan,170100,Bangunan Berpenghuni,2023-07-29 12:01:28,2023-07-29 17:10:29,Ni Luh De Nukarimasih,https://wilkerstat.bps.go.id/api/landmark/88629931/photo,I WAYAN SUPARIYASA,1,"[2, 4]"
88629932,4BRBKK,179,400,BUKIAN,5103060006,-8.306855,115.22953833333,1.5,1,170,Bangunan,170100,Bangunan Berpenghuni,2023-07-29 12:14:30,2023-07-29 17:10:29,Ni Luh De Nukarimasih,https://wilkerstat.bps.go.id/api/landmark/88629932/photo,I MADE  OLOG ,1,"[2, 4]"
88629933,4BRBKL,180,400,BUKIAN,5103060006,-8.3008916666667,115.22902666667,1.2999999523163,1,170,Bangunan,170100,Bangunan Berpenghuni,2023-07-29 12:44:20,2023-07-29 17:10:29,Ni Luh De Nukarimasih,https://wilkerstat.bps.go.id/api/landmark/88629933/photo,NI WAYAN TAMPEK ,1,"[2, 4]"
88629934,4BRBKM,181,400,BUKIAN,5103060006,-8.299815,115.22845833333,1.6000000238419,1,170,Bangunan,170100,Bangunan Berpenghuni,2023-07-29 13:16:02,2023-07-29 17:10:29,Ni Luh De Nukarimasih,https://wilkerstat.bps.go.id/api/landmark/88629934/photo,I MADE SUWIRTA ,1,"[2, 4]"
88629936,4BRBKO,182,400,BUKIAN,5103060006,-8.2997716666667,115.22847,1.6000000238419,1,170,Bangunan,170100,Bangunan Berpenghuni,2023-07-29 13:23:45,2023-07-29 17:10:29,Ni Luh De Nukarimasih,https://wilkerstat.bps.go.id/api/landmark/88629936/photo,I NYOMAN SUDARTA ,1,"[2, 4]"
88629937,4BRBKP,184,400,BUKIAN,5103060006,-8.2996116666667,115.228955,1.7000000476837,1,170,Bangunan,170100,Bangunan Berpenghuni,2023-07-29 13:27:21,2023-07-29 17:10:30,Ni Luh De Nukarimasih,https://wilkerstat.bps.go.id/api/landmark/88629937/photo,DEWA MADE KALAM ,1,"[2, 4]"
88629939,4BRBKR,185,400,BUKIAN,5103060006,-8.2989466666667,115.23026333333,1.3999999761581,1,170,Bangunan,170100,Bangunan Berpenghuni,2023-07-29 13:32:02,2023-07-29 17:10:30,Ni Luh De Nukarimasih,https://wilkerstat.bps.go.id/api/landmark/88629939/photo,I KETUT YADNYA ,1,"[2, 4]"
88629941,4BRBKT,186,400,BUKIAN,5103060006,-8.2989633333333,115.23028333333,1.5,1,170,Bangunan,170100,Bangunan Berpenghuni,2023-07-29 13:32:49,2023-07-29 17:10:30,Ni Luh De Nukarimasih,https://wilkerstat.bps.go.id/api/landmark/88629941/photo,I PUTU MAHARDIKA,1,"[2, 4]"
88629944,4BRBKW,187,400,BUKIAN,5103060006,-8.298935,115.23025333333,1.5,1,170,Bangunan,170100,Bangunan Berpenghuni,2023-07-29 13:33:31,2023-07-29 17:10:30,Ni Luh De Nukarimasih,https://wilkerstat.bps.go.id/api/landmark/88629944/photo,I MADE JANUARI ,1,"[2, 4]"
88629948,4BRBL2,188,400,BUKIAN,5103060006,-8.2988766666667,115.23028166667,1.5,1,170,Bangunan,170100,Bangunan Berpenghuni,2023-07-29 13:34:02,2023-07-29 17:10:30,Ni Luh De Nukarimasih,https://wilkerstat.bps.go.id/api/landmark/88629948/photo,I NYOMAN BUDIARTA ,1,"[2, 4]"
88629952,4BRBL7,189,400,BUKIAN,5103060006,-8.299095,115.22956833333,1.2999999523163,1,170,Bangunan,170100,Bangunan Berpenghuni,2023-07-29 13:48:45,2023-07-29 17:10:31,Ni Luh De Nukarimasih,https://wilkerstat.bps.go.id/api/landmark/88629952/photo,I PUTU LINGGA ASTAWA,1,"[2, 4]"
88629955,4BRBLA,190,400,BUKIAN,5103060006,-8.3010266666667,115.22694166667,1.6000000238419,1,170,Bangunan,170100,Bangunan Berpenghuni,2023-07-29 13:52:53,2023-07-29 17:10:31,Ni Luh De Nukarimasih,https://wilkerstat.bps.go.id/api/landmark/88629955/photo,I MADE SUYADNYA ,1,"[2, 4]"
89367899,4CET98,183,400,BUKIAN,5103060006,-8.2992133333333,115.22879833333,1.7000000476837,1,170,Bangunan,170100,Bangunan Berpenghuni,2023-08-06 09:27:47,2023-08-06 09:09:27,Ni Luh De Nukarimasih,https://wilkerstat.bps.go.id/api/landmark/89367899/photo,NI NYOMAN DABLEG ,1,[4]
87845704,4B4HG3,189,200,KIADAN,5103060006,-8.3081616666667,115.22044166667,1.3999999761581,1,170,Bangunan,170100,Bangunan Berpenghuni,2023-07-26 17:49:12,2023-07-26 22:35:55,Ni Luh De Nukarimasih,https://wilkerstat.bps.go.id/api/landmark/87845704/photo,I MADE ARTANA YASA,1,[4]
87845705,4B4HG4,190,200,KIADAN,5103060006,-8.2979733333333,115.22171166667,1.7999999523163,1,170,Bangunan,170100,Bangunan Berpenghuni,2023-07-26 18:35:34,2023-07-26 22:35:55,Ni Luh De Nukarimasih,https://wilkerstat.bps.go.id/api/landmark/87845705/photo,I NYOMAN SUPARNA ,1,[4]
87851577,4B4MT2,183,200,BR KIADAN,5103060006,-8.3040136657655,115.21989229135,6.5,1,170,Bangunan,170100,Bangunan Berpenghuni,2023-07-26 17:44:11,2023-07-26 23:02:28,i komang adi darmawan,https://wilkerstat.bps.go.id/api/landmark/87851577/photo,NI KETUT ADA,1,[4]
87851579,4B4MT4,181,200,BR KIADAN,5103060006,-8.3035695087165,115.21974820644,4.5,1,170,Bangunan,170100,Bangunan Berpenghuni,2023-07-26 17:50:51,2023-07-26 23:02:29,i komang adi darmawan,https://wilkerstat.bps.go.id/api/landmark/87851579/photo,I MADE SUDI ,1,[4]
88080233,4BBYRZ,295,300,BR NUNGNUNG,5103060006,-8.3317561307922,115.2234317176,3.5,1,170,Bangunan,170100,Bangunan Berpenghuni,2023-07-26 18:12:36,2023-07-27 17:37:04,i komang adi darmawan,https://wilkerstat.bps.go.id/api/landmark/88080233/photo,I MADE RAI SUADNYA,1,[4]
88080236,4BBYS4,297,300,BR NUNGNUNG,5103060006,-8.331617263164,115.2234479785,8.0,1,170,Bangunan,170100,Bangunan Berpenghuni,2023-07-26 18:13:51,2023-07-27 17:37:05,i komang adi darmawan,https://wilkerstat.bps.go.id/api/landmark/88080236/photo,I WAYAN DARTA,1,[4]
88080238,4BBYS7,296,300,BR NUNGNUNG,5103060006,-8.3209457807243,115.22085143253,5.0,1,170,Bangunan,170100,Bangunan Berpenghuni,2023-07-26 18:24:24,2023-07-27 17:37:05,i komang adi darmawan,https://wilkerstat.bps.go.id/api/landmark/88080238/photo,I GUSTI NGURAH WARTA,1,[4]
88330332,4BIXGR,275,300,nungnung,5103060006,-8.3255833333333,115.22193333333,1.2999999523163,1,170,Bangunan,170100,Bangunan Berpenghuni,2023-07-26 18:11:01,2023-07-28 14:53:21,Ni Luh De Nukarimasih,https://wilkerstat.bps.go.id/api/landmark/88330332/photo,I NYOMAN MURNAWAN,1,[4]
88330335,4BIXGU,292,300,nungnung,5103060006,-8.3257066666667,115.22205833333,1.5,1,170,Bangunan,170100,Bangunan Berpenghuni,2023-07-26 18:12:15,2023-07-28 14:53:21,Ni Luh De Nukarimasih,https://wilkerstat.bps.go.id/api/landmark/88330335/photo,I GEDE APEL ADI KERTAYASA,1,[4]
88330337,4BIXGW,289,300,nungnung,5103060006,-8.3264833333333,115.22239666667,1.5,1,170,Bangunan,170100,Bangunan Berpenghuni,2023-07-26 18:13:33,2023-07-28 14:53:22,Ni Luh De Nukarimasih,https://wilkerstat.bps.go.id/api/landmark/88330337/photo,I GUSTI PUTU WARDIKA,1,[4]
88330340,4BIXGZ,288,300,nungnung,5103060006,-8.32822,115.22253166667,1.3999999761581,1,170,Bangunan,170100,Bangunan Berpenghuni,2023-07-26 18:16:12,2023-07-28 14:53:22,Ni Luh De Nukarimasih,https://wilkerstat.bps.go.id/api/landmark/88330340/photo,I NYOMAN SUDIARTA ,1,[4]
88330343,4BIXH4,287,300,nungnung,5103060006,-8.3282333333333,115.22236833333,1.5,1,170,Bangunan,170100,Bangunan Berpenghuni,2023-07-26 18:16:47,2023-07-28 14:53:22,Ni Luh De Nukarimasih,https://wilkerstat.bps.go.id/api/landmark/88330343/photo,I MADE WINARTA,1,[4]
88330347,4BIXH9,283,300,nungnung,5103060006,-8.330105,115.22345,1.2999999523163,1,170,Bangunan,170100,Bangunan Berpenghuni,2023-07-26 18:19:12,2023-07-28 14:53:22,Ni Luh De Nukarimasih,https://wilkerstat.bps.go.id/api/landmark/88330347/photo,I KETUT GEDE ARSANA,2,"[2, 3, 4]"
88330351,4BIXHD,277,300,nungnung,5103060006,-8.3303983333333,115.22344333333,1.5,1,170,Bangunan,170100,Bangunan Berpenghuni,2023-07-26 18:21:25,2023-07-28 14:53:23,Ni Luh De Nukarimasih,https://wilkerstat.bps.go.id/api/landmark/88330351/photo,SANG MADE DWI AKSAMA,1,[4]
88330353,4BIXHF,290,300,nungnung,5103060006,-8.3309016666667,115.22386833333,1.6000000238419,1,170,Bangunan,170100,Bangunan Berpenghuni,2023-07-26 18:22:24,2023-07-28 14:53:23,Ni Luh De Nukarimasih,https://wilkerstat.bps.go.id/api/landmark/88330353/photo,NI NYOMAN SUMAWATI ,1,[4]
88330356,4BIXHI,281,300,nungnung,5103060006,-8.3309016666667,115.22387,1.2999999523163,1,170,Bangunan,170100,Bangunan Berpenghuni,2023-07-26 18:22:51,2023-07-28 14:53:23,Ni Luh De Nukarimasih,https://wilkerstat.bps.go.id/api/landmark/88330356/photo,NI WAYAN WIDIASIH,1,[4]
88330358,4BIXHK,285,300,nungnung,5103060006,-8.3306866666667,115.2234,1.6000000238419,1,170,Bangunan,170100,Bangunan Berpenghuni,2023-07-26 18:23:44,2023-07-28 14:53:23,Ni Luh De Nukarimasih,https://wilkerstat.bps.go.id/api/landmark/88330358/photo,MADE ARSANA,1,[4]
88330361,4BIXHN,280,300,nungnung,5103060006,-8.33039,115.22340833333,1.3999999761581,1,170,Bangunan,170100,Bangunan Berpenghuni,2023-07-26 18:24:11,2023-07-28 14:53:24,Ni Luh De Nukarimasih,https://wilkerstat.bps.go.id/api/landmark/88330361/photo,I NYOMAN KONDRA,1,[4]
88330362,4BIXHO,279,300,nungnung,5103060006,-8.3294066666667,115.223105,1.6000000238419,1,170,Bangunan,170100,Bangunan Berpenghuni,2023-07-26 18:25:14,2023-07-28 14:53:24,Ni Luh De Nukarimasih,https://wilkerstat.bps.go.id/api/landmark/88330362/photo,I KOMANG ARNAWA,1,[4]
88330367,4BIXHT,276,300,nungnung,5103060006,-8.3255366666667,115.22190166667,1.6000000238419,1,170,Bangunan,170100,Bangunan Berpenghuni,2023-07-26 18:26:46,2023-07-28 14:53:24,Ni Luh De Nukarimasih,https://wilkerstat.bps.go.id/api/landmark/88330367/photo,I KETUT SIMPIN ,1,[4]
88330368,4BIXHU,293,300,nungnung,5103060006,-8.3249566666667,115.22163166667,1.5,1,170,Bangunan,170100,Bangunan Berpenghuni,2023-07-26 18:27:28,2023-07-28 14:53:24,Ni Luh De Nukarimasih,https://wilkerstat.bps.go.id/api/landmark/88330368/photo,I NYOMAN SUARNA ,2,[4]
88330370,4BIXHW,278,300,nungnung,5103060006,-8.324665,115.2215,1.7000000476837,1,170,Bangunan,170100,Bangunan Berpenghuni,2023-07-26 18:28:00,2023-07-28 14:53:24,Ni Luh De Nukarimasih,https://wilkerstat.bps.go.id/api/landmark/88330370/photo,I KOMANG SUMAWAN ,1,[4]
88330373,4BIXHZ,284,300,nungnung,5103060006,-8.32454,115.221445,1.3999999761581,1,170,Bangunan,170100,Bangunan Berpenghuni,2023-07-26 18:28:28,2023-07-28 14:53:25,Ni Luh De Nukarimasih,https://wilkerstat.bps.go.id/api/landmark/88330373/photo,NYOMAN OKA SUDANA,1,[4]
88330376,4BIXI4,294,300,nungnung,5103060006,-8.3224483333333,115.22091166667,1.5,1,170,Bangunan,170100,Bangunan Berpenghuni,2023-07-26 18:29:27,2023-07-28 14:53:25,Ni Luh De Nukarimasih,https://wilkerstat.bps.go.id/api/landmark/88330376/photo,I MADE RENTEJA,1,"[1, 4]"
88330379,4BIXI8,282,300,nungnung,5103060006,-8.3221916666667,115.2209,1.5,1,170,Bangunan,170100,Bangunan Berpenghuni,2023-07-26 18:29:58,2023-07-28 14:53:25,Ni Luh De Nukarimasih,https://wilkerstat.bps.go.id/api/landmark/88330379/photo,WAYAN DARNATA,1,"[1, 4]"
88330383,4BIXIC,274,300,nungnung,5103060006,-8.3213383333333,115.220845,1.6000000238419,1,170,Bangunan,170100,Bangunan Berpenghuni,2023-07-26 18:30:36,2023-07-28 14:53:25,Ni Luh De Nukarimasih,https://wilkerstat.bps.go.id/api/landmark/88330383/photo,MADE EKA SAPUTRA,1,[4]
89367882,4CET8O,286,300,nungnung,5103060006,-8.3208433333333,115.22087,1.7000000476837,1,170,Bangunan,170100,Bangunan Berpenghuni,2023-08-06 09:34:42,2023-08-06 09:03:20,Ni Luh De Nukarimasih,https://wilkerstat.bps.go.id/api/landmark/89367882/photo,I MADE SURA ,1,"[2, 3, 4]"
89367887,4CET8T,291,300,nungnung,5103060006,-8.3214,115.22092,1.3999999761581,1,170,Bangunan,170100,Bangunan Berpenghuni,2023-08-06 09:35:30,2023-08-06 09:03:54,Ni Luh De Nukarimasih,https://wilkerstat.bps.go.id/api/landmark/89367887/photo,I MADE KARMA ,1,[4]
89367888,4CET8U,298,300,nungnung,5103060006,-8.3202933333333,115.22085166667,1.2999999523163,1,170,Bangunan,170100,Bangunan Berpenghuni,2023-08-06 09:33:56,2023-08-06 09:04:36,Ni Luh De Nukarimasih,https://wilkerstat.bps.go.id/api/landmark/89367888/photo,I MADE TERIMA ,1,[3]
88459842,4BMKEC,204,400,BANJAR BUKIAN,5103060006,-8.3068733333333,115.229925,1.5,1,170,Bangunan,170100,Bangunan Berpenghuni,2023-07-28 11:21:29,2023-07-28 22:33:39,I Made Putrana Jaya,https://wilkerstat.bps.go.id/api/landmark/88459842/photo,I NYOMAN SINDRA,2,"[1, 2, 4]"
88459843,4BMKED,205,400,BANJAR BUKIAN,5103060006,-8.3059183333333,115.22966333333,1.7000000476837,1,170,Bangunan,170100,Bangunan Berpenghuni,2023-07-28 11:44:33,2023-07-28 22:33:40,I Made Putrana Jaya,https://wilkerstat.bps.go.id/api/landmark/88459843/photo,I WAYAN MURJA,1,"[1, 2, 4, 5]"
88459845,4BMKEF,206,400,BANJAR BUKIAN,5103060006,-8.3064433333333,115.230435,2.2000000476837,1,170,Bangunan,170100,Bangunan Berpenghuni,2023-07-28 12:06:19,2023-07-28 22:33:40,I Made Putrana Jaya,https://wilkerstat.bps.go.id/api/landmark/88459845/photo,I MADE SANDI,2,"[1, 2, 4]"
88459846,4BMKEG,207,400,BANJAR BUKIAN,5103060006,-8.3062733333333,115.23041333333,1.8999999761581,1,170,Bangunan,170100,Bangunan Berpenghuni,2023-07-28 12:26:06,2023-07-28 22:33:40,I Made Putrana Jaya,https://wilkerstat.bps.go.id/api/landmark/88459846/photo,I KETUT KOCONG,1,"[2, 3, 4]"
88459847,4BMKEH,208,400,BANJAR BUKIAN,5103060006,-8.3028316666667,115.23134833333,1.8999999761581,1,170,Bangunan,170100,Bangunan Berpenghuni,2023-07-28 14:50:47,2023-07-28 22:33:40,I Made Putrana Jaya,https://wilkerstat.bps.go.id/api/landmark/88459847/photo,I PUTU PANDE SUDANA,1,"[2, 4]"
88459848,4BMKEI,209,400,BANJAR BUKIAN,5103060006,-8.306055,115.23064166667,1.8999999761581,1,170,Bangunan,170100,Bangunan Berpenghuni,2023-07-28 16:28:55,2023-07-28 22:33:41,I Made Putrana Jaya,https://wilkerstat.bps.go.id/api/landmark/88459848/photo,I WAYAN WEDI,1,"[2, 4]"
88459849,4BMKEJ,210,400,BANJAR BUKIAN,5103060006,-8.2988783333333,115.23028333333,2.4000000953674,1,170,Bangunan,170100,Bangunan Berpenghuni,2023-07-28 17:41:02,2023-07-28 22:33:41,I Made Putrana Jaya,https://wilkerstat.bps.go.id/api/landmark/88459849/photo,I KETUT KAYUN,1,[2]
88459850,4BMKEK,211,400,BANJAR BUKIAN,5103060006,-8.3006116666667,115.23069,1.7999999523163,1,170,Bangunan,170100,Bangunan Berpenghuni,2023-07-28 18:04:18,2023-07-28 22:33:41,I Made Putrana Jaya,https://wilkerstat.bps.go.id/api/landmark/88459850/photo,NI KETUT BULAT,1,"[2, 4]"
88459852,4BMKEM,212,400,BANJAR BUKIAN,5103060006,-8.3064666666667,115.229845,1.7000000476837,1,170,Bangunan,170100,Bangunan Berpenghuni,2023-07-28 18:38:17,2023-07-28 22:33:42,I Made Putrana Jaya,https://wilkerstat.bps.go.id/api/landmark/88459852/photo,DEWA KETUT YASA,1,"[1, 2, 3, 4]"
88459853,4BMKEN,213,400,BANJAR BUKIAN,5103060006,-8.306495,115.22989,1.6000000238419,1,170,Bangunan,170100,Bangunan Berpenghuni,2023-07-28 18:45:44,2023-07-28 22:33:42,I Made Putrana Jaya,https://wilkerstat.bps.go.id/api/landmark/88459853/photo,DEWA NYOMAN TEGEG,1,"[1, 3, 4]"
88459854,4BMKEO,214,400,BANJAR BUKIAN,5103060006,-8.3059033333333,115.230405,2.0,1,170,Bangunan,170100,Bangunan Berpenghuni,2023-07-28 19:13:57,2023-07-28 22:33:42,I Made Putrana Jaya,https://wilkerstat.bps.go.id/api/landmark/88459854/photo,NI WAYAN JANUATI,1,[4]
